id_cliente,idade,meses_contrato,tipo_contrato,pagamento,internet,streaming,mensalidade,chamados_suporte,atrasos_pagamento,cancelou
C00001,46.0,14.0,anual,cartao,fibra,nao,105.31,1.0,1,0
C00002,28.0,8.0,bianual,pix,fibra,nao,107.04,1.0,2,0
C00003,,23.0,anual,pix,fibra,nao,82.06,1.0,0,0
C00004,54.0,7.0,bianual,boleto,dsl,sim,121.85,1.0,0,1
C00005,18.0,36.0,anual,debito_automatico,fibra,nao,130.97,1.0,1,0
C00006,25.0,3.0,mensal,debito_automatico,fibra,nao,136.28,2.0,0,1
C00007,44.0,18.0,mensal,debito_automatico,fibra,nao,103.46,3.0,0,1
C00008,38.0,12.0,mensal,pix,fibra,sim,161.6,1.0,1,0
C00009,42.0,11.0,mensal,cartao,dsl,nao,79.99,2.0,0,0
C00010,31.0,38.0,bianual,boleto,fibra,nao,131.06,4.0,0,0
C00011,53.0,45.0,mensal,cartao,fibra,sim,145.23,1.0,0,1
C00012,52.0,5.0,anual,pix,sem_internet,sim,74.96,1.0,0,0
C00013,43.0,15.0,mensal,cartao,fibra,sim,131.7,2.0,2,1
C00014,57.0,1.0,mensal,boleto,fibra,nao,109.25,3.0,1,1
C00015,,37.0,bianual,cartao,dsl,nao,80.05,0.0,1,0
C00016,31.0,17.0,mensal,debito_automatico,dsl,sim,117.61,2.0,0,0
C00017,47.0,3.0,anual,boleto,sem_internet,sim,54.71,1.0,0,1
C00018,,8.0,mensal,cartao,sem_internet,nao,37.33,1.0,0,0
C00019,53.0,5.0,mensal,boleto,dsl,nao,82.4,0.0,2,1
C00020,41.0,7.0,mensal,cartao,fibra,nao,141.12,0.0,2,1
C00021,40.0,1.0,anual,boleto,fibra,sim,142.32,5.0,0,1
C00022,33.0,54.0,mensal,boleto,fibra,nao,127.35,1.0,0,1
C00023,58.0,6.0,bianual,debito_automatico,dsl,nao,71.58,2.0,1,0
C00024,40.0,18.0,anual,boleto,sem_internet,sim,73.31,0.0,4,0
C00025,36.0,27.0,mensal,boleto,fibra,nao,106.84,1.0,2,1
C00026,37.0,45.0,mensal,debito_automatico,sem_internet,sim,64.33,1.0,0,0
C00027,49.0,19.0,mensal,boleto,dsl,sim,107.88,2.0,1,1
C00028,47.0,14.0,anual,boleto,fibra,nao,135.72,2.0,0,1
C00029,47.0,19.0,mensal,cartao,sem_internet,nao,33.68,1.0,0,0
C00030,48.0,5.0,mensal,cartao,dsl,sim,101.34,1.0,1,0
C00031,70.0,6.0,mensal,cartao,fibra,sim,158.14,3.0,0,1
C00032,37.0,13.0,mensal,pix,fibra,sim,155.08,,0,0
C00033,35.0,1.0,anual,cartao,fibra,nao,118.98,1.0,0,0
C00034,31.0,9.0,mensal,debito_automatico,fibra,sim,158.81,1.0,1,0
C00035,50.0,11.0,mensal,pix,dsl,nao,64.86,0.0,0,0
C00036,57.0,72.0,mensal,cartao,sem_internet,sim,66.52,1.0,0,0
C00037,41.0,50.0,anual,pix,dsl,nao,94.79,0.0,0,0
C00038,31.0,26.0,anual,cartao,dsl,nao,77.81,0.0,1,0
C00039,31.0,37.0,mensal,debito_automatico,dsl,sim,123.95,4.0,1,0
C00040,50.0,6.0,mensal,pix,fibra,nao,138.36,0.0,1,1
C00041,52.0,20.0,anual,boleto,dsl,nao,92.69,2.0,0,0
C00042,49.0,34.0,mensal,pix,dsl,sim,94.45,1.0,0,0
C00043,33.0,6.0,anual,cartao,fibra,nao,118.25,2.0,0,0
C00044,45.0,24.0,mensal,debito_automatico,fibra,nao,135.61,4.0,0,1
C00045,44.0,3.0,mensal,cartao,dsl,nao,87.84,3.0,2,0
C00046,45.0,29.0,mensal,cartao,sem_internet,nao,47.76,1.0,0,0
C00047,53.0,44.0,mensal,boleto,sem_internet,sim,55.41,2.0,0,0
C00048,45.0,6.0,anual,pix,fibra,sim,145.75,1.0,1,0
C00049,51.0,7.0,mensal,debito_automatico,dsl,nao,81.04,2.0,0,1
C00050,43.0,43.0,mensal,pix,fibra,nao,98.61,0.0,1,0
C00051,46.0,19.0,mensal,cartao,sem_internet,nao,56.9,1.0,1,1
C00052,50.0,39.0,mensal,cartao,dsl,nao,78.24,1.0,1,0
C00053,23.0,14.0,anual,cartao,sem_internet,sim,50.31,0.0,1,0
C00054,38.0,15.0,anual,boleto,sem_internet,sim,71.5,0.0,0,0
C00055,36.0,18.0,bianual,cartao,fibra,nao,115.71,2.0,1,0
C00056,34.0,65.0,mensal,pix,sem_internet,sim,78.05,1.0,0,0
C00057,38.0,36.0,mensal,pix,dsl,nao,101.29,0.0,0,0
C00058,61.0,8.0,mensal,cartao,fibra,sim,163.68,0.0,0,1
C00059,31.0,21.0,bianual,cartao,fibra,sim,134.52,2.0,2,1
C00060,55.0,13.0,mensal,debito_automatico,dsl,sim,92.66,4.0,0,0
C00061,20.0,11.0,mensal,debito_automatico,fibra,nao,116.0,2.0,0,1
C00062,38.0,28.0,anual,debito_automatico,fibra,sim,156.89,1.0,1,0
C00063,,23.0,mensal,cartao,dsl,nao,94.89,3.0,0,0
C00064,50.0,6.0,mensal,boleto,fibra,nao,145.95,1.0,0,0
C00065,51.0,18.0,mensal,boleto,fibra,sim,181.76,1.0,2,1
C00066,52.0,10.0,anual,pix,dsl,nao,73.36,0.0,3,0
C00067,37.0,26.0,anual,debito_automatico,fibra,sim,169.02,,0,0
C00068,36.0,10.0,mensal,pix,dsl,nao,86.38,0.0,0,0
C00069,53.0,15.0,anual,cartao,fibra,nao,103.64,7.0,1,1
C00070,40.0,11.0,mensal,cartao,sem_internet,nao,20.0,0.0,0,0
C00071,25.0,63.0,mensal,cartao,fibra,nao,122.16,1.0,1,0
C00072,27.0,18.0,bianual,pix,dsl,sim,92.57,3.0,1,0
C00073,30.0,64.0,anual,cartao,dsl,nao,67.23,1.0,2,0
C00074,48.0,19.0,bianual,debito_automatico,sem_internet,nao,34.73,2.0,0,0
C00075,44.0,32.0,anual,boleto,dsl,nao,83.28,1.0,1,0
C00076,51.0,9.0,mensal,boleto,fibra,sim,174.21,,3,1
C00077,36.0,9.0,mensal,boleto,fibra,sim,155.19,3.0,2,0
C00078,44.0,17.0,mensal,cartao,dsl,nao,71.92,1.0,0,0
C00079,50.0,64.0,mensal,pix,dsl,nao,48.97,0.0,0,0
C00080,38.0,6.0,mensal,pix,dsl,sim,121.88,,3,1
C00081,48.0,1.0,mensal,debito_automatico,fibra,nao,120.43,4.0,2,1
C00082,33.0,42.0,mensal,cartao,dsl,nao,71.75,1.0,0,1
C00083,37.0,34.0,bianual,pix,fibra,sim,172.49,2.0,1,0
C00084,37.0,12.0,mensal,boleto,dsl,nao,62.14,1.0,2,0
C00085,26.0,72.0,mensal,pix,dsl,nao,69.73,0.0,0,0
C00086,48.0,72.0,anual,pix,fibra,nao,116.32,0.0,0,0
C00087,36.0,2.0,anual,cartao,dsl,nao,71.57,1.0,1,0
C00088,42.0,9.0,mensal,boleto,fibra,sim,163.26,5.0,2,1
C00089,48.0,17.0,anual,boleto,dsl,nao,86.96,2.0,2,0
C00090,48.0,26.0,anual,cartao,dsl,nao,95.76,0.0,1,0
C00091,51.0,22.0,bianual,pix,fibra,nao,127.53,1.0,0,0
C00092,41.0,18.0,mensal,debito_automatico,fibra,sim,153.27,1.0,2,1
C00093,36.0,5.0,mensal,cartao,dsl,nao,74.9,0.0,0,0
C00094,41.0,29.0,anual,cartao,dsl,nao,86.83,1.0,1,0
C00095,20.0,30.0,mensal,pix,fibra,nao,117.15,1.0,1,1
C00096,23.0,40.0,anual,cartao,fibra,sim,155.71,3.0,0,1
C00097,25.0,4.0,anual,boleto,fibra,nao,127.65,1.0,1,0
C00098,29.0,15.0,anual,debito_automatico,dsl,sim,117.08,1.0,1,0
C00099,47.0,11.0,bianual,cartao,fibra,nao,124.63,1.0,0,1
C00100,30.0,4.0,anual,cartao,dsl,sim,103.14,5.0,1,1
C00101,37.0,14.0,bianual,cartao,dsl,nao,100.25,2.0,1,0
C00102,59.0,6.0,anual,boleto,dsl,nao,63.4,1.0,3,0
C00103,37.0,3.0,mensal,pix,sem_internet,nao,51.59,0.0,0,0
C00104,52.0,34.0,anual,pix,fibra,nao,112.71,3.0,0,0
C00105,30.0,11.0,anual,pix,dsl,sim,131.24,1.0,0,0
C00106,39.0,8.0,bianual,pix,dsl,sim,128.26,1.0,0,0
C00107,30.0,48.0,mensal,cartao,dsl,sim,114.97,1.0,1,1
C00108,38.0,31.0,mensal,cartao,dsl,nao,103.32,2.0,1,1
C00109,53.0,1.0,bianual,debito_automatico,fibra,nao,117.19,2.0,0,1
C00110,20.0,26.0,mensal,boleto,sem_internet,sim,93.23,0.0,0,0
C00111,48.0,26.0,anual,pix,fibra,nao,109.11,1.0,1,1
C00112,45.0,14.0,mensal,boleto,sem_internet,sim,86.07,2.0,0,0
C00113,34.0,13.0,mensal,cartao,fibra,sim,141.01,1.0,0,1
C00114,23.0,2.0,mensal,debito_automatico,fibra,nao,120.29,0.0,0,0
C00115,43.0,72.0,bianual,pix,sem_internet,nao,44.23,1.0,0,0
C00116,35.0,14.0,mensal,debito_automatico,dsl,nao,93.18,1.0,0,0
C00117,45.0,25.0,anual,debito_automatico,dsl,nao,69.94,0.0,1,0
C00118,42.0,15.0,anual,cartao,fibra,nao,166.1,3.0,0,0
C00119,63.0,8.0,anual,debito_automatico,fibra,sim,134.27,3.0,1,0
C00120,39.0,37.0,mensal,debito_automatico,fibra,sim,158.49,3.0,0,0
C00121,29.0,21.0,mensal,cartao,dsl,nao,84.32,3.0,1,1
C00122,44.0,14.0,bianual,pix,fibra,nao,128.07,3.0,1,0
C00123,45.0,24.0,mensal,boleto,fibra,sim,147.27,,1,0
C00124,60.0,16.0,mensal,cartao,fibra,sim,158.63,2.0,1,1
C00125,53.0,68.0,bianual,pix,sem_internet,sim,71.53,3.0,1,0
C00126,47.0,36.0,mensal,cartao,dsl,nao,108.1,1.0,0,0
C00127,61.0,28.0,mensal,debito_automatico,fibra,nao,110.47,0.0,0,1
C00128,27.0,3.0,bianual,cartao,sem_internet,nao,42.78,0.0,0,0
C00129,34.0,29.0,mensal,pix,fibra,nao,110.05,2.0,0,0
C00130,30.0,28.0,mensal,boleto,fibra,nao,108.0,2.0,3,1
C00131,37.0,6.0,mensal,cartao,fibra,sim,133.98,3.0,0,1
C00132,24.0,2.0,anual,pix,sem_internet,sim,90.08,1.0,0,0
C00133,50.0,34.0,bianual,debito_automatico,fibra,sim,144.91,1.0,1,0
C00134,39.0,38.0,anual,cartao,fibra,sim,143.04,0.0,1,0
C00135,23.0,9.0,bianual,cartao,sem_internet,nao,30.55,1.0,0,0
C00136,29.0,9.0,mensal,cartao,dsl,nao,84.57,2.0,1,0
C00137,46.0,20.0,anual,pix,dsl,sim,115.33,1.0,0,0
C00138,53.0,11.0,mensal,debito_automatico,dsl,nao,80.39,1.0,0,0
C00139,68.0,2.0,bianual,pix,dsl,nao,68.58,0.0,0,0
C00140,,6.0,bianual,pix,fibra,nao,126.53,3.0,1,0
C00141,47.0,24.0,mensal,cartao,dsl,sim,105.06,1.0,1,0
C00142,29.0,6.0,bianual,debito_automatico,fibra,sim,156.05,1.0,0,0
C00143,18.0,40.0,anual,debito_automatico,fibra,sim,152.9,0.0,1,0
C00144,45.0,28.0,mensal,pix,sem_internet,nao,20.0,0.0,0,0
C00145,31.0,25.0,anual,debito_automatico,fibra,nao,150.43,3.0,0,1
C00146,37.0,20.0,bianual,boleto,fibra,nao,128.62,0.0,1,0
C00147,34.0,8.0,mensal,pix,fibra,nao,122.7,2.0,0,0
C00148,40.0,31.0,mensal,debito_automatico,dsl,sim,120.07,0.0,3,0
C00149,56.0,8.0,bianual,pix,sem_internet,sim,110.78,3.0,2,0
C00150,44.0,42.0,mensal,cartao,fibra,sim,172.05,1.0,0,0
C00151,40.0,60.0,mensal,cartao,fibra,nao,125.23,,0,0
C00152,29.0,21.0,anual,debito_automatico,dsl,nao,69.38,0.0,1,0
C00153,20.0,54.0,anual,pix,dsl,sim,106.74,1.0,0,0
C00154,36.0,6.0,mensal,boleto,fibra,sim,127.95,2.0,0,1
C00155,41.0,28.0,mensal,cartao,fibra,nao,114.48,2.0,1,1
C00156,65.0,18.0,bianual,pix,dsl,nao,89.93,0.0,1,0
C00157,44.0,35.0,mensal,pix,fibra,sim,164.5,2.0,1,1
C00158,55.0,1.0,anual,boleto,dsl,nao,89.24,0.0,0,0
C00159,36.0,33.0,bianual,cartao,fibra,sim,147.27,3.0,1,0
C00160,27.0,9.0,mensal,cartao,dsl,sim,123.27,0.0,0,0
C00161,29.0,19.0,bianual,boleto,dsl,sim,127.36,1.0,1,0
C00162,33.0,72.0,anual,boleto,dsl,nao,46.6,2.0,0,0
C00163,70.0,29.0,bianual,cartao,dsl,nao,84.57,0.0,0,0
C00164,31.0,26.0,mensal,debito_automatico,fibra,nao,151.22,0.0,0,1
C00165,53.0,24.0,mensal,cartao,fibra,sim,150.63,2.0,3,1
C00166,30.0,45.0,anual,cartao,dsl,nao,42.17,2.0,0,0
C00167,54.0,36.0,bianual,pix,dsl,sim,102.81,2.0,0,0
C00168,47.0,24.0,bianual,cartao,dsl,sim,87.78,0.0,0,0
C00169,40.0,22.0,mensal,pix,fibra,nao,110.48,2.0,1,0
C00170,41.0,20.0,mensal,cartao,dsl,nao,61.64,1.0,0,1
C00171,33.0,17.0,mensal,pix,fibra,sim,168.96,1.0,0,1
C00172,48.0,4.0,anual,pix,fibra,sim,166.68,3.0,1,1
C00173,36.0,29.0,bianual,cartao,fibra,sim,160.14,1.0,0,0
C00174,26.0,10.0,anual,debito_automatico,sem_internet,nao,63.39,0.0,1,0
C00175,25.0,15.0,mensal,debito_automatico,dsl,nao,71.52,1.0,0,0
C00176,44.0,38.0,bianual,cartao,fibra,nao,121.1,1.0,1,0
C00177,63.0,17.0,mensal,pix,dsl,sim,147.92,0.0,0,0
C00178,44.0,16.0,mensal,cartao,fibra,sim,163.78,,1,1
C00179,40.0,21.0,anual,cartao,fibra,sim,163.74,3.0,1,0
C00180,46.0,13.0,mensal,pix,fibra,sim,143.49,1.0,0,1
C00181,59.0,72.0,anual,boleto,fibra,nao,113.75,0.0,1,0
C00182,45.0,72.0,anual,boleto,fibra,sim,139.96,1.0,0,0
C00183,37.0,71.0,mensal,boleto,fibra,sim,180.21,0.0,0,1
C00184,56.0,24.0,mensal,pix,dsl,sim,91.63,0.0,0,0
C00185,48.0,9.0,mensal,boleto,dsl,sim,128.71,1.0,1,1
C00186,62.0,39.0,anual,boleto,sem_internet,nao,53.72,1.0,0,0
C00187,44.0,13.0,mensal,debito_automatico,fibra,nao,95.95,5.0,0,1
C00188,26.0,42.0,mensal,pix,dsl,nao,97.14,2.0,0,0
C00189,24.0,9.0,mensal,cartao,fibra,sim,151.12,2.0,0,0
C00190,63.0,26.0,anual,pix,fibra,nao,100.19,1.0,0,1
C00191,64.0,47.0,mensal,boleto,dsl,nao,85.47,1.0,1,0
C00192,40.0,14.0,mensal,debito_automatico,fibra,nao,107.66,2.0,1,1
C00193,37.0,14.0,mensal,debito_automatico,dsl,sim,111.93,2.0,1,1
C00194,61.0,3.0,mensal,cartao,dsl,sim,107.41,1.0,0,1
C00195,28.0,9.0,mensal,pix,fibra,sim,141.81,0.0,0,0
C00196,30.0,24.0,mensal,debito_automatico,sem_internet,sim,62.17,1.0,0,0
C00197,50.0,27.0,anual,boleto,fibra,nao,131.95,1.0,1,0
C00198,37.0,30.0,mensal,boleto,sem_internet,nao,49.87,0.0,0,0
C00199,42.0,1.0,mensal,boleto,dsl,sim,118.91,1.0,1,1
C00200,40.0,13.0,bianual,pix,fibra,nao,114.54,1.0,0,0
C00201,46.0,3.0,mensal,cartao,fibra,sim,155.77,4.0,1,1
C00202,60.0,23.0,mensal,pix,fibra,sim,143.96,3.0,0,0
C00203,43.0,2.0,mensal,boleto,dsl,nao,68.7,0.0,2,0
C00204,50.0,5.0,mensal,pix,fibra,sim,180.65,1.0,0,1
C00205,,35.0,mensal,pix,dsl,nao,93.27,,0,0
C00206,41.0,10.0,bianual,boleto,fibra,nao,111.58,0.0,2,0
C00207,31.0,54.0,mensal,boleto,sem_internet,sim,57.56,0.0,1,0
C00208,26.0,31.0,anual,pix,fibra,sim,129.48,0.0,0,0
C00209,31.0,14.0,bianual,boleto,dsl,sim,105.49,0.0,3,1
C00210,38.0,40.0,mensal,cartao,dsl,nao,81.62,2.0,1,1
C00211,54.0,15.0,anual,pix,fibra,sim,156.78,1.0,0,1
C00212,25.0,34.0,mensal,pix,fibra,nao,122.22,3.0,1,0
C00213,42.0,9.0,mensal,pix,dsl,sim,120.01,0.0,0,0
C00214,36.0,42.0,bianual,pix,dsl,nao,64.42,1.0,0,0
C00215,38.0,2.0,mensal,debito_automatico,dsl,sim,137.62,1.0,1,0
C00216,55.0,5.0,bianual,pix,fibra,nao,117.04,0.0,0,0
C00217,,6.0,anual,cartao,sem_internet,nao,49.42,2.0,0,1
C00218,59.0,10.0,mensal,pix,sem_internet,sim,70.16,1.0,1,0
C00219,40.0,24.0,mensal,debito_automatico,dsl,sim,119.67,0.0,1,1
C00220,33.0,18.0,anual,debito_automatico,fibra,nao,151.15,0.0,0,0
C00221,39.0,34.0,mensal,pix,fibra,nao,105.16,1.0,1,1
C00222,45.0,47.0,mensal,cartao,sem_internet,nao,28.27,2.0,0,0
C00223,44.0,2.0,mensal,debito_automatico,dsl,sim,102.03,0.0,0,0
C00224,28.0,52.0,mensal,cartao,dsl,nao,75.0,0.0,1,0
C00225,43.0,15.0,bianual,cartao,sem_internet,sim,72.18,1.0,2,0
C00226,45.0,8.0,mensal,cartao,fibra,nao,104.39,0.0,0,1
C00227,75.0,1.0,mensal,pix,dsl,nao,79.26,1.0,0,0
C00228,66.0,31.0,anual,cartao,dsl,nao,103.42,1.0,0,0
C00229,31.0,30.0,anual,debito_automatico,dsl,nao,77.75,0.0,0,0
C00230,38.0,5.0,bianual,debito_automatico,dsl,nao,78.55,0.0,0,0
C00231,23.0,6.0,bianual,pix,fibra,nao,125.14,3.0,0,1
C00232,34.0,36.0,mensal,pix,fibra,sim,164.71,,1,0
C00233,46.0,25.0,mensal,boleto,sem_internet,sim,100.6,1.0,1,0
C00234,58.0,13.0,anual,cartao,dsl,nao,83.6,2.0,0,0
C00235,33.0,28.0,mensal,debito_automatico,fibra,nao,119.96,1.0,2,0
C00236,33.0,23.0,anual,boleto,sem_internet,nao,30.13,2.0,0,0
C00237,18.0,7.0,mensal,cartao,fibra,nao,131.1,1.0,1,1
C00238,,39.0,bianual,cartao,fibra,nao,107.33,1.0,0,0
C00239,28.0,33.0,anual,boleto,sem_internet,nao,31.87,0.0,0,0
C00240,35.0,18.0,anual,pix,dsl,nao,82.9,0.0,0,0
C00241,31.0,36.0,mensal,pix,sem_internet,sim,103.12,3.0,0,0
C00242,41.0,72.0,bianual,debito_automatico,sem_internet,nao,55.9,3.0,0,0
C00243,19.0,6.0,anual,boleto,dsl,nao,79.44,1.0,1,0
C00244,23.0,14.0,bianual,pix,fibra,nao,105.28,1.0,1,0
C00245,70.0,15.0,bianual,debito_automatico,dsl,nao,102.83,0.0,0,0
C00246,25.0,36.0,mensal,pix,dsl,nao,79.15,3.0,0,1
C00247,28.0,9.0,mensal,boleto,dsl,nao,75.65,2.0,1,1
C00248,66.0,34.0,mensal,boleto,dsl,nao,88.33,1.0,3,0
C00249,80.0,11.0,anual,debito_automatico,fibra,nao,113.28,0.0,1,1
C00250,27.0,5.0,anual,pix,fibra,nao,108.7,4.0,1,1
C00251,37.0,19.0,mensal,boleto,dsl,nao,70.14,2.0,3,1
C00252,46.0,11.0,bianual,cartao,dsl,nao,70.1,0.0,0,0
C00253,64.0,21.0,mensal,debito_automatico,fibra,nao,103.09,2.0,0,0
C00254,29.0,26.0,anual,pix,fibra,nao,101.42,3.0,0,0
C00255,39.0,2.0,mensal,pix,fibra,nao,134.58,3.0,0,0
C00256,52.0,12.0,mensal,pix,dsl,sim,125.03,1.0,0,0
C00257,48.0,19.0,mensal,debito_automatico,fibra,nao,107.66,1.0,0,0
C00258,37.0,36.0,anual,pix,dsl,nao,93.33,1.0,0,0
C00259,40.0,33.0,anual,cartao,dsl,nao,84.64,2.0,0,0
C00260,24.0,7.0,mensal,boleto,fibra,nao,115.14,1.0,2,1
C00261,39.0,15.0,mensal,debito_automatico,dsl,nao,61.61,0.0,0,0
C00262,39.0,27.0,anual,debito_automatico,sem_internet,nao,50.12,4.0,0,0
C00263,45.0,14.0,mensal,cartao,fibra,sim,182.98,3.0,2,1
C00264,35.0,8.0,anual,cartao,fibra,nao,120.22,2.0,0,1
C00265,48.0,17.0,mensal,pix,fibra,sim,169.98,2.0,3,1
C00266,55.0,25.0,bianual,pix,dsl,nao,76.82,0.0,0,0
C00267,44.0,7.0,anual,cartao,sem_internet,sim,93.83,3.0,0,1
C00268,47.0,30.0,mensal,pix,dsl,nao,77.75,1.0,0,0
C00269,43.0,21.0,anual,cartao,sem_internet,nao,20.0,1.0,0,0
C00270,42.0,31.0,mensal,boleto,dsl,sim,104.17,0.0,0,0
C00271,33.0,17.0,bianual,boleto,fibra,nao,121.98,1.0,1,0
C00272,46.0,68.0,anual,cartao,fibra,nao,136.24,2.0,0,0
C00273,41.0,25.0,mensal,boleto,dsl,nao,77.7,1.0,3,0
C00274,69.0,34.0,anual,debito_automatico,dsl,nao,80.45,1.0,1,0
C00275,62.0,30.0,mensal,pix,dsl,nao,71.19,1.0,1,0
C00276,47.0,15.0,bianual,cartao,dsl,sim,138.41,0.0,1,1
C00277,32.0,23.0,bianual,pix,fibra,nao,142.51,2.0,0,0
C00278,28.0,10.0,anual,pix,fibra,nao,109.86,1.0,0,1
C00279,57.0,64.0,mensal,cartao,dsl,nao,57.25,2.0,0,0
C00280,45.0,27.0,anual,boleto,dsl,sim,87.89,1.0,1,0
C00281,48.0,8.0,mensal,boleto,dsl,nao,89.05,1.0,0,0
C00282,19.0,53.0,mensal,debito_automatico,fibra,sim,157.03,0.0,0,0
C00283,54.0,16.0,bianual,cartao,sem_internet,nao,33.27,1.0,1,0
C00284,48.0,38.0,mensal,debito_automatico,fibra,sim,159.08,0.0,2,0
C00285,28.0,2.0,mensal,debito_automatico,fibra,sim,136.55,5.0,0,1
C00286,36.0,46.0,mensal,debito_automatico,dsl,sim,126.92,2.0,0,0
C00287,45.0,26.0,bianual,boleto,sem_internet,nao,39.27,2.0,1,0
C00288,43.0,7.0,bianual,cartao,sem_internet,nao,28.78,1.0,0,0
C00289,38.0,26.0,mensal,cartao,fibra,nao,114.49,1.0,1,1
C00290,41.0,59.0,mensal,pix,fibra,sim,148.98,2.0,0,0
C00291,39.0,10.0,bianual,debito_automatico,dsl,nao,85.48,4.0,2,0
C00292,44.0,10.0,mensal,debito_automatico,dsl,nao,97.49,2.0,1,0
C00293,61.0,15.0,bianual,debito_automatico,dsl,sim,131.71,0.0,0,0
C00294,18.0,19.0,bianual,cartao,fibra,nao,122.39,0.0,1,0
C00295,39.0,40.0,anual,boleto,dsl,nao,77.19,0.0,2,0
C00296,44.0,27.0,mensal,boleto,fibra,nao,111.47,2.0,1,0
C00297,46.0,15.0,anual,boleto,fibra,sim,128.48,5.0,1,1
C00298,37.0,24.0,bianual,boleto,dsl,nao,79.71,1.0,3,1
C00299,19.0,67.0,mensal,cartao,fibra,sim,142.23,1.0,0,1
C00300,46.0,32.0,bianual,pix,dsl,nao,98.28,2.0,0,0
C00301,64.0,17.0,mensal,boleto,dsl,nao,76.99,1.0,0,1
C00302,22.0,15.0,bianual,boleto,fibra,nao,131.21,3.0,1,0
C00303,53.0,22.0,anual,boleto,fibra,sim,147.76,0.0,1,0
C00304,38.0,40.0,mensal,cartao,sem_internet,sim,69.87,1.0,0,0
C00305,41.0,9.0,mensal,boleto,dsl,sim,124.07,,2,1
C00306,28.0,35.0,mensal,boleto,sem_internet,nao,49.16,0.0,4,1
C00307,38.0,16.0,mensal,cartao,fibra,sim,159.83,2.0,1,1
C00308,59.0,19.0,bianual,pix,dsl,nao,78.59,1.0,0,0
C00309,50.0,72.0,mensal,cartao,sem_internet,sim,91.84,1.0,1,0
C00310,65.0,32.0,bianual,boleto,fibra,nao,129.67,1.0,0,0
C00311,57.0,11.0,mensal,cartao,fibra,nao,87.35,3.0,0,0
C00312,48.0,26.0,anual,boleto,sem_internet,sim,76.14,4.0,2,0
C00313,65.0,41.0,bianual,debito_automatico,fibra,nao,135.22,2.0,0,0
C00314,48.0,33.0,anual,cartao,fibra,nao,104.71,5.0,1,0
C00315,53.0,1.0,bianual,pix,sem_internet,nao,20.0,3.0,1,0
C00316,38.0,18.0,bianual,pix,fibra,nao,117.92,0.0,0,0
C00317,43.0,27.0,anual,debito_automatico,dsl,sim,122.81,1.0,0,0
C00318,33.0,25.0,anual,boleto,dsl,sim,108.09,4.0,3,1
C00319,55.0,12.0,mensal,cartao,dsl,nao,99.39,0.0,0,0
C00320,27.0,33.0,mensal,cartao,fibra,nao,147.65,2.0,0,0
C00321,52.0,46.0,mensal,pix,fibra,sim,126.12,1.0,0,0
C00322,40.0,2.0,bianual,boleto,dsl,sim,109.24,3.0,1,1
C00323,57.0,2.0,anual,debito_automatico,dsl,nao,45.77,2.0,0,0
C00324,52.0,26.0,anual,cartao,fibra,nao,129.92,4.0,1,0
C00325,66.0,35.0,bianual,cartao,fibra,nao,109.8,,1,0
C00326,52.0,10.0,mensal,cartao,dsl,sim,107.86,1.0,0,0
C00327,22.0,18.0,bianual,cartao,fibra,nao,137.22,2.0,0,0
C00328,41.0,26.0,mensal,debito_automatico,dsl,nao,60.07,1.0,1,0
C00329,27.0,14.0,mensal,debito_automatico,sem_internet,nao,21.31,0.0,0,0
C00330,35.0,42.0,anual,boleto,fibra,sim,120.84,,0,0
C00331,62.0,24.0,mensal,boleto,sem_internet,sim,99.06,0.0,1,0
C00332,50.0,9.0,anual,pix,dsl,sim,130.57,1.0,1,0
C00333,33.0,10.0,anual,cartao,dsl,nao,75.59,0.0,1,0
C00334,29.0,19.0,bianual,debito_automatico,sem_internet,sim,60.87,0.0,0,0
C00335,42.0,13.0,mensal,cartao,fibra,sim,167.51,1.0,1,1
C00336,26.0,2.0,mensal,debito_automatico,sem_internet,sim,121.32,2.0,1,0
C00337,33.0,23.0,mensal,debito_automatico,fibra,nao,116.46,1.0,0,1
C00338,,10.0,mensal,boleto,fibra,sim,136.96,1.0,1,1
C00339,57.0,12.0,mensal,cartao,dsl,nao,98.63,2.0,0,1
C00340,50.0,6.0,mensal,cartao,fibra,nao,103.01,3.0,0,1
C00341,18.0,61.0,bianual,boleto,dsl,nao,74.5,2.0,1,0
C00342,46.0,31.0,bianual,debito_automatico,fibra,nao,80.42,4.0,0,0
C00343,43.0,72.0,bianual,boleto,fibra,nao,115.45,1.0,1,0
C00344,47.0,14.0,mensal,boleto,dsl,sim,95.83,1.0,0,0
C00345,63.0,32.0,anual,pix,fibra,sim,173.88,4.0,0,1
C00346,18.0,23.0,mensal,pix,fibra,sim,140.36,2.0,0,1
C00347,34.0,9.0,mensal,boleto,fibra,nao,131.7,0.0,1,1
C00348,50.0,14.0,mensal,debito_automatico,sem_internet,sim,78.43,0.0,3,0
C00349,21.0,31.0,bianual,boleto,dsl,nao,81.88,3.0,1,0
C00350,61.0,6.0,anual,debito_automatico,dsl,nao,87.83,0.0,0,0
C00351,47.0,42.0,mensal,cartao,dsl,nao,79.2,0.0,0,1
C00352,53.0,21.0,anual,pix,dsl,sim,105.28,2.0,0,0
C00353,35.0,38.0,bianual,cartao,fibra,nao,107.82,,1,0
C00354,,26.0,mensal,cartao,fibra,nao,127.63,0.0,1,0
C00355,56.0,2.0,bianual,pix,dsl,sim,86.47,2.0,0,0
C00356,45.0,18.0,mensal,boleto,fibra,sim,180.17,0.0,1,1
C00357,45.0,43.0,mensal,boleto,sem_internet,nao,46.98,3.0,2,1
C00358,46.0,21.0,bianual,cartao,fibra,nao,114.94,3.0,0,1
C00359,31.0,18.0,mensal,debito_automatico,dsl,sim,118.99,3.0,1,0
C00360,40.0,21.0,anual,boleto,fibra,sim,146.09,1.0,1,0
C00361,,2.0,mensal,debito_automatico,dsl,nao,77.33,3.0,0,1
C00362,47.0,47.0,anual,cartao,sem_internet,nao,28.02,2.0,0,0
C00363,55.0,1.0,anual,debito_automatico,fibra,nao,125.63,2.0,0,1
C00364,28.0,54.0,bianual,pix,fibra,sim,153.82,2.0,0,0
C00365,40.0,13.0,bianual,cartao,dsl,nao,82.81,2.0,0,0
C00366,61.0,27.0,anual,debito_automatico,fibra,nao,142.25,,0,0
C00367,32.0,1.0,mensal,cartao,fibra,nao,107.94,2.0,2,1
C00368,31.0,35.0,mensal,boleto,dsl,nao,78.07,1.0,3,0
C00369,45.0,30.0,anual,pix,fibra,sim,130.23,2.0,0,1
C00370,53.0,29.0,mensal,pix,fibra,nao,128.25,1.0,0,0
C00371,42.0,1.0,mensal,pix,fibra,nao,119.74,0.0,1,0
C00372,59.0,8.0,bianual,pix,fibra,nao,120.26,0.0,0,0
C00373,53.0,26.0,mensal,cartao,sem_internet,nao,42.64,2.0,2,0
C00374,53.0,46.0,mensal,debito_automatico,fibra,nao,111.33,4.0,1,1
C00375,49.0,7.0,bianual,boleto,fibra,sim,192.44,3.0,0,0
C00376,72.0,7.0,anual,pix,dsl,sim,115.57,1.0,0,0
C00377,39.0,24.0,anual,debito_automatico,dsl,nao,84.45,1.0,1,0
C00378,18.0,72.0,mensal,cartao,fibra,sim,137.91,2.0,0,0
C00379,63.0,10.0,mensal,pix,dsl,nao,93.28,0.0,2,0
C00380,36.0,13.0,anual,debito_automatico,dsl,sim,113.15,0.0,0,0
C00381,43.0,11.0,mensal,pix,fibra,sim,161.69,1.0,0,1
C00382,59.0,16.0,anual,pix,fibra,sim,168.54,3.0,0,0
C00383,21.0,49.0,mensal,pix,dsl,nao,78.44,1.0,0,0
C00384,26.0,17.0,mensal,cartao,fibra,sim,144.85,2.0,1,1
C00385,21.0,72.0,mensal,cartao,fibra,nao,85.08,4.0,0,1
C00386,32.0,20.0,mensal,pix,dsl,sim,109.19,0.0,1,0
C00387,48.0,52.0,mensal,boleto,fibra,nao,109.76,2.0,0,0
C00388,49.0,14.0,anual,boleto,fibra,nao,102.85,1.0,1,0
C00389,46.0,4.0,anual,pix,fibra,nao,141.8,1.0,1,0
C00390,24.0,17.0,mensal,pix,sem_internet,nao,59.74,0.0,0,0
C00391,18.0,29.0,anual,pix,dsl,nao,52.55,3.0,0,1
C00392,43.0,8.0,mensal,boleto,fibra,nao,122.31,2.0,1,0
C00393,36.0,46.0,mensal,cartao,fibra,sim,142.74,1.0,2,1
C00394,48.0,11.0,bianual,pix,sem_internet,sim,85.5,1.0,0,0
C00395,51.0,6.0,anual,boleto,dsl,nao,68.01,0.0,0,0
C00396,44.0,72.0,anual,cartao,dsl,nao,71.92,3.0,1,0
C00397,52.0,8.0,mensal,cartao,fibra,nao,134.45,1.0,0,1
C00398,45.0,11.0,mensal,pix,fibra,nao,132.29,3.0,0,0
C00399,49.0,33.0,anual,cartao,fibra,sim,177.64,1.0,0,0
C00400,,13.0,anual,cartao,dsl,sim,111.74,0.0,0,0
C00401,40.0,6.0,anual,cartao,sem_internet,nao,23.17,2.0,0,0
C00402,45.0,10.0,bianual,boleto,fibra,nao,133.82,3.0,1,0
C00403,53.0,72.0,mensal,debito_automatico,dsl,nao,93.91,0.0,1,0
C00404,37.0,30.0,bianual,debito_automatico,sem_internet,nao,54.42,0.0,0,0
C00405,49.0,35.0,anual,debito_automatico,sem_internet,sim,68.84,1.0,1,0
C00406,39.0,23.0,mensal,cartao,fibra,sim,138.94,2.0,1,0
C00407,40.0,27.0,mensal,cartao,fibra,sim,163.04,4.0,1,1
C00408,53.0,12.0,anual,boleto,sem_internet,sim,66.71,1.0,2,0
C00409,18.0,21.0,mensal,pix,fibra,nao,115.38,3.0,1,1
C00410,25.0,1.0,anual,cartao,fibra,nao,163.6,3.0,0,1
C00411,23.0,41.0,anual,cartao,fibra,nao,151.93,3.0,1,1
C00412,18.0,12.0,mensal,cartao,dsl,nao,91.89,1.0,0,0
C00413,33.0,5.0,mensal,pix,fibra,sim,145.07,1.0,0,1
C00414,52.0,22.0,anual,pix,dsl,nao,69.17,0.0,0,0
C00415,38.0,15.0,mensal,boleto,sem_internet,sim,90.74,0.0,4,1
C00416,45.0,40.0,bianual,debito_automatico,dsl,sim,137.45,2.0,1,0
C00417,56.0,18.0,mensal,cartao,sem_internet,nao,37.33,1.0,1,1
C00418,59.0,10.0,bianual,pix,sem_internet,nao,38.15,5.0,2,0
C00419,41.0,18.0,mensal,pix,dsl,sim,116.32,2.0,1,0
C00420,,57.0,mensal,debito_automatico,dsl,nao,59.17,0.0,0,0
C00421,43.0,41.0,anual,pix,sem_internet,nao,24.62,1.0,0,0
C00422,31.0,30.0,mensal,cartao,dsl,sim,97.36,1.0,0,0
C00423,34.0,42.0,mensal,cartao,fibra,nao,128.19,0.0,1,1
C00424,23.0,32.0,mensal,debito_automatico,sem_internet,sim,84.08,0.0,0,0
C00425,30.0,7.0,anual,debito_automatico,dsl,nao,97.05,2.0,0,1
C00426,37.0,36.0,anual,boleto,sem_internet,nao,20.0,0.0,0,0
C00427,52.0,46.0,mensal,cartao,fibra,nao,97.25,2.0,0,0
C00428,64.0,48.0,mensal,boleto,fibra,nao,126.84,1.0,2,0
C00429,24.0,5.0,mensal,boleto,dsl,sim,101.92,1.0,0,0
C00430,47.0,11.0,bianual,pix,dsl,sim,103.01,0.0,0,0
C00431,28.0,9.0,mensal,boleto,fibra,nao,135.19,2.0,2,0
C00432,48.0,14.0,anual,pix,sem_internet,sim,71.71,3.0,0,0
C00433,40.0,27.0,mensal,cartao,dsl,sim,108.46,0.0,0,0
C00434,18.0,21.0,anual,debito_automatico,fibra,nao,116.25,3.0,0,0
C00435,54.0,21.0,bianual,pix,dsl,sim,112.16,0.0,1,0
C00436,34.0,4.0,mensal,pix,fibra,nao,130.27,6.0,0,1
C00437,35.0,11.0,anual,pix,fibra,nao,101.85,3.0,0,0
C00438,28.0,51.0,mensal,cartao,fibra,nao,117.18,,0,1
C00439,33.0,46.0,anual,cartao,fibra,nao,137.44,0.0,0,0
C00440,48.0,17.0,mensal,debito_automatico,sem_internet,nao,76.99,4.0,0,0
C00441,40.0,36.0,mensal,pix,fibra,nao,99.65,3.0,0,0
C00442,46.0,25.0,mensal,pix,dsl,nao,84.97,0.0,0,0
C00443,47.0,39.0,mensal,debito_automatico,dsl,nao,77.15,1.0,1,0
C00444,59.0,37.0,bianual,boleto,fibra,nao,118.52,3.0,2,0
C00445,38.0,19.0,anual,cartao,sem_internet,nao,33.16,1.0,0,0
C00446,23.0,30.0,mensal,pix,fibra,nao,131.34,1.0,0,0
C00447,56.0,27.0,mensal,debito_automatico,dsl,nao,90.57,1.0,0,0
C00448,38.0,19.0,anual,pix,dsl,nao,117.84,3.0,0,0
C00449,56.0,15.0,mensal,debito_automatico,dsl,nao,60.18,1.0,1,0
C00450,47.0,68.0,mensal,pix,fibra,nao,93.78,0.0,0,0
C00451,40.0,19.0,anual,pix,dsl,sim,145.82,0.0,1,0
C00452,47.0,34.0,mensal,cartao,sem_internet,sim,79.22,2.0,0,1
C00453,67.0,64.0,mensal,pix,fibra,nao,113.15,2.0,0,0
C00454,69.0,30.0,mensal,cartao,dsl,sim,117.82,0.0,0,0
C00455,43.0,29.0,mensal,cartao,fibra,sim,134.08,0.0,0,1
C00456,44.0,19.0,anual,pix,fibra,sim,160.64,4.0,0,1
C00457,56.0,27.0,anual,cartao,fibra,nao,118.8,2.0,0,0
C00458,31.0,14.0,bianual,cartao,fibra,sim,171.11,1.0,0,0
C00459,46.0,72.0,mensal,debito_automatico,dsl,nao,92.86,0.0,1,0
C00460,42.0,4.0,anual,pix,fibra,nao,134.1,1.0,1,0
C00461,46.0,16.0,bianual,boleto,fibra,nao,122.86,2.0,0,0
C00462,31.0,31.0,anual,debito_automatico,fibra,nao,144.07,0.0,0,0
C00463,21.0,29.0,bianual,cartao,fibra,sim,163.64,2.0,0,1
C00464,18.0,14.0,bianual,cartao,dsl,nao,72.0,0.0,1,0
C00465,27.0,2.0,bianual,debito_automatico,dsl,nao,67.86,2.0,0,0
C00466,36.0,5.0,bianual,debito_automatico,fibra,sim,144.55,1.0,1,0
C00467,38.0,23.0,anual,pix,fibra,sim,163.83,1.0,0,0
C00468,67.0,1.0,mensal,debito_automatico,fibra,nao,100.03,3.0,1,0
C00469,56.0,32.0,bianual,pix,dsl,nao,82.33,1.0,0,0
C00470,29.0,49.0,bianual,pix,fibra,nao,107.51,1.0,0,0
C00471,47.0,37.0,mensal,boleto,dsl,nao,61.2,1.0,4,0
C00472,37.0,43.0,mensal,pix,dsl,nao,63.63,,1,1
C00473,38.0,1.0,mensal,debito_automatico,fibra,nao,119.64,1.0,0,1
C00474,44.0,15.0,bianual,boleto,fibra,sim,166.46,2.0,4,1
C00475,50.0,6.0,mensal,debito_automatico,fibra,sim,144.86,0.0,1,1
C00476,38.0,3.0,mensal,pix,fibra,sim,123.86,3.0,0,0
C00477,56.0,12.0,mensal,boleto,fibra,sim,202.32,0.0,3,1
C00478,27.0,63.0,mensal,cartao,sem_internet,sim,96.77,2.0,0,0
C00479,42.0,72.0,bianual,cartao,fibra,nao,133.98,1.0,0,0
C00480,76.0,7.0,mensal,cartao,fibra,nao,144.42,5.0,0,0
C00481,45.0,20.0,mensal,pix,dsl,sim,116.39,0.0,1,0
C00482,61.0,27.0,mensal,boleto,sem_internet,nao,42.97,0.0,0,1
C00483,43.0,15.0,anual,pix,fibra,nao,140.34,,1,1
C00484,50.0,52.0,anual,pix,dsl,sim,135.24,1.0,0,0
C00485,41.0,12.0,mensal,cartao,fibra,sim,164.23,2.0,0,1
C00486,40.0,10.0,mensal,cartao,dsl,nao,93.24,1.0,1,0
C00487,32.0,8.0,bianual,boleto,dsl,nao,61.42,0.0,3,0
C00488,48.0,15.0,anual,boleto,fibra,nao,116.14,2.0,1,0
C00489,31.0,0.0,anual,cartao,fibra,sim,180.56,1.0,1,0
C00490,51.0,15.0,mensal,boleto,fibra,nao,132.07,4.0,0,0
C00491,56.0,21.0,bianual,pix,dsl,nao,58.07,0.0,1,0
C00492,47.0,23.0,anual,debito_automatico,fibra,sim,147.03,2.0,0,0
C00493,38.0,6.0,mensal,boleto,dsl,nao,103.11,3.0,0,1
C00494,48.0,22.0,bianual,cartao,fibra,nao,126.83,3.0,1,1
C00495,38.0,22.0,bianual,pix,dsl,sim,117.73,1.0,0,0
C00496,54.0,22.0,anual,cartao,fibra,nao,123.18,2.0,0,0
C00497,18.0,38.0,anual,debito_automatico,sem_internet,sim,78.75,1.0,0,0
C00498,38.0,6.0,mensal,boleto,fibra,nao,112.14,2.0,1,0
C00499,18.0,15.0,mensal,pix,fibra,nao,107.5,1.0,0,1
C00500,,2.0,mensal,cartao,fibra,sim,170.15,5.0,1,1
C00501,60.0,35.0,anual,cartao,dsl,nao,83.56,0.0,1,0
C00502,54.0,7.0,mensal,debito_automatico,fibra,sim,165.61,2.0,0,1
C00503,33.0,43.0,mensal,cartao,fibra,sim,163.2,0.0,0,0
C00504,22.0,44.0,bianual,debito_automatico,fibra,sim,176.13,1.0,1,1
C00505,18.0,17.0,mensal,boleto,fibra,nao,126.82,3.0,0,0
C00506,35.0,16.0,bianual,boleto,dsl,nao,92.35,0.0,0,0
C00507,73.0,3.0,mensal,boleto,fibra,sim,157.51,5.0,0,1
C00508,48.0,20.0,mensal,debito_automatico,dsl,nao,65.79,0.0,0,1
C00509,35.0,38.0,mensal,pix,sem_internet,nao,41.62,3.0,0,1
C00510,48.0,25.0,mensal,boleto,dsl,nao,88.85,0.0,1,0
C00511,22.0,57.0,mensal,pix,fibra,sim,165.17,2.0,0,0
C00512,38.0,13.0,mensal,pix,dsl,sim,136.77,0.0,3,0
C00513,43.0,13.0,anual,boleto,dsl,nao,73.1,1.0,1,1
C00514,41.0,7.0,mensal,boleto,fibra,sim,158.39,4.0,3,1
C00515,52.0,72.0,mensal,cartao,fibra,nao,118.06,4.0,0,0
C00516,46.0,3.0,mensal,boleto,fibra,nao,144.36,1.0,3,1
C00517,51.0,35.0,mensal,pix,fibra,nao,125.65,1.0,0,0
C00518,33.0,38.0,mensal,cartao,fibra,sim,160.93,0.0,1,1
C00519,54.0,37.0,mensal,cartao,fibra,nao,119.47,6.0,1,1
C00520,63.0,8.0,anual,debito_automatico,dsl,nao,76.62,0.0,0,0
C00521,29.0,16.0,anual,cartao,fibra,nao,98.27,1.0,0,0
C00522,30.0,31.0,bianual,pix,fibra,sim,136.08,3.0,0,0
C00523,59.0,10.0,anual,debito_automatico,sem_internet,nao,47.68,3.0,1,0
C00524,40.0,14.0,mensal,cartao,fibra,sim,155.81,2.0,1,1
C00525,60.0,10.0,mensal,cartao,fibra,sim,157.77,1.0,0,0
C00526,36.0,21.0,mensal,cartao,fibra,nao,134.12,1.0,0,1
C00527,61.0,20.0,anual,pix,fibra,nao,121.39,3.0,0,0
C00528,44.0,65.0,mensal,cartao,dsl,sim,109.78,0.0,0,0
C00529,45.0,32.0,mensal,pix,fibra,nao,116.85,3.0,0,0
C00530,62.0,4.0,bianual,pix,sem_internet,nao,48.66,0.0,0,0
C00531,37.0,5.0,mensal,cartao,sem_internet,nao,39.3,,1,0
C00532,30.0,36.0,mensal,debito_automatico,fibra,nao,135.97,3.0,1,1
C00533,36.0,20.0,bianual,debito_automatico,dsl,nao,79.83,0.0,0,0
C00534,48.0,72.0,mensal,boleto,dsl,nao,83.77,2.0,3,1
C00535,22.0,72.0,mensal,pix,dsl,sim,102.75,2.0,0,1
C00536,50.0,7.0,mensal,cartao,fibra,nao,135.97,2.0,1,0
C00537,35.0,25.0,mensal,pix,dsl,sim,136.58,0.0,1,1
C00538,57.0,5.0,bianual,debito_automatico,fibra,nao,99.55,1.0,1,0
C00539,18.0,35.0,anual,boleto,fibra,nao,126.01,2.0,2,0
C00540,32.0,72.0,mensal,cartao,sem_internet,sim,78.38,2.0,0,0
C00541,20.0,22.0,mensal,boleto,fibra,sim,159.26,1.0,1,0
C00542,31.0,13.0,mensal,boleto,fibra,sim,161.78,6.0,0,1
C00543,45.0,28.0,anual,debito_automatico,fibra,nao,86.48,1.0,0,0
C00544,40.0,42.0,mensal,boleto,sem_internet,nao,56.39,1.0,0,0
C00545,39.0,42.0,mensal,pix,fibra,nao,136.69,2.0,0,0
C00546,40.0,13.0,anual,cartao,fibra,sim,173.37,1.0,0,0
C00547,45.0,10.0,bianual,cartao,dsl,sim,100.83,0.0,0,0
C00548,29.0,24.0,bianual,cartao,fibra,sim,154.54,2.0,0,0
C00549,51.0,14.0,bianual,boleto,fibra,nao,111.92,2.0,2,0
C00550,51.0,52.0,mensal,debito_automatico,dsl,sim,86.27,1.0,0,0
C00551,47.0,14.0,anual,cartao,sem_internet,nao,35.69,2.0,3,0
C00552,49.0,21.0,bianual,debito_automatico,dsl,nao,63.74,2.0,2,0
C00553,46.0,27.0,mensal,debito_automatico,fibra,nao,125.02,4.0,1,1
C00554,68.0,3.0,mensal,boleto,fibra,nao,95.53,2.0,1,1
C00555,41.0,11.0,mensal,cartao,dsl,nao,65.31,5.0,0,0
C00556,38.0,72.0,bianual,cartao,fibra,sim,147.21,2.0,3,0
C00557,32.0,40.0,bianual,boleto,dsl,nao,91.55,0.0,2,0
C00558,29.0,14.0,bianual,pix,fibra,nao,161.67,3.0,1,0
C00559,26.0,36.0,mensal,boleto,sem_internet,sim,84.55,0.0,3,0
C00560,30.0,51.0,bianual,cartao,fibra,nao,104.52,2.0,1,0
C00561,41.0,16.0,mensal,cartao,sem_internet,sim,69.81,0.0,1,0
C00562,46.0,39.0,mensal,cartao,fibra,sim,164.87,,2,0
C00563,43.0,34.0,anual,pix,dsl,nao,59.81,0.0,0,0
C00564,32.0,5.0,anual,pix,fibra,nao,136.45,1.0,1,1
C00565,54.0,16.0,bianual,pix,dsl,sim,119.1,1.0,1,0
C00566,52.0,66.0,mensal,cartao,fibra,nao,118.12,1.0,1,0
C00567,40.0,72.0,mensal,cartao,fibra,sim,129.73,2.0,0,0
C00568,34.0,41.0,mensal,boleto,fibra,nao,133.81,2.0,0,1
C00569,49.0,11.0,mensal,pix,fibra,sim,143.58,4.0,1,1
C00570,44.0,1.0,bianual,cartao,sem_internet,sim,82.31,1.0,0,1
C00571,23.0,9.0,mensal,cartao,dsl,nao,77.64,0.0,0,0
C00572,41.0,4.0,mensal,debito_automatico,dsl,nao,56.24,0.0,1,0
C00573,45.0,70.0,mensal,pix,fibra,nao,116.54,1.0,0,0
C00574,30.0,2.0,anual,cartao,fibra,sim,136.85,2.0,1,0
C00575,44.0,5.0,bianual,boleto,fibra,sim,145.22,1.0,0,0
C00576,23.0,24.0,mensal,pix,fibra,nao,126.49,3.0,1,1
C00577,59.0,19.0,mensal,boleto,dsl,sim,125.54,1.0,0,1
C00578,58.0,64.0,bianual,pix,dsl,nao,79.73,3.0,0,0
C00579,39.0,33.0,anual,cartao,fibra,sim,141.74,0.0,3,1
C00580,47.0,17.0,mensal,pix,fibra,sim,145.29,2.0,0,1
C00581,18.0,53.0,mensal,pix,fibra,sim,145.03,1.0,0,0
C00582,27.0,13.0,bianual,cartao,fibra,sim,122.94,2.0,1,1
C00583,38.0,68.0,anual,pix,fibra,nao,121.1,2.0,1,1
C00584,28.0,8.0,mensal,boleto,fibra,sim,130.01,4.0,0,1
C00585,51.0,19.0,mensal,boleto,fibra,nao,121.14,2.0,0,1
C00586,68.0,1.0,mensal,cartao,fibra,sim,133.11,0.0,0,1
C00587,27.0,42.0,mensal,debito_automatico,dsl,nao,61.91,2.0,0,0
C00588,31.0,22.0,mensal,boleto,sem_internet,nao,55.03,1.0,1,0
C00589,45.0,68.0,mensal,cartao,fibra,sim,155.37,0.0,0,1
C00590,63.0,15.0,mensal,pix,fibra,sim,126.73,0.0,0,0
C00591,26.0,3.0,mensal,pix,fibra,sim,146.62,2.0,1,1
C00592,45.0,29.0,mensal,boleto,dsl,sim,118.93,1.0,1,0
C00593,66.0,11.0,mensal,cartao,dsl,sim,105.71,3.0,1,1
C00594,21.0,37.0,bianual,boleto,dsl,sim,109.85,0.0,2,0
C00595,25.0,8.0,mensal,cartao,dsl,sim,118.66,1.0,1,1
C00596,36.0,59.0,bianual,pix,sem_internet,nao,45.67,1.0,0,0
C00597,35.0,21.0,bianual,pix,fibra,nao,105.12,2.0,1,0
C00598,53.0,17.0,bianual,boleto,fibra,sim,155.33,1.0,2,0
C00599,45.0,56.0,mensal,boleto,fibra,nao,115.69,3.0,0,0
C00600,19.0,43.0,mensal,cartao,fibra,sim,180.86,1.0,0,0
C00601,49.0,9.0,anual,cartao,fibra,nao,118.45,1.0,1,1
C00602,34.0,42.0,mensal,boleto,sem_internet,sim,82.02,1.0,1,0
C00603,59.0,35.0,mensal,boleto,dsl,sim,118.9,0.0,1,0
C00604,34.0,18.0,mensal,cartao,sem_internet,nao,40.17,1.0,2,0
C00605,34.0,39.0,anual,boleto,sem_internet,sim,69.2,2.0,2,0
C00606,49.0,59.0,bianual,pix,dsl,sim,121.9,0.0,0,0
C00607,52.0,18.0,mensal,pix,sem_internet,nao,52.02,1.0,0,0
C00608,48.0,19.0,bianual,cartao,dsl,nao,111.24,1.0,0,0
C00609,20.0,18.0,anual,cartao,fibra,nao,131.14,2.0,1,0
C00610,49.0,9.0,mensal,pix,dsl,sim,126.39,0.0,0,0
C00611,29.0,18.0,mensal,boleto,sem_internet,sim,90.77,1.0,0,0
C00612,45.0,16.0,mensal,pix,dsl,sim,104.65,1.0,0,0
C00613,23.0,16.0,bianual,boleto,dsl,nao,61.13,0.0,4,0
C00614,48.0,15.0,anual,pix,fibra,sim,139.95,2.0,1,0
C00615,32.0,5.0,anual,boleto,dsl,nao,90.32,1.0,0,1
C00616,25.0,46.0,anual,pix,fibra,nao,141.32,3.0,0,0
C00617,51.0,11.0,mensal,boleto,dsl,nao,91.01,0.0,1,0
C00618,45.0,61.0,bianual,pix,dsl,sim,112.5,0.0,0,0
C00619,,7.0,bianual,debito_automatico,dsl,nao,105.15,0.0,0,0
C00620,61.0,72.0,anual,boleto,fibra,nao,113.35,1.0,2,0
C00621,36.0,14.0,mensal,pix,dsl,nao,62.78,1.0,0,0
C00622,42.0,42.0,mensal,boleto,fibra,nao,123.79,5.0,2,1
C00623,,22.0,mensal,cartao,fibra,nao,139.38,2.0,0,0
C00624,34.0,4.0,mensal,cartao,fibra,nao,107.34,3.0,0,0
C00625,48.0,5.0,anual,pix,dsl,sim,89.43,0.0,0,0
C00626,35.0,10.0,anual,pix,fibra,nao,120.57,4.0,2,1
C00627,37.0,13.0,bianual,cartao,fibra,nao,131.57,1.0,0,1
C00628,60.0,19.0,mensal,pix,sem_internet,nao,20.0,1.0,1,1
C00629,28.0,27.0,mensal,pix,fibra,nao,134.66,2.0,1,1
C00630,18.0,17.0,mensal,debito_automatico,sem_internet,nao,24.5,1.0,1,0
C00631,63.0,26.0,bianual,cartao,fibra,nao,130.87,3.0,0,1
C00632,75.0,29.0,anual,cartao,fibra,nao,90.05,0.0,0,0
C00633,37.0,16.0,mensal,boleto,dsl,sim,92.88,2.0,0,0
C00634,18.0,35.0,anual,cartao,fibra,nao,129.28,1.0,0,0
C00635,38.0,41.0,anual,boleto,sem_internet,nao,63.24,2.0,0,0
C00636,38.0,30.0,mensal,pix,fibra,nao,119.86,2.0,0,0
C00637,40.0,31.0,mensal,debito_automatico,dsl,nao,115.93,0.0,1,0
C00638,28.0,24.0,mensal,debito_automatico,fibra,nao,104.66,2.0,1,1
C00639,50.0,50.0,mensal,boleto,dsl,nao,64.47,3.0,2,0
C00640,49.0,19.0,anual,boleto,fibra,sim,150.47,2.0,0,0
C00641,23.0,10.0,mensal,pix,dsl,nao,74.75,0.0,0,0
C00642,51.0,20.0,anual,cartao,fibra,nao,124.25,1.0,0,0
C00643,69.0,5.0,anual,pix,dsl,sim,103.86,0.0,1,0
C00644,44.0,4.0,mensal,cartao,fibra,sim,163.51,2.0,1,1
C00645,,41.0,bianual,boleto,fibra,sim,163.15,4.0,1,0
C00646,40.0,62.0,mensal,debito_automatico,dsl,sim,139.2,2.0,0,0
C00647,50.0,14.0,anual,debito_automatico,fibra,sim,147.64,0.0,0,0
C00648,20.0,42.0,mensal,boleto,dsl,sim,120.05,1.0,0,0
C00649,44.0,1.0,anual,debito_automatico,dsl,nao,89.09,1.0,0,0
C00650,37.0,30.0,mensal,boleto,fibra,nao,119.89,1.0,1,1
C00651,66.0,20.0,mensal,cartao,dsl,nao,76.83,2.0,0,0
C00652,40.0,70.0,mensal,boleto,fibra,nao,89.04,3.0,0,0
C00653,64.0,17.0,anual,debito_automatico,dsl,nao,81.25,2.0,0,0
C00654,28.0,6.0,anual,debito_automatico,fibra,nao,128.93,1.0,1,1
C00655,50.0,3.0,anual,boleto,fibra,sim,154.13,2.0,1,0
C00656,46.0,20.0,mensal,pix,dsl,nao,68.27,1.0,0,1
C00657,31.0,24.0,anual,pix,sem_internet,nao,20.0,3.0,0,0
C00658,44.0,16.0,anual,cartao,sem_internet,nao,51.8,3.0,0,0
C00659,58.0,42.0,mensal,boleto,dsl,nao,80.5,1.0,1,0
C00660,38.0,57.0,mensal,cartao,fibra,nao,140.85,2.0,3,0
C00661,20.0,14.0,mensal,boleto,fibra,nao,98.26,1.0,1,0
C00662,42.0,2.0,bianual,pix,fibra,sim,147.95,3.0,0,0
C00663,30.0,26.0,mensal,pix,dsl,sim,95.18,0.0,0,1
C00664,38.0,50.0,mensal,boleto,fibra,nao,135.38,3.0,2,1
C00665,41.0,14.0,bianual,cartao,sem_internet,sim,98.59,0.0,0,0
C00666,20.0,31.0,bianual,cartao,fibra,sim,183.84,,1,0
C00667,21.0,6.0,mensal,boleto,fibra,sim,162.82,0.0,0,1
C00668,48.0,25.0,bianual,cartao,dsl,nao,91.84,0.0,0,0
C00669,35.0,32.0,mensal,boleto,fibra,nao,126.54,3.0,1,1
C00670,18.0,26.0,bianual,boleto,fibra,nao,128.6,0.0,3,1
C00671,52.0,72.0,mensal,cartao,dsl,nao,80.74,0.0,0,0
C00672,46.0,61.0,mensal,cartao,sem_internet,nao,54.28,0.0,1,0
C00673,33.0,36.0,bianual,cartao,fibra,nao,152.1,0.0,0,0
C00674,25.0,47.0,mensal,cartao,fibra,nao,123.28,2.0,1,1
C00675,53.0,25.0,bianual,cartao,fibra,nao,120.36,2.0,1,1
C00676,47.0,19.0,mensal,cartao,dsl,sim,117.97,0.0,0,1
C00677,73.0,13.0,mensal,cartao,fibra,nao,117.76,0.0,2,0
C00678,47.0,6.0,bianual,pix,dsl,nao,83.7,0.0,0,0
C00679,47.0,64.0,mensal,boleto,fibra,nao,117.26,2.0,0,0
C00680,40.0,72.0,bianual,debito_automatico,sem_internet,sim,97.16,1.0,1,0
C00681,53.0,20.0,bianual,boleto,dsl,sim,130.66,1.0,0,0
C00682,50.0,21.0,mensal,cartao,dsl,sim,147.49,0.0,0,0
C00683,58.0,33.0,mensal,cartao,fibra,sim,154.65,1.0,1,0
C00684,35.0,17.0,mensal,pix,fibra,nao,124.33,0.0,0,0
C00685,36.0,7.0,mensal,pix,fibra,nao,123.7,3.0,1,0
C00686,36.0,4.0,mensal,cartao,dsl,sim,117.99,0.0,0,0
C00687,52.0,72.0,mensal,cartao,fibra,nao,136.95,1.0,0,0
C00688,61.0,2.0,bianual,pix,fibra,nao,95.63,2.0,0,0
C00689,36.0,27.0,mensal,boleto,fibra,sim,161.91,1.0,0,0
C00690,36.0,3.0,anual,cartao,fibra,sim,184.94,3.0,0,0
C00691,46.0,18.0,mensal,pix,fibra,sim,175.44,3.0,0,1
C00692,39.0,14.0,mensal,cartao,dsl,nao,98.73,1.0,0,0
C00693,54.0,4.0,mensal,debito_automatico,dsl,nao,92.63,0.0,1,1
C00694,18.0,34.0,mensal,boleto,fibra,sim,146.06,1.0,1,0
C00695,31.0,6.0,anual,boleto,dsl,nao,68.75,0.0,0,0
C00696,32.0,3.0,mensal,pix,fibra,nao,108.87,,2,1
C00697,18.0,37.0,bianual,boleto,sem_internet,sim,62.92,0.0,2,0
C00698,29.0,14.0,bianual,cartao,dsl,nao,94.2,2.0,1,0
C00699,30.0,9.0,mensal,cartao,fibra,sim,177.03,2.0,0,0
C00700,39.0,39.0,bianual,cartao,dsl,sim,121.52,0.0,0,0
C00701,56.0,6.0,bianual,boleto,fibra,nao,132.07,2.0,0,0
C00702,39.0,2.0,mensal,boleto,fibra,sim,159.4,3.0,1,1
C00703,29.0,54.0,bianual,cartao,fibra,nao,128.53,2.0,0,0
C00704,,72.0,mensal,cartao,sem_internet,nao,20.0,0.0,0,0
C00705,56.0,18.0,anual,pix,sem_internet,sim,84.72,4.0,1,1
C00706,29.0,17.0,mensal,cartao,dsl,nao,73.62,0.0,3,1
C00707,30.0,41.0,bianual,pix,dsl,sim,114.4,2.0,0,0
C00708,49.0,50.0,bianual,cartao,fibra,nao,123.39,2.0,0,1
C00709,39.0,6.0,bianual,cartao,dsl,nao,69.27,3.0,0,0
C00710,50.0,15.0,bianual,pix,fibra,nao,103.87,3.0,0,0
C00711,,25.0,mensal,pix,fibra,nao,108.81,2.0,1,1
C00712,51.0,39.0,anual,cartao,sem_internet,sim,58.27,0.0,0,0
C00713,29.0,36.0,mensal,cartao,dsl,sim,97.67,0.0,1,0
C00714,42.0,31.0,mensal,pix,sem_internet,nao,29.73,1.0,2,0
C00715,39.0,50.0,mensal,boleto,dsl,nao,58.47,2.0,1,0
C00716,26.0,19.0,bianual,cartao,fibra,nao,127.93,1.0,1,0
C00717,22.0,64.0,anual,cartao,dsl,nao,66.49,1.0,0,0
C00718,51.0,11.0,mensal,pix,fibra,sim,127.05,3.0,1,0
C00719,37.0,36.0,bianual,debito_automatico,sem_internet,nao,38.98,4.0,0,0
C00720,29.0,13.0,bianual,cartao,fibra,nao,103.3,1.0,0,0
C00721,41.0,18.0,mensal,pix,dsl,nao,101.89,0.0,0,0
C00722,,20.0,mensal,boleto,dsl,sim,116.99,1.0,2,1
C00723,18.0,12.0,anual,pix,fibra,nao,97.94,1.0,1,0
C00724,23.0,51.0,anual,boleto,fibra,nao,128.53,0.0,3,0
C00725,30.0,14.0,mensal,debito_automatico,fibra,sim,156.27,1.0,2,1
C00726,61.0,20.0,mensal,cartao,fibra,sim,151.42,2.0,3,1
C00727,46.0,33.0,mensal,cartao,sem_internet,nao,68.62,0.0,1,0
C00728,52.0,72.0,mensal,cartao,fibra,nao,105.37,1.0,0,0
C00729,27.0,34.0,mensal,pix,fibra,nao,135.53,5.0,0,1
C00730,27.0,21.0,mensal,cartao,fibra,nao,113.86,1.0,1,1
C00731,48.0,2.0,mensal,boleto,fibra,sim,154.72,3.0,1,1
C00732,43.0,17.0,anual,boleto,fibra,sim,143.75,1.0,2,1
C00733,49.0,10.0,mensal,debito_automatico,sem_internet,nao,34.71,2.0,0,0
C00734,40.0,15.0,mensal,debito_automatico,dsl,sim,108.46,2.0,1,1
C00735,46.0,13.0,mensal,cartao,sem_internet,sim,51.49,0.0,0,0
C00736,44.0,32.0,bianual,boleto,fibra,nao,125.2,1.0,2,0
C00737,52.0,17.0,mensal,debito_automatico,fibra,sim,156.72,2.0,2,0
C00738,52.0,8.0,mensal,cartao,fibra,sim,132.53,2.0,1,1
C00739,21.0,42.0,mensal,boleto,fibra,sim,164.9,2.0,0,0
C00740,18.0,5.0,anual,cartao,fibra,sim,176.86,1.0,0,0
C00741,55.0,20.0,mensal,cartao,fibra,sim,145.03,0.0,0,0
C00742,57.0,17.0,mensal,pix,dsl,sim,103.23,0.0,0,0
C00743,29.0,27.0,bianual,debito_automatico,fibra,nao,136.7,0.0,0,0
C00744,18.0,50.0,anual,boleto,dsl,nao,86.05,0.0,1,0
C00745,,72.0,mensal,pix,dsl,nao,77.96,0.0,3,0
C00746,54.0,21.0,mensal,cartao,dsl,sim,127.22,1.0,0,0
C00747,65.0,10.0,bianual,pix,fibra,sim,159.11,3.0,0,0
C00748,49.0,9.0,bianual,cartao,dsl,nao,101.43,0.0,2,0
C00749,37.0,9.0,anual,pix,fibra,nao,119.75,1.0,2,0
C00750,30.0,26.0,anual,pix,fibra,nao,126.4,4.0,2,0
C00751,42.0,5.0,bianual,pix,fibra,sim,171.47,1.0,0,0
C00752,38.0,26.0,bianual,boleto,fibra,nao,83.28,0.0,2,0
C00753,29.0,44.0,mensal,pix,fibra,nao,137.01,0.0,1,1
C00754,69.0,44.0,bianual,debito_automatico,dsl,sim,107.42,3.0,2,0
C00755,65.0,22.0,anual,cartao,dsl,nao,87.5,2.0,1,0
C00756,57.0,40.0,anual,cartao,fibra,sim,179.96,6.0,1,1
C00757,30.0,51.0,mensal,debito_automatico,fibra,nao,115.41,0.0,0,0
C00758,53.0,13.0,mensal,pix,fibra,sim,148.17,2.0,1,0
C00759,50.0,47.0,bianual,pix,sem_internet,nao,44.18,1.0,0,0
C00760,48.0,3.0,anual,cartao,fibra,nao,98.22,,1,0
C00761,58.0,4.0,mensal,debito_automatico,fibra,nao,152.99,2.0,0,0
C00762,50.0,14.0,anual,boleto,fibra,nao,119.36,4.0,1,0
C00763,52.0,2.0,mensal,cartao,dsl,sim,139.68,4.0,0,1
C00764,50.0,33.0,mensal,pix,fibra,nao,115.0,3.0,1,1
C00765,46.0,12.0,anual,debito_automatico,fibra,nao,120.51,2.0,0,0
C00766,19.0,18.0,anual,pix,fibra,nao,134.16,3.0,0,0
C00767,43.0,18.0,mensal,cartao,dsl,nao,63.47,0.0,0,0
C00768,35.0,14.0,mensal,cartao,fibra,nao,118.46,1.0,1,0
C00769,25.0,9.0,mensal,debito_automatico,sem_internet,nao,58.6,4.0,1,0
C00770,64.0,32.0,anual,boleto,sem_internet,nao,41.8,1.0,0,0
C00771,64.0,11.0,bianual,pix,dsl,nao,72.75,1.0,1,0
C00772,60.0,18.0,anual,pix,sem_internet,nao,61.73,,0,0
C00773,45.0,28.0,anual,pix,dsl,nao,101.02,1.0,0,0
C00774,60.0,51.0,mensal,pix,fibra,nao,143.4,1.0,1,0
C00775,42.0,47.0,mensal,cartao,dsl,sim,104.88,1.0,0,0
C00776,45.0,12.0,bianual,cartao,dsl,sim,106.31,1.0,1,0
C00777,28.0,8.0,mensal,pix,dsl,nao,72.93,0.0,3,1
C00778,47.0,59.0,mensal,cartao,dsl,nao,90.78,0.0,1,0
C00779,43.0,11.0,mensal,pix,dsl,nao,62.05,0.0,0,0
C00780,25.0,30.0,anual,boleto,sem_internet,nao,27.89,1.0,0,0
C00781,41.0,2.0,mensal,pix,fibra,sim,144.28,1.0,0,1
C00782,41.0,1.0,mensal,cartao,dsl,sim,100.93,0.0,0,1
C00783,65.0,21.0,anual,pix,dsl,sim,128.27,0.0,1,0
C00784,54.0,16.0,mensal,cartao,sem_internet,sim,92.25,1.0,0,1
C00785,42.0,37.0,mensal,debito_automatico,fibra,nao,112.77,2.0,0,0
C00786,45.0,9.0,bianual,pix,fibra,nao,117.09,0.0,0,0
C00787,43.0,26.0,bianual,cartao,fibra,nao,81.9,3.0,1,0
C00788,39.0,36.0,mensal,boleto,fibra,sim,148.14,1.0,2,1
C00789,28.0,9.0,mensal,boleto,fibra,nao,138.66,2.0,3,1
C00790,40.0,14.0,mensal,debito_automatico,fibra,nao,112.32,1.0,0,0
C00791,32.0,6.0,mensal,debito_automatico,fibra,sim,138.61,2.0,1,0
C00792,26.0,38.0,bianual,debito_automatico,sem_internet,nao,65.64,,0,0
C00793,49.0,32.0,anual,boleto,fibra,nao,103.28,0.0,1,0
C00794,47.0,34.0,mensal,boleto,fibra,sim,178.19,4.0,0,1
C00795,19.0,16.0,anual,pix,dsl,nao,123.32,1.0,0,0
C00796,40.0,31.0,mensal,debito_automatico,fibra,sim,153.36,2.0,1,0
C00797,55.0,17.0,mensal,boleto,dsl,sim,133.66,0.0,0,0
C00798,56.0,67.0,bianual,boleto,dsl,sim,89.97,2.0,2,0
C00799,55.0,20.0,mensal,boleto,fibra,sim,129.31,1.0,0,0
C00800,43.0,45.0,mensal,pix,fibra,nao,108.05,4.0,1,0
C00801,31.0,16.0,bianual,debito_automatico,fibra,sim,167.34,0.0,1,0
C00802,28.0,56.0,mensal,debito_automatico,fibra,nao,120.03,0.0,1,0
C00803,46.0,8.0,mensal,debito_automatico,dsl,nao,77.2,3.0,1,0
C00804,47.0,29.0,mensal,pix,fibra,nao,100.64,,0,1
C00805,,10.0,mensal,cartao,fibra,sim,153.09,0.0,1,0
C00806,56.0,25.0,mensal,cartao,fibra,sim,145.35,3.0,1,0
C00807,40.0,11.0,mensal,cartao,fibra,nao,106.16,2.0,1,1
C00808,26.0,20.0,mensal,pix,fibra,sim,139.89,3.0,0,1
C00809,38.0,13.0,mensal,debito_automatico,dsl,sim,117.88,3.0,1,1
C00810,45.0,35.0,anual,cartao,fibra,nao,109.2,4.0,1,0
C00811,39.0,30.0,bianual,pix,dsl,nao,79.9,0.0,0,0
C00812,34.0,10.0,anual,boleto,sem_internet,sim,53.46,1.0,1,0
C00813,45.0,10.0,anual,cartao,dsl,sim,122.55,0.0,0,0
C00814,35.0,8.0,bianual,debito_automatico,fibra,nao,123.61,2.0,0,0
C00815,34.0,6.0,mensal,pix,fibra,nao,116.53,2.0,1,1
C00816,46.0,37.0,mensal,boleto,dsl,nao,82.42,0.0,1,0
C00817,37.0,7.0,mensal,cartao,dsl,nao,94.01,0.0,0,1
C00818,45.0,27.0,mensal,pix,sem_internet,nao,23.27,1.0,0,0
C00819,46.0,12.0,bianual,debito_automatico,fibra,sim,156.0,0.0,1,0
C00820,27.0,44.0,mensal,debito_automatico,fibra,nao,100.42,3.0,3,0
C00821,36.0,72.0,bianual,cartao,fibra,sim,156.31,3.0,0,0
C00822,61.0,8.0,mensal,boleto,sem_internet,nao,41.12,0.0,1,0
C00823,27.0,12.0,mensal,cartao,dsl,sim,114.63,1.0,1,0
C00824,18.0,16.0,mensal,cartao,sem_internet,nao,57.73,3.0,0,1
C00825,18.0,15.0,mensal,pix,dsl,nao,92.28,2.0,1,1
C00826,42.0,4.0,mensal,debito_automatico,sem_internet,nao,61.3,2.0,0,1
C00827,42.0,72.0,anual,pix,dsl,nao,74.05,2.0,0,0
C00828,40.0,16.0,mensal,boleto,sem_internet,nao,55.55,1.0,0,0
C00829,58.0,30.0,bianual,cartao,sem_internet,nao,52.6,1.0,1,0
C00830,18.0,30.0,bianual,pix,dsl,nao,74.43,1.0,1,0
C00831,47.0,3.0,mensal,boleto,sem_internet,nao,46.76,1.0,1,0
C00832,62.0,14.0,bianual,boleto,dsl,nao,78.02,1.0,1,1
C00833,27.0,37.0,mensal,cartao,dsl,nao,100.92,1.0,0,0
C00834,37.0,59.0,mensal,boleto,dsl,sim,127.15,0.0,0,0
C00835,32.0,14.0,mensal,boleto,dsl,nao,74.96,1.0,2,1
C00836,30.0,4.0,anual,cartao,dsl,sim,108.92,2.0,0,1
C00837,38.0,11.0,mensal,pix,dsl,nao,94.36,1.0,0,0
C00838,61.0,14.0,anual,boleto,fibra,sim,175.1,2.0,2,0
C00839,66.0,13.0,bianual,debito_automatico,dsl,nao,84.73,3.0,1,0
C00840,38.0,8.0,mensal,debito_automatico,sem_internet,sim,89.88,0.0,0,0
C00841,67.0,3.0,bianual,cartao,dsl,nao,99.55,1.0,1,1
C00842,42.0,6.0,anual,cartao,fibra,sim,152.38,1.0,0,1
C00843,65.0,11.0,mensal,boleto,sem_internet,nao,46.25,3.0,4,1
C00844,41.0,36.0,mensal,boleto,dsl,sim,122.3,0.0,1,0
C00845,44.0,48.0,mensal,cartao,fibra,nao,113.57,4.0,0,0
C00846,47.0,22.0,mensal,pix,dsl,sim,140.49,1.0,1,1
C00847,83.0,6.0,anual,cartao,dsl,nao,73.43,1.0,1,0
C00848,53.0,11.0,mensal,cartao,dsl,sim,115.92,,0,0
C00849,33.0,1.0,mensal,pix,fibra,nao,148.75,3.0,0,0
C00850,,60.0,anual,pix,fibra,sim,127.07,2.0,0,0
C00851,37.0,10.0,anual,pix,sem_internet,sim,83.24,3.0,0,0
C00852,36.0,27.0,bianual,cartao,sem_internet,sim,70.09,1.0,0,0
C00853,54.0,45.0,mensal,pix,fibra,nao,120.0,0.0,1,0
C00854,42.0,40.0,anual,debito_automatico,sem_internet,sim,61.91,0.0,0,0
C00855,46.0,13.0,mensal,debito_automatico,fibra,nao,114.44,2.0,0,0
C00856,42.0,31.0,anual,pix,fibra,nao,120.37,0.0,0,0
C00857,46.0,71.0,mensal,cartao,dsl,nao,83.57,0.0,2,0
C00858,48.0,10.0,mensal,pix,fibra,sim,168.43,1.0,0,0
C00859,18.0,3.0,bianual,pix,fibra,sim,120.14,5.0,0,1
C00860,51.0,8.0,anual,debito_automatico,sem_internet,nao,43.11,0.0,1,0
C00861,29.0,29.0,anual,boleto,dsl,nao,77.38,0.0,1,0
C00862,23.0,13.0,mensal,pix,fibra,nao,119.04,2.0,1,0
C00863,41.0,18.0,anual,cartao,fibra,nao,120.48,2.0,0,0
C00864,43.0,33.0,mensal,debito_automatico,dsl,sim,102.55,1.0,0,0
C00865,33.0,7.0,mensal,boleto,dsl,nao,56.8,0.0,2,1
C00866,53.0,17.0,mensal,pix,fibra,nao,123.26,0.0,0,0
C00867,25.0,11.0,mensal,pix,fibra,nao,105.09,2.0,1,1
C00868,37.0,69.0,mensal,boleto,dsl,nao,86.04,1.0,2,0
C00869,34.0,38.0,anual,debito_automatico,dsl,sim,100.94,0.0,3,0
C00870,41.0,13.0,mensal,pix,sem_internet,nao,55.39,2.0,1,0
C00871,46.0,13.0,bianual,boleto,fibra,nao,119.18,3.0,1,0
C00872,29.0,72.0,bianual,boleto,sem_internet,sim,80.22,1.0,0,0
C00873,51.0,70.0,mensal,cartao,sem_internet,nao,41.3,4.0,0,0
C00874,43.0,29.0,anual,pix,fibra,nao,113.9,2.0,1,0
C00875,18.0,19.0,mensal,cartao,fibra,sim,151.51,1.0,0,1
C00876,18.0,4.0,bianual,boleto,dsl,sim,132.72,0.0,1,0
C00877,42.0,8.0,mensal,cartao,sem_internet,nao,21.98,0.0,2,0
C00878,39.0,4.0,mensal,cartao,fibra,nao,110.28,0.0,0,1
C00879,41.0,47.0,mensal,boleto,fibra,nao,135.85,2.0,0,0
C00880,42.0,4.0,bianual,debito_automatico,dsl,nao,92.3,1.0,1,0
C00881,45.0,12.0,mensal,boleto,dsl,sim,135.15,2.0,1,1
C00882,54.0,3.0,bianual,pix,fibra,sim,154.11,2.0,1,0
C00883,28.0,35.0,mensal,debito_automatico,fibra,sim,135.23,1.0,0,0
C00884,27.0,25.0,anual,pix,fibra,nao,103.38,4.0,1,1
C00885,28.0,19.0,mensal,boleto,sem_internet,nao,40.52,1.0,2,0
C00886,46.0,13.0,mensal,debito_automatico,dsl,sim,126.41,3.0,0,1
C00887,58.0,2.0,mensal,pix,fibra,nao,116.18,2.0,0,1
C00888,36.0,11.0,mensal,cartao,sem_internet,nao,40.02,3.0,0,1
C00889,18.0,16.0,anual,boleto,dsl,nao,85.95,0.0,0,0
C00890,20.0,33.0,anual,boleto,sem_internet,nao,45.42,0.0,0,0
C00891,31.0,45.0,mensal,debito_automatico,fibra,nao,113.39,1.0,0,0
C00892,35.0,36.0,mensal,cartao,fibra,nao,104.98,0.0,1,1
C00893,37.0,25.0,mensal,pix,fibra,nao,134.2,1.0,1,0
C00894,43.0,19.0,anual,pix,fibra,nao,135.72,3.0,0,1
C00895,38.0,23.0,anual,debito_automatico,dsl,nao,64.13,0.0,0,0
C00896,56.0,10.0,bianual,pix,dsl,nao,73.96,0.0,1,0
C00897,33.0,21.0,bianual,debito_automatico,fibra,sim,165.0,4.0,0,1
C00898,31.0,16.0,mensal,boleto,dsl,nao,62.94,2.0,0,0
C00899,48.0,72.0,mensal,boleto,dsl,sim,120.48,0.0,0,0
C00900,22.0,23.0,bianual,pix,dsl,sim,110.1,1.0,0,0
C00901,47.0,1.0,mensal,cartao,fibra,nao,101.75,2.0,0,0
C00902,43.0,12.0,mensal,pix,sem_internet,sim,106.66,1.0,1,0
C00903,40.0,14.0,mensal,boleto,dsl,nao,74.88,1.0,1,1
C00904,63.0,40.0,anual,boleto,sem_internet,nao,52.86,1.0,2,0
C00905,34.0,26.0,anual,pix,dsl,sim,98.18,2.0,1,0
C00906,69.0,25.0,bianual,pix,dsl,nao,103.29,,0,0
C00907,39.0,55.0,mensal,pix,fibra,nao,149.21,1.0,1,1
C00908,25.0,71.0,mensal,boleto,dsl,nao,57.47,1.0,0,0
C00909,43.0,35.0,mensal,cartao,fibra,sim,152.53,2.0,0,1
C00910,28.0,13.0,anual,debito_automatico,sem_internet,nao,64.92,0.0,0,0
C00911,32.0,13.0,mensal,pix,fibra,sim,147.97,1.0,0,1
C00912,47.0,49.0,bianual,boleto,fibra,nao,126.14,2.0,1,0
C00913,49.0,13.0,mensal,debito_automatico,dsl,sim,89.79,3.0,0,0
C00914,34.0,18.0,anual,boleto,dsl,sim,103.18,1.0,4,0
C00915,55.0,12.0,bianual,debito_automatico,dsl,sim,119.58,1.0,0,0
C00916,57.0,6.0,mensal,boleto,dsl,nao,71.16,0.0,1,0
C00917,61.0,72.0,anual,pix,dsl,nao,74.59,1.0,0,0
C00918,49.0,18.0,mensal,boleto,sem_internet,nao,22.27,1.0,2,1
C00919,60.0,61.0,bianual,debito_automatico,fibra,nao,129.81,3.0,0,0
C00920,18.0,14.0,bianual,pix,dsl,sim,94.91,2.0,0,0
C00921,38.0,10.0,anual,cartao,sem_internet,nao,68.11,1.0,0,0
C00922,31.0,32.0,mensal,cartao,fibra,nao,109.76,1.0,1,0
C00923,44.0,45.0,bianual,debito_automatico,fibra,nao,132.01,1.0,0,0
C00924,35.0,47.0,bianual,debito_automatico,fibra,nao,130.53,1.0,0,0
C00925,40.0,16.0,anual,debito_automatico,dsl,sim,100.22,0.0,0,0
C00926,66.0,35.0,bianual,debito_automatico,dsl,sim,106.36,0.0,0,0
C00927,40.0,11.0,mensal,boleto,fibra,nao,113.14,1.0,0,0
C00928,47.0,20.0,mensal,pix,fibra,nao,114.16,0.0,1,0
C00929,39.0,14.0,mensal,boleto,fibra,nao,100.53,2.0,1,1
C00930,43.0,12.0,mensal,debito_automatico,fibra,nao,128.01,0.0,0,0
C00931,42.0,21.0,mensal,pix,fibra,nao,109.67,2.0,0,1
C00932,48.0,5.0,anual,pix,dsl,sim,113.29,2.0,0,0
C00933,,42.0,mensal,boleto,sem_internet,nao,60.1,2.0,0,0
C00934,63.0,12.0,mensal,boleto,dsl,nao,88.58,1.0,0,0
C00935,46.0,40.0,anual,debito_automatico,sem_internet,sim,70.68,1.0,0,1
C00936,50.0,7.0,anual,cartao,sem_internet,nao,60.61,2.0,0,0
C00937,27.0,12.0,bianual,debito_automatico,dsl,sim,124.98,0.0,0,0
C00938,41.0,5.0,mensal,cartao,dsl,nao,69.41,2.0,0,1
C00939,54.0,5.0,bianual,cartao,dsl,nao,72.29,0.0,1,0
C00940,53.0,8.0,mensal,cartao,dsl,nao,95.01,2.0,0,0
C00941,45.0,7.0,mensal,debito_automatico,fibra,nao,131.68,0.0,2,1
C00942,54.0,5.0,anual,pix,fibra,nao,97.46,2.0,0,0
C00943,48.0,19.0,mensal,cartao,dsl,sim,99.92,2.0,2,0
C00944,58.0,32.0,anual,boleto,sem_internet,nao,55.43,0.0,2,0
C00945,46.0,33.0,mensal,cartao,dsl,nao,62.38,0.0,0,0
C00946,37.0,2.0,mensal,debito_automatico,fibra,nao,132.07,4.0,0,1
C00947,46.0,14.0,mensal,pix,dsl,nao,109.04,1.0,0,0
C00948,18.0,13.0,mensal,pix,dsl,nao,85.6,2.0,0,1
C00949,47.0,56.0,mensal,pix,dsl,sim,101.16,1.0,1,0
C00950,18.0,15.0,mensal,cartao,fibra,sim,157.65,5.0,0,0
C00951,20.0,18.0,mensal,pix,fibra,nao,135.52,3.0,1,1
C00952,48.0,3.0,anual,cartao,fibra,sim,156.48,4.0,0,0
C00953,48.0,8.0,mensal,debito_automatico,sem_internet,sim,87.26,0.0,0,0
C00954,27.0,3.0,anual,cartao,fibra,sim,143.01,3.0,0,1
C00955,33.0,20.0,anual,pix,sem_internet,nao,34.14,3.0,0,0
C00956,60.0,57.0,mensal,pix,fibra,nao,133.59,1.0,1,0
C00957,,8.0,mensal,cartao,sem_internet,nao,34.32,2.0,0,1
C00958,71.0,15.0,anual,pix,fibra,nao,81.21,1.0,0,0
C00959,42.0,7.0,bianual,pix,dsl,nao,75.41,2.0,0,0
C00960,47.0,10.0,mensal,pix,dsl,sim,119.71,2.0,0,1
C00961,63.0,21.0,bianual,cartao,dsl,nao,95.88,0.0,1,0
C00962,44.0,72.0,mensal,pix,dsl,nao,104.69,0.0,0,0
C00963,29.0,55.0,mensal,pix,fibra,nao,121.27,0.0,0,1
C00964,41.0,68.0,mensal,debito_automatico,fibra,nao,129.88,5.0,0,0
C00965,42.0,40.0,mensal,cartao,fibra,sim,156.81,4.0,0,0
C00966,24.0,15.0,mensal,pix,dsl,nao,85.31,2.0,0,1
C00967,39.0,13.0,mensal,pix,dsl,sim,112.2,0.0,0,0
C00968,32.0,8.0,mensal,debito_automatico,fibra,nao,125.8,2.0,1,1
C00969,54.0,15.0,anual,pix,dsl,nao,69.05,1.0,0,0
C00970,42.0,58.0,mensal,boleto,fibra,sim,184.7,1.0,2,0
C00971,38.0,57.0,bianual,debito_automatico,fibra,nao,84.13,0.0,0,0
C00972,41.0,72.0,bianual,cartao,fibra,nao,128.56,2.0,0,0
C00973,45.0,22.0,mensal,cartao,dsl,sim,119.79,0.0,1,1
C00974,50.0,4.0,mensal,cartao,fibra,sim,160.57,2.0,1,1
C00975,29.0,30.0,mensal,cartao,sem_internet,nao,27.26,1.0,0,0
C00976,28.0,72.0,bianual,cartao,dsl,sim,89.83,1.0,0,0
C00977,56.0,64.0,mensal,boleto,dsl,sim,124.09,0.0,2,0
C00978,37.0,11.0,mensal,boleto,fibra,sim,175.12,2.0,1,0
C00979,24.0,5.0,bianual,debito_automatico,dsl,nao,83.3,2.0,0,0
C00980,48.0,5.0,mensal,cartao,sem_internet,nao,57.08,0.0,0,0
C00981,48.0,9.0,mensal,boleto,dsl,nao,73.13,0.0,3,1
C00982,22.0,10.0,bianual,boleto,fibra,nao,124.97,2.0,1,1
C00983,45.0,14.0,bianual,boleto,fibra,sim,173.38,1.0,1,0
C00984,52.0,33.0,mensal,boleto,fibra,sim,150.3,2.0,1,1
C00985,47.0,13.0,mensal,pix,fibra,sim,172.79,0.0,0,1
C00986,50.0,20.0,mensal,debito_automatico,dsl,nao,55.48,2.0,1,0
C00987,24.0,3.0,mensal,cartao,fibra,sim,145.8,4.0,2,1
C00988,46.0,8.0,mensal,cartao,dsl,nao,88.19,3.0,0,1
C00989,38.0,8.0,mensal,boleto,fibra,nao,148.54,0.0,1,0
C00990,36.0,2.0,anual,debito_automatico,dsl,sim,115.21,0.0,0,0
C00991,53.0,13.0,anual,pix,sem_internet,nao,29.49,2.0,0,0
C00992,61.0,3.0,bianual,boleto,fibra,nao,148.2,1.0,1,0
C00993,65.0,12.0,bianual,boleto,fibra,nao,118.11,1.0,1,0
C00994,59.0,21.0,mensal,debito_automatico,dsl,nao,89.97,1.0,2,0
C00995,41.0,58.0,mensal,boleto,fibra,nao,114.98,0.0,0,0
C00996,47.0,7.0,mensal,boleto,dsl,sim,117.13,0.0,2,1
C00997,52.0,20.0,mensal,debito_automatico,sem_internet,nao,36.57,1.0,0,0
C00998,44.0,10.0,mensal,debito_automatico,dsl,sim,148.86,0.0,0,0
C00999,44.0,2.0,anual,boleto,sem_internet,nao,62.87,0.0,2,0
C01000,53.0,59.0,mensal,pix,fibra,nao,146.52,1.0,0,0
C01001,,22.0,mensal,boleto,fibra,nao,108.17,3.0,2,1
C01002,33.0,29.0,mensal,cartao,fibra,sim,127.62,1.0,0,0
C01003,,67.0,bianual,debito_automatico,dsl,nao,75.61,2.0,1,0
C01004,50.0,12.0,anual,debito_automatico,fibra,nao,157.75,1.0,0,0
C01005,42.0,4.0,mensal,debito_automatico,fibra,sim,150.17,1.0,2,1
C01006,46.0,7.0,mensal,debito_automatico,sem_internet,sim,95.78,1.0,1,1
C01007,51.0,4.0,bianual,debito_automatico,fibra,sim,139.63,2.0,0,0
C01008,37.0,47.0,mensal,pix,fibra,nao,107.56,2.0,1,0
C01009,52.0,72.0,anual,debito_automatico,fibra,nao,118.8,4.0,0,0
C01010,47.0,21.0,anual,cartao,fibra,sim,186.65,3.0,0,1
C01011,26.0,34.0,anual,pix,fibra,nao,136.5,2.0,0,0
C01012,61.0,42.0,mensal,cartao,fibra,nao,89.2,4.0,0,0
C01013,35.0,70.0,bianual,pix,fibra,sim,165.0,2.0,1,0
C01014,20.0,72.0,mensal,cartao,dsl,nao,62.77,1.0,3,0
C01015,28.0,1.0,mensal,cartao,fibra,nao,109.78,1.0,0,0
C01016,29.0,10.0,mensal,debito_automatico,dsl,sim,122.66,0.0,2,1
C01017,43.0,19.0,mensal,debito_automatico,dsl,nao,100.98,1.0,1,0
C01018,38.0,9.0,mensal,boleto,dsl,sim,135.24,1.0,1,1
C01019,38.0,14.0,anual,cartao,sem_internet,sim,84.97,0.0,0,0
C01020,50.0,27.0,bianual,pix,fibra,nao,125.18,1.0,1,0
C01021,46.0,26.0,mensal,pix,fibra,sim,175.19,1.0,0,0
C01022,46.0,41.0,bianual,cartao,fibra,nao,96.37,2.0,0,0
C01023,47.0,19.0,bianual,boleto,fibra,sim,182.41,1.0,1,0
C01024,50.0,0.0,mensal,cartao,dsl,sim,103.96,0.0,2,1
C01025,18.0,13.0,anual,cartao,dsl,nao,83.91,0.0,0,0
C01026,37.0,25.0,bianual,boleto,fibra,sim,147.56,1.0,0,0
C01027,18.0,43.0,anual,pix,fibra,nao,102.66,2.0,0,0
C01028,42.0,38.0,mensal,cartao,sem_internet,sim,86.92,0.0,1,0
C01029,42.0,17.0,bianual,cartao,dsl,nao,83.55,0.0,0,0
C01030,56.0,9.0,anual,cartao,fibra,sim,153.42,1.0,0,0
C01031,57.0,17.0,mensal,boleto,sem_internet,sim,77.71,1.0,1,1
C01032,45.0,2.0,mensal,cartao,dsl,nao,102.89,2.0,1,1
C01033,35.0,10.0,mensal,cartao,fibra,sim,187.89,0.0,0,1
C01034,48.0,50.0,mensal,cartao,fibra,nao,138.79,2.0,0,1
C01035,35.0,17.0,mensal,debito_automatico,dsl,nao,84.16,1.0,0,1
C01036,42.0,26.0,mensal,cartao,fibra,nao,95.44,2.0,0,1
C01037,55.0,3.0,bianual,debito_automatico,sem_internet,sim,89.41,2.0,0,0
C01038,35.0,43.0,anual,pix,dsl,nao,90.07,0.0,0,1
C01039,52.0,16.0,mensal,cartao,dsl,sim,126.57,3.0,0,0
C01040,51.0,25.0,mensal,cartao,dsl,sim,97.89,0.0,0,0
C01041,30.0,30.0,mensal,pix,sem_internet,nao,57.75,0.0,0,0
C01042,,42.0,mensal,cartao,fibra,sim,178.42,4.0,0,1
C01043,51.0,22.0,anual,cartao,fibra,sim,140.26,3.0,0,1
C01044,43.0,16.0,mensal,pix,dsl,nao,90.27,2.0,1,1
C01045,32.0,5.0,bianual,debito_automatico,fibra,sim,142.82,3.0,1,0
C01046,31.0,3.0,mensal,pix,dsl,sim,113.44,0.0,1,0
C01047,35.0,21.0,mensal,cartao,dsl,nao,65.77,1.0,1,0
C01048,49.0,25.0,bianual,cartao,fibra,nao,114.74,0.0,2,0
C01049,30.0,29.0,mensal,boleto,fibra,nao,114.86,1.0,1,1
C01050,48.0,7.0,mensal,boleto,dsl,nao,86.18,2.0,0,0
C01051,26.0,10.0,mensal,cartao,fibra,sim,168.36,5.0,0,1
C01052,39.0,21.0,anual,boleto,fibra,nao,138.24,2.0,1,1
C01053,,12.0,mensal,cartao,fibra,sim,145.22,1.0,0,0
C01054,74.0,72.0,bianual,cartao,fibra,sim,160.4,0.0,0,0
C01055,24.0,10.0,anual,boleto,dsl,sim,98.53,1.0,0,0
C01056,61.0,27.0,bianual,cartao,sem_internet,nao,43.34,1.0,0,0
C01057,44.0,37.0,anual,debito_automatico,dsl,sim,115.64,1.0,0,0
C01058,47.0,39.0,anual,cartao,dsl,nao,66.16,3.0,0,0
C01059,44.0,11.0,anual,pix,fibra,sim,163.39,,2,0
C01060,48.0,30.0,mensal,boleto,sem_internet,sim,77.66,0.0,0,0
C01061,40.0,27.0,anual,boleto,sem_internet,sim,82.32,2.0,0,0
C01062,61.0,31.0,anual,pix,dsl,nao,98.37,0.0,0,0
C01063,36.0,21.0,mensal,pix,fibra,nao,113.58,5.0,0,0
C01064,57.0,38.0,anual,cartao,fibra,nao,132.75,0.0,1,0
C01065,34.0,23.0,mensal,cartao,fibra,nao,141.64,1.0,2,1
C01066,41.0,4.0,mensal,pix,fibra,sim,175.72,3.0,0,1
C01067,28.0,22.0,mensal,cartao,fibra,sim,152.18,1.0,0,0
C01068,48.0,25.0,mensal,boleto,sem_internet,nao,30.41,3.0,2,1
C01069,61.0,35.0,mensal,boleto,fibra,nao,109.35,3.0,3,1
C01070,41.0,21.0,mensal,boleto,fibra,sim,131.2,1.0,2,1
C01071,39.0,71.0,mensal,pix,sem_internet,sim,90.29,0.0,0,0
C01072,28.0,17.0,mensal,debito_automatico,sem_internet,nao,56.22,1.0,0,0
C01073,39.0,11.0,anual,cartao,fibra,sim,156.76,1.0,0,1
C01074,21.0,55.0,mensal,boleto,fibra,nao,99.36,2.0,3,0
C01075,30.0,16.0,bianual,boleto,dsl,sim,109.52,0.0,1,0
C01076,45.0,19.0,bianual,debito_automatico,sem_internet,nao,65.7,1.0,0,0
C01077,59.0,25.0,mensal,pix,dsl,nao,89.14,0.0,3,0
C01078,79.0,23.0,mensal,cartao,fibra,nao,131.75,3.0,1,0
C01079,34.0,31.0,mensal,pix,dsl,sim,164.62,0.0,1,0
C01080,61.0,34.0,mensal,cartao,dsl,nao,84.92,0.0,0,0
C01081,45.0,10.0,mensal,debito_automatico,fibra,nao,87.62,1.0,1,0
C01082,40.0,5.0,anual,cartao,fibra,sim,138.48,0.0,1,0
C01083,48.0,6.0,anual,boleto,sem_internet,nao,49.58,0.0,2,0
C01084,43.0,50.0,mensal,cartao,dsl,sim,115.28,1.0,0,0
C01085,43.0,15.0,anual,pix,fibra,nao,117.42,3.0,1,1
C01086,37.0,37.0,mensal,boleto,dsl,nao,77.68,0.0,0,0
C01087,24.0,34.0,bianual,cartao,dsl,nao,68.23,0.0,0,0
C01088,22.0,19.0,bianual,pix,fibra,nao,125.61,1.0,0,0
C01089,50.0,7.0,mensal,pix,fibra,sim,175.92,2.0,0,1
C01090,38.0,35.0,anual,cartao,fibra,nao,145.99,3.0,0,0
C01091,34.0,19.0,bianual,boleto,sem_internet,nao,70.56,0.0,0,0
C01092,42.0,5.0,mensal,pix,fibra,sim,140.66,4.0,1,1
C01093,52.0,12.0,mensal,boleto,dsl,nao,79.7,1.0,0,1
C01094,44.0,3.0,anual,cartao,dsl,sim,110.29,1.0,2,0
C01095,33.0,12.0,mensal,boleto,sem_internet,sim,88.88,2.0,1,1
C01096,58.0,20.0,mensal,cartao,sem_internet,nao,43.76,0.0,2,1
C01097,63.0,17.0,anual,debito_automatico,sem_internet,sim,76.62,1.0,0,0
C01098,48.0,15.0,mensal,pix,sem_internet,sim,101.82,2.0,2,1
C01099,55.0,20.0,mensal,cartao,fibra,sim,156.48,2.0,2,0
C01100,58.0,29.0,bianual,pix,fibra,nao,121.86,3.0,0,0
C01101,57.0,40.0,mensal,debito_automatico,fibra,sim,161.2,1.0,0,0
C01102,50.0,44.0,mensal,debito_automatico,dsl,sim,125.14,0.0,1,0
C01103,50.0,9.0,anual,boleto,fibra,sim,165.23,2.0,3,1
C01104,49.0,47.0,mensal,boleto,fibra,sim,178.28,2.0,1,0
C01105,28.0,19.0,anual,debito_automatico,fibra,sim,135.72,2.0,0,1
C01106,51.0,14.0,anual,debito_automatico,dsl,nao,84.87,1.0,1,0
C01107,24.0,6.0,mensal,boleto,fibra,nao,118.46,0.0,0,1
C01108,32.0,28.0,mensal,cartao,fibra,nao,115.49,3.0,1,1
C01109,59.0,27.0,bianual,cartao,dsl,nao,91.37,2.0,2,0
C01110,53.0,11.0,bianual,cartao,dsl,sim,134.45,0.0,1,0
C01111,61.0,11.0,mensal,boleto,sem_internet,sim,71.12,2.0,0,1
C01112,38.0,16.0,mensal,boleto,dsl,nao,105.3,0.0,1,1
C01113,27.0,13.0,mensal,cartao,dsl,sim,93.53,0.0,2,0
C01114,39.0,8.0,bianual,pix,fibra,nao,128.85,1.0,0,0
C01115,43.0,5.0,bianual,pix,fibra,sim,141.64,0.0,0,0
C01116,43.0,48.0,mensal,boleto,dsl,nao,70.37,2.0,1,0
C01117,57.0,12.0,bianual,boleto,fibra,sim,155.9,1.0,1,0
C01118,37.0,27.0,mensal,cartao,dsl,nao,74.02,1.0,0,0
C01119,47.0,31.0,mensal,cartao,sem_internet,nao,20.0,1.0,1,0
C01120,29.0,28.0,anual,pix,fibra,sim,164.17,0.0,2,0
C01121,48.0,33.0,mensal,cartao,dsl,sim,126.7,2.0,4,1
C01122,42.0,27.0,anual,pix,fibra,sim,152.58,3.0,0,0
C01123,32.0,10.0,mensal,boleto,fibra,sim,151.41,3.0,1,1
C01124,,14.0,anual,pix,fibra,nao,114.41,2.0,1,0
C01125,40.0,47.0,bianual,pix,dsl,nao,54.33,,0,0
C01126,38.0,11.0,mensal,debito_automatico,sem_internet,nao,20.0,2.0,1,1
C01127,65.0,19.0,mensal,pix,fibra,nao,132.05,2.0,0,0
C01128,41.0,29.0,anual,cartao,dsl,nao,95.97,0.0,1,0
C01129,39.0,61.0,mensal,boleto,fibra,sim,163.95,0.0,2,0
C01130,18.0,44.0,anual,cartao,fibra,nao,125.69,2.0,1,0
C01131,30.0,7.0,anual,pix,dsl,nao,91.74,0.0,1,1
C01132,39.0,26.0,mensal,pix,dsl,sim,125.74,0.0,0,0
C01133,33.0,23.0,bianual,cartao,dsl,nao,68.22,1.0,1,0
C01134,60.0,14.0,mensal,debito_automatico,sem_internet,nao,48.34,2.0,1,0
C01135,40.0,19.0,mensal,boleto,fibra,sim,150.56,2.0,3,1
C01136,59.0,10.0,mensal,boleto,dsl,nao,75.76,0.0,2,0
C01137,43.0,16.0,anual,debito_automatico,fibra,sim,172.1,2.0,2,1
C01138,42.0,11.0,bianual,cartao,dsl,sim,138.62,0.0,2,0
C01139,41.0,21.0,mensal,boleto,fibra,sim,119.8,1.0,1,1
C01140,42.0,14.0,mensal,pix,fibra,nao,116.17,1.0,0,0
C01141,64.0,64.0,mensal,cartao,dsl,sim,110.39,1.0,0,0
C01142,18.0,21.0,anual,cartao,fibra,sim,172.42,3.0,1,0
C01143,18.0,18.0,mensal,boleto,dsl,sim,93.24,1.0,1,0
C01144,35.0,15.0,mensal,boleto,sem_internet,sim,35.16,0.0,1,0
C01145,42.0,14.0,mensal,debito_automatico,fibra,nao,132.31,0.0,0,0
C01146,51.0,5.0,mensal,pix,dsl,nao,94.44,2.0,0,1
C01147,48.0,37.0,anual,boleto,sem_internet,sim,53.24,0.0,2,0
C01148,37.0,55.0,mensal,pix,dsl,sim,113.13,1.0,0,0
C01149,55.0,11.0,mensal,pix,fibra,sim,177.95,1.0,1,0
C01150,55.0,47.0,mensal,pix,dsl,nao,63.83,0.0,0,1
C01151,44.0,72.0,mensal,debito_automatico,dsl,nao,81.52,1.0,2,0
C01152,55.0,72.0,mensal,cartao,dsl,sim,122.62,0.0,0,0
C01153,46.0,53.0,mensal,pix,dsl,sim,93.59,2.0,2,1
C01154,35.0,5.0,mensal,cartao,fibra,sim,146.54,2.0,1,1
C01155,51.0,5.0,mensal,boleto,dsl,nao,54.64,2.0,0,1
C01156,43.0,33.0,mensal,cartao,fibra,sim,152.53,1.0,0,1
C01157,42.0,19.0,anual,cartao,sem_internet,nao,33.14,2.0,1,1
C01158,61.0,1.0,mensal,cartao,dsl,nao,83.12,0.0,1,0
C01159,18.0,13.0,mensal,pix,sem_internet,sim,89.52,1.0,0,0
C01160,24.0,31.0,anual,cartao,fibra,nao,140.83,3.0,0,1
C01161,27.0,16.0,mensal,cartao,fibra,nao,154.98,3.0,0,1
C01162,37.0,19.0,mensal,pix,fibra,sim,158.12,3.0,0,1
C01163,39.0,5.0,bianual,boleto,fibra,nao,115.25,3.0,1,0
C01164,22.0,13.0,mensal,boleto,fibra,nao,114.38,1.0,2,1
C01165,29.0,33.0,bianual,pix,dsl,sim,100.53,1.0,1,0
C01166,31.0,12.0,mensal,pix,fibra,nao,126.72,0.0,0,0
C01167,74.0,50.0,bianual,debito_automatico,sem_internet,sim,72.58,2.0,2,0
C01168,65.0,20.0,bianual,cartao,fibra,sim,162.77,4.0,0,0
C01169,37.0,28.0,mensal,cartao,fibra,nao,106.0,1.0,1,1
C01170,37.0,32.0,mensal,pix,dsl,nao,73.01,0.0,1,0
C01171,27.0,31.0,anual,pix,fibra,sim,161.49,2.0,1,0
C01172,18.0,7.0,mensal,boleto,dsl,nao,78.13,0.0,3,1
C01173,,8.0,mensal,pix,dsl,sim,86.2,0.0,0,0
C01174,29.0,1.0,bianual,debito_automatico,dsl,nao,79.77,0.0,0,0
C01175,41.0,14.0,anual,boleto,dsl,nao,67.97,0.0,1,0
C01176,21.0,7.0,bianual,boleto,dsl,nao,97.72,0.0,1,0
C01177,32.0,12.0,bianual,boleto,sem_internet,nao,59.57,1.0,2,0
C01178,44.0,15.0,bianual,pix,fibra,nao,85.76,0.0,1,0
C01179,47.0,22.0,anual,cartao,fibra,sim,167.02,4.0,2,0
C01180,47.0,17.0,anual,debito_automatico,dsl,nao,85.84,2.0,0,0
C01181,25.0,16.0,bianual,boleto,fibra,sim,132.74,3.0,3,1
C01182,53.0,26.0,anual,pix,dsl,nao,93.17,2.0,0,0
C01183,32.0,18.0,mensal,cartao,dsl,nao,60.8,0.0,0,0
C01184,50.0,39.0,anual,pix,fibra,nao,137.18,4.0,0,0
C01185,42.0,18.0,mensal,cartao,fibra,sim,145.31,2.0,2,0
C01186,24.0,61.0,bianual,pix,dsl,nao,57.23,0.0,0,0
C01187,38.0,6.0,anual,debito_automatico,fibra,nao,151.81,3.0,0,0
C01188,47.0,14.0,anual,cartao,fibra,nao,96.81,2.0,0,0
C01189,50.0,10.0,mensal,pix,dsl,nao,67.91,1.0,1,0
C01190,40.0,23.0,mensal,cartao,dsl,sim,105.85,1.0,1,0
C01191,62.0,6.0,mensal,pix,dsl,sim,108.16,2.0,1,0
C01192,55.0,3.0,anual,boleto,fibra,nao,130.48,2.0,3,1
C01193,39.0,8.0,anual,debito_automatico,fibra,sim,155.87,3.0,0,1
C01194,52.0,4.0,mensal,pix,dsl,nao,95.06,0.0,0,0
C01195,67.0,16.0,mensal,pix,fibra,sim,160.58,0.0,1,0
C01196,67.0,22.0,mensal,cartao,sem_internet,nao,20.0,0.0,0,1
C01197,26.0,3.0,mensal,cartao,dsl,nao,88.25,1.0,0,0
C01198,30.0,13.0,bianual,pix,fibra,nao,123.51,1.0,1,0
C01199,61.0,43.0,bianual,cartao,dsl,nao,70.63,1.0,0,0
C01200,28.0,54.0,anual,pix,sem_internet,sim,111.11,0.0,0,0
C01201,25.0,35.0,mensal,cartao,sem_internet,sim,89.13,1.0,0,0
C01202,36.0,0.0,mensal,boleto,dsl,nao,94.13,0.0,3,1
C01203,47.0,20.0,bianual,pix,fibra,nao,134.65,2.0,1,1
C01204,41.0,48.0,bianual,cartao,dsl,nao,73.7,0.0,1,0
C01205,34.0,12.0,mensal,cartao,dsl,nao,89.5,2.0,0,1
C01206,33.0,5.0,anual,cartao,dsl,sim,119.74,3.0,0,0
C01207,33.0,45.0,mensal,pix,fibra,nao,111.64,2.0,0,0
C01208,31.0,50.0,mensal,debito_automatico,sem_internet,nao,26.68,2.0,1,0
C01209,72.0,18.0,bianual,pix,dsl,sim,115.36,2.0,2,0
C01210,46.0,5.0,bianual,cartao,fibra,sim,163.8,1.0,0,0
C01211,54.0,2.0,bianual,cartao,fibra,nao,120.24,1.0,1,0
C01212,36.0,25.0,mensal,boleto,fibra,nao,117.27,5.0,0,1
C01213,40.0,10.0,mensal,cartao,fibra,sim,155.41,4.0,0,1
C01214,33.0,17.0,bianual,boleto,fibra,nao,115.7,1.0,2,0
C01215,18.0,16.0,anual,boleto,dsl,sim,138.24,0.0,3,1
C01216,24.0,7.0,mensal,cartao,fibra,nao,124.05,1.0,1,1
C01217,18.0,2.0,mensal,debito_automatico,fibra,nao,112.7,0.0,0,1
C01218,18.0,12.0,mensal,cartao,fibra,nao,92.88,1.0,2,1
C01219,26.0,21.0,anual,cartao,fibra,nao,117.04,3.0,0,0
C01220,59.0,22.0,bianual,cartao,fibra,nao,111.35,1.0,0,0
C01221,41.0,9.0,mensal,cartao,fibra,nao,110.79,2.0,0,1
C01222,59.0,49.0,mensal,pix,dsl,nao,94.14,0.0,1,0
C01223,47.0,5.0,mensal,pix,fibra,nao,121.2,0.0,0,1
C01224,52.0,41.0,anual,pix,dsl,nao,54.76,1.0,3,1
C01225,30.0,20.0,mensal,boleto,fibra,nao,129.28,1.0,1,0
C01226,49.0,12.0,mensal,cartao,fibra,sim,131.27,1.0,0,1
C01227,51.0,28.0,anual,pix,fibra,nao,130.4,2.0,0,0
C01228,35.0,15.0,mensal,pix,fibra,sim,147.87,3.0,1,1
C01229,49.0,3.0,anual,cartao,dsl,nao,81.3,0.0,3,0
C01230,49.0,5.0,anual,cartao,dsl,sim,114.63,3.0,0,0
C01231,35.0,14.0,mensal,pix,dsl,sim,112.78,2.0,0,0
C01232,27.0,11.0,anual,pix,fibra,sim,158.14,2.0,0,0
C01233,27.0,40.0,anual,cartao,fibra,nao,121.23,1.0,0,0
C01234,43.0,10.0,anual,boleto,sem_internet,nao,73.05,0.0,3,1
C01235,46.0,9.0,anual,pix,fibra,sim,158.36,0.0,0,1
C01236,32.0,8.0,mensal,debito_automatico,fibra,sim,158.71,2.0,0,0
C01237,42.0,7.0,mensal,boleto,fibra,nao,109.36,1.0,1,0
C01238,,8.0,mensal,cartao,sem_internet,nao,50.71,2.0,0,0
C01239,50.0,4.0,mensal,debito_automatico,sem_internet,sim,64.65,1.0,0,0
C01240,62.0,21.0,mensal,debito_automatico,fibra,nao,137.25,1.0,1,0
C01241,59.0,16.0,mensal,pix,fibra,nao,97.73,4.0,3,1
C01242,29.0,15.0,anual,boleto,dsl,sim,102.35,0.0,2,0
C01243,,2.0,mensal,boleto,fibra,nao,95.56,3.0,1,1
C01244,35.0,26.0,bianual,debito_automatico,fibra,sim,161.29,2.0,0,0
C01245,56.0,28.0,anual,boleto,fibra,nao,113.64,2.0,2,0
C01246,43.0,59.0,mensal,cartao,fibra,nao,130.29,0.0,0,0
C01247,37.0,27.0,anual,cartao,fibra,nao,105.37,2.0,2,0
C01248,18.0,68.0,mensal,cartao,dsl,nao,87.97,3.0,0,0
C01249,40.0,9.0,bianual,pix,dsl,sim,123.7,0.0,0,0
C01250,22.0,61.0,bianual,boleto,dsl,nao,83.18,0.0,0,0
C01251,55.0,27.0,bianual,pix,fibra,nao,120.46,2.0,0,0
C01252,62.0,24.0,anual,debito_automatico,fibra,nao,122.06,1.0,0,0
C01253,32.0,15.0,bianual,cartao,sem_internet,nao,31.34,1.0,1,0
C01254,46.0,12.0,anual,pix,fibra,sim,138.87,2.0,0,0
C01255,33.0,10.0,bianual,boleto,fibra,sim,163.16,3.0,0,0
C01256,34.0,63.0,mensal,pix,fibra,sim,149.47,2.0,0,0
C01257,52.0,14.0,bianual,boleto,fibra,nao,126.8,3.0,3,0
C01258,41.0,28.0,anual,pix,fibra,nao,143.26,0.0,0,0
C01259,65.0,33.0,mensal,boleto,fibra,nao,113.14,1.0,1,1
C01260,36.0,33.0,bianual,debito_automatico,dsl,sim,106.0,2.0,0,0
C01261,55.0,21.0,anual,boleto,fibra,nao,115.14,1.0,1,1
C01262,43.0,60.0,bianual,cartao,dsl,nao,80.58,1.0,0,0
C01263,52.0,26.0,mensal,boleto,dsl,nao,89.21,0.0,1,1
C01264,36.0,9.0,anual,boleto,fibra,sim,154.57,3.0,0,0
C01265,41.0,13.0,anual,boleto,dsl,sim,146.18,1.0,0,0
C01266,40.0,3.0,mensal,boleto,sem_internet,sim,86.31,1.0,1,0
C01267,31.0,23.0,anual,debito_automatico,fibra,nao,131.71,1.0,0,0
C01268,51.0,30.0,anual,cartao,dsl,nao,79.45,0.0,0,0
C01269,50.0,32.0,mensal,boleto,dsl,nao,95.18,0.0,1,0
C01270,50.0,27.0,anual,pix,dsl,nao,76.92,0.0,1,0
C01271,62.0,15.0,mensal,debito_automatico,fibra,nao,110.34,2.0,2,1
C01272,61.0,18.0,bianual,cartao,fibra,nao,133.58,1.0,0,0
C01273,37.0,18.0,bianual,cartao,fibra,nao,119.14,2.0,0,0
C01274,47.0,40.0,mensal,cartao,fibra,sim,158.68,3.0,2,0
C01275,34.0,1.0,mensal,debito_automatico,fibra,sim,169.73,1.0,2,1
C01276,42.0,11.0,mensal,pix,sem_internet,nao,47.08,0.0,1,1
C01277,34.0,6.0,mensal,debito_automatico,fibra,nao,117.76,6.0,0,1
C01278,63.0,72.0,bianual,pix,fibra,sim,146.97,6.0,1,0
C01279,47.0,47.0,mensal,debito_automatico,fibra,nao,135.93,3.0,0,0
C01280,39.0,12.0,mensal,pix,fibra,sim,149.87,1.0,0,0
C01281,58.0,4.0,mensal,debito_automatico,dsl,nao,79.23,3.0,0,1
C01282,18.0,5.0,anual,debito_automatico,dsl,nao,84.3,0.0,0,0
C01283,18.0,40.0,bianual,debito_automatico,fibra,sim,159.24,1.0,0,0
C01284,52.0,3.0,mensal,pix,fibra,sim,170.21,0.0,0,0
C01285,43.0,18.0,mensal,boleto,fibra,nao,118.95,0.0,0,0
C01286,45.0,35.0,mensal,boleto,sem_internet,nao,65.65,0.0,0,1
C01287,25.0,4.0,mensal,boleto,fibra,nao,116.27,0.0,0,1
C01288,42.0,18.0,mensal,cartao,fibra,nao,125.56,4.0,2,1
C01289,68.0,12.0,anual,pix,fibra,sim,152.24,1.0,1,0
C01290,53.0,10.0,mensal,debito_automatico,fibra,sim,186.4,1.0,0,1
C01291,44.0,9.0,mensal,boleto,fibra,nao,114.74,4.0,2,1
C01292,,37.0,anual,cartao,sem_internet,nao,41.1,1.0,1,0
C01293,37.0,55.0,anual,boleto,fibra,sim,156.72,,2,0
C01294,18.0,14.0,mensal,pix,fibra,sim,151.0,2.0,3,1
C01295,45.0,25.0,mensal,pix,fibra,sim,159.72,0.0,0,1
C01296,53.0,18.0,anual,boleto,fibra,sim,173.44,1.0,1,0
C01297,22.0,2.0,mensal,cartao,sem_internet,nao,47.21,0.0,0,0
C01298,33.0,13.0,bianual,pix,dsl,nao,82.76,1.0,0,0
C01299,27.0,1.0,bianual,debito_automatico,sem_internet,sim,76.56,1.0,0,0
C01300,29.0,11.0,bianual,pix,sem_internet,nao,37.42,1.0,0,0
C01301,43.0,17.0,mensal,cartao,dsl,sim,116.45,0.0,0,1
C01302,18.0,32.0,mensal,boleto,dsl,sim,115.11,0.0,0,0
C01303,50.0,23.0,bianual,debito_automatico,dsl,sim,132.6,2.0,0,0
C01304,52.0,38.0,mensal,boleto,dsl,sim,100.61,0.0,1,0
C01305,39.0,7.0,mensal,pix,dsl,sim,136.82,1.0,0,0
C01306,18.0,49.0,anual,pix,dsl,nao,77.8,0.0,0,0
C01307,29.0,55.0,mensal,cartao,fibra,nao,122.23,2.0,0,0
C01308,58.0,1.0,anual,cartao,dsl,nao,64.03,0.0,0,0
C01309,18.0,2.0,bianual,pix,fibra,nao,128.43,1.0,1,0
C01310,37.0,17.0,anual,pix,dsl,sim,100.59,0.0,0,0
C01311,27.0,10.0,mensal,cartao,dsl,sim,120.6,2.0,3,0
C01312,52.0,12.0,bianual,pix,dsl,sim,119.14,1.0,0,0
C01313,33.0,22.0,anual,boleto,dsl,sim,110.12,0.0,2,0
C01314,47.0,39.0,mensal,pix,dsl,sim,84.02,,0,1
C01315,49.0,7.0,anual,debito_automatico,dsl,nao,112.41,1.0,0,0
C01316,66.0,44.0,mensal,boleto,fibra,nao,104.19,1.0,1,0
C01317,39.0,8.0,mensal,debito_automatico,fibra,nao,124.09,0.0,1,0
C01318,47.0,72.0,anual,debito_automatico,fibra,nao,109.05,1.0,0,0
C01319,23.0,50.0,mensal,debito_automatico,fibra,nao,135.72,,1,1
C01320,57.0,9.0,mensal,cartao,fibra,nao,114.31,1.0,0,1
C01321,32.0,4.0,anual,debito_automatico,dsl,nao,68.72,2.0,0,0
C01322,35.0,9.0,mensal,pix,dsl,sim,123.93,1.0,0,0
C01323,42.0,8.0,mensal,cartao,fibra,nao,100.92,4.0,0,1
C01324,22.0,29.0,mensal,boleto,sem_internet,nao,38.8,1.0,1,1
C01325,,1.0,anual,pix,fibra,sim,165.35,4.0,0,0
C01326,55.0,2.0,bianual,debito_automatico,dsl,nao,102.6,0.0,1,0
C01327,46.0,28.0,mensal,cartao,fibra,nao,105.56,2.0,0,1
C01328,21.0,8.0,anual,pix,dsl,nao,70.83,1.0,0,0
C01329,40.0,11.0,mensal,boleto,fibra,sim,160.28,1.0,1,1
C01330,52.0,35.0,mensal,pix,fibra,nao,90.04,0.0,1,0
C01331,18.0,40.0,mensal,cartao,fibra,sim,175.36,1.0,1,1
C01332,28.0,48.0,mensal,boleto,dsl,sim,100.01,1.0,1,0
C01333,53.0,32.0,mensal,pix,sem_internet,sim,73.44,2.0,1,0
C01334,46.0,14.0,anual,pix,dsl,sim,118.91,1.0,0,0
C01335,47.0,13.0,anual,boleto,dsl,nao,80.77,1.0,1,0
C01336,66.0,12.0,bianual,pix,fibra,nao,105.55,0.0,0,0
C01337,48.0,4.0,bianual,pix,dsl,nao,105.82,2.0,1,0
C01338,51.0,6.0,mensal,pix,dsl,nao,41.37,,1,0
C01339,77.0,43.0,mensal,boleto,fibra,sim,138.17,0.0,2,0
C01340,39.0,8.0,mensal,boleto,fibra,nao,110.45,3.0,1,1
C01341,32.0,4.0,mensal,pix,fibra,nao,105.75,2.0,0,0
C01342,48.0,46.0,bianual,pix,fibra,nao,138.29,0.0,1,0
C01343,48.0,21.0,mensal,boleto,fibra,nao,95.12,0.0,1,0
C01344,35.0,64.0,mensal,cartao,dsl,sim,138.36,2.0,2,0
C01345,29.0,59.0,mensal,boleto,dsl,sim,110.83,0.0,1,0
C01346,72.0,5.0,bianual,cartao,fibra,nao,99.59,1.0,0,0
C01347,46.0,16.0,mensal,debito_automatico,sem_internet,sim,48.49,1.0,1,0
C01348,32.0,6.0,anual,boleto,dsl,sim,111.77,1.0,1,1
C01349,54.0,6.0,mensal,debito_automatico,dsl,sim,104.47,1.0,1,0
C01350,41.0,11.0,mensal,debito_automatico,sem_internet,nao,48.55,0.0,0,0
C01351,39.0,30.0,mensal,cartao,sem_internet,nao,38.24,1.0,0,1
C01352,49.0,30.0,anual,pix,fibra,nao,134.34,3.0,0,0
C01353,25.0,27.0,anual,boleto,sem_internet,nao,42.86,0.0,2,0
C01354,47.0,14.0,mensal,boleto,fibra,sim,148.64,1.0,1,1
C01355,,31.0,mensal,cartao,fibra,sim,169.6,4.0,0,1
C01356,48.0,4.0,mensal,cartao,fibra,nao,123.42,2.0,0,0
C01357,37.0,22.0,mensal,cartao,dsl,nao,91.62,2.0,0,1
C01358,35.0,18.0,mensal,pix,sem_internet,nao,62.23,2.0,1,1
C01359,37.0,14.0,mensal,cartao,fibra,nao,115.59,2.0,0,0
C01360,39.0,22.0,anual,cartao,dsl,sim,115.57,0.0,1,0
C01361,37.0,6.0,bianual,pix,fibra,nao,132.66,2.0,0,0
C01362,54.0,28.0,anual,pix,dsl,sim,78.24,1.0,0,0
C01363,19.0,17.0,anual,cartao,fibra,nao,118.47,3.0,2,1
C01364,53.0,3.0,bianual,boleto,dsl,sim,111.63,2.0,2,1
C01365,37.0,17.0,bianual,cartao,dsl,nao,85.61,1.0,1,0
C01366,47.0,10.0,mensal,boleto,fibra,nao,107.98,0.0,1,0
C01367,27.0,44.0,mensal,cartao,sem_internet,sim,96.43,2.0,1,0
C01368,,5.0,mensal,debito_automatico,sem_internet,nao,33.93,1.0,0,0
C01369,58.0,5.0,bianual,cartao,fibra,sim,148.11,5.0,1,1
C01370,54.0,25.0,mensal,cartao,dsl,nao,70.03,3.0,0,0
C01371,22.0,15.0,mensal,pix,dsl,sim,133.45,0.0,0,0
C01372,53.0,14.0,mensal,boleto,fibra,nao,88.72,0.0,3,0
C01373,47.0,31.0,anual,boleto,fibra,nao,146.8,1.0,1,0
C01374,21.0,13.0,anual,pix,dsl,nao,102.1,2.0,1,0
C01375,42.0,2.0,anual,boleto,dsl,nao,71.53,1.0,0,0
C01376,47.0,12.0,anual,boleto,dsl,nao,95.4,0.0,2,0
C01377,49.0,4.0,bianual,boleto,dsl,nao,81.95,2.0,1,0
C01378,44.0,6.0,mensal,debito_automatico,dsl,nao,104.79,0.0,1,1
C01379,46.0,7.0,bianual,debito_automatico,fibra,sim,169.26,1.0,1,0
C01380,61.0,41.0,anual,cartao,fibra,nao,152.9,0.0,2,0
C01381,58.0,3.0,mensal,cartao,fibra,sim,131.57,4.0,0,1
C01382,18.0,38.0,bianual,cartao,fibra,sim,157.87,0.0,1,0
C01383,38.0,26.0,bianual,boleto,dsl,nao,54.14,2.0,1,0
C01384,40.0,26.0,bianual,pix,dsl,nao,72.22,1.0,1,0
C01385,19.0,6.0,bianual,pix,fibra,nao,153.74,1.0,0,0
C01386,43.0,34.0,mensal,cartao,dsl,nao,87.02,0.0,0,0
C01387,58.0,5.0,mensal,cartao,fibra,nao,134.77,2.0,1,0
C01388,28.0,55.0,mensal,pix,fibra,nao,127.71,0.0,0,0
C01389,,42.0,bianual,boleto,sem_internet,sim,86.76,2.0,3,0
C01390,30.0,63.0,bianual,cartao,fibra,sim,147.16,3.0,0,0
C01391,33.0,18.0,bianual,pix,dsl,sim,104.37,0.0,0,1
C01392,61.0,15.0,bianual,boleto,fibra,sim,146.76,3.0,0,0
C01393,35.0,12.0,anual,boleto,fibra,nao,79.04,3.0,1,1
C01394,48.0,72.0,mensal,cartao,dsl,sim,113.77,0.0,0,0
C01395,18.0,30.0,mensal,debito_automatico,dsl,sim,118.6,0.0,0,0
C01396,66.0,4.0,mensal,debito_automatico,dsl,nao,70.71,1.0,0,0
C01397,50.0,50.0,anual,boleto,sem_internet,sim,78.04,1.0,0,0
C01398,40.0,14.0,mensal,debito_automatico,dsl,nao,87.88,0.0,0,0
C01399,49.0,0.0,bianual,boleto,dsl,nao,93.27,1.0,1,0
C01400,24.0,8.0,anual,pix,fibra,nao,102.03,2.0,2,0
C01401,57.0,42.0,mensal,boleto,fibra,nao,108.08,3.0,0,1
C01402,38.0,26.0,bianual,boleto,dsl,nao,91.29,0.0,1,0
C01403,39.0,31.0,anual,debito_automatico,dsl,nao,88.84,1.0,0,0
C01404,36.0,50.0,anual,boleto,fibra,sim,175.17,3.0,2,0
C01405,34.0,2.0,mensal,debito_automatico,fibra,nao,139.54,1.0,1,1
C01406,51.0,8.0,mensal,boleto,fibra,nao,156.22,0.0,0,0
C01407,45.0,18.0,mensal,cartao,fibra,nao,115.61,2.0,0,1
C01408,50.0,43.0,mensal,boleto,fibra,sim,178.68,1.0,2,1
C01409,42.0,5.0,anual,cartao,dsl,nao,66.2,0.0,0,0
C01410,49.0,13.0,bianual,boleto,dsl,nao,115.91,0.0,2,0
C01411,37.0,17.0,bianual,cartao,sem_internet,nao,51.82,4.0,0,0
C01412,71.0,8.0,mensal,boleto,dsl,sim,123.13,0.0,2,1
C01413,22.0,17.0,bianual,pix,fibra,sim,169.85,1.0,0,1
C01414,58.0,15.0,mensal,debito_automatico,dsl,nao,59.67,2.0,1,0
C01415,60.0,10.0,mensal,boleto,dsl,nao,63.88,1.0,0,0
C01416,,34.0,anual,boleto,dsl,nao,81.74,0.0,0,0
C01417,71.0,29.0,bianual,boleto,fibra,nao,125.19,2.0,1,0
C01418,55.0,35.0,bianual,boleto,dsl,sim,146.24,2.0,0,0
C01419,55.0,38.0,bianual,cartao,fibra,nao,105.76,0.0,0,0
C01420,42.0,3.0,mensal,cartao,fibra,nao,143.1,0.0,2,0
C01421,39.0,3.0,mensal,pix,fibra,nao,116.02,2.0,0,1
C01422,39.0,31.0,mensal,pix,fibra,nao,115.81,1.0,2,1
C01423,47.0,11.0,anual,boleto,sem_internet,sim,77.54,0.0,2,1
C01424,60.0,10.0,mensal,boleto,fibra,sim,150.42,2.0,1,1
C01425,44.0,8.0,mensal,boleto,fibra,sim,162.3,1.0,1,0
C01426,30.0,36.0,mensal,boleto,dsl,sim,109.08,2.0,2,1
C01427,53.0,72.0,anual,cartao,sem_internet,nao,23.84,0.0,1,0
C01428,,37.0,anual,boleto,dsl,sim,110.98,2.0,0,0
C01429,51.0,10.0,mensal,boleto,fibra,nao,126.85,0.0,2,1
C01430,52.0,35.0,mensal,boleto,fibra,sim,133.97,3.0,1,0
C01431,38.0,3.0,anual,debito_automatico,dsl,nao,88.73,0.0,1,0
C01432,30.0,14.0,anual,boleto,dsl,nao,97.71,1.0,2,0
C01433,31.0,2.0,mensal,pix,fibra,sim,177.2,,2,1
C01434,21.0,11.0,mensal,cartao,sem_internet,nao,50.06,0.0,1,1
C01435,45.0,20.0,bianual,cartao,dsl,nao,52.93,1.0,0,0
C01436,41.0,72.0,anual,cartao,dsl,nao,89.71,1.0,0,0
C01437,36.0,46.0,mensal,cartao,fibra,sim,169.51,1.0,1,0
C01438,18.0,2.0,anual,cartao,sem_internet,nao,34.55,0.0,1,0
C01439,26.0,2.0,anual,cartao,dsl,sim,113.91,0.0,0,1
C01440,57.0,8.0,mensal,cartao,fibra,nao,127.25,4.0,0,0
C01441,33.0,69.0,mensal,cartao,fibra,sim,181.81,4.0,0,0
C01442,47.0,2.0,bianual,boleto,fibra,nao,116.16,2.0,1,1
C01443,24.0,8.0,mensal,debito_automatico,fibra,nao,133.37,1.0,0,0
C01444,61.0,8.0,mensal,debito_automatico,fibra,sim,159.74,1.0,1,0
C01445,40.0,25.0,anual,debito_automatico,fibra,nao,122.99,3.0,0,0
C01446,46.0,35.0,mensal,pix,fibra,nao,139.96,0.0,0,0
C01447,72.0,29.0,anual,cartao,dsl,sim,102.53,1.0,1,0
C01448,,22.0,mensal,pix,dsl,nao,83.46,3.0,0,0
C01449,38.0,3.0,mensal,cartao,dsl,nao,80.41,1.0,0,0
C01450,34.0,19.0,mensal,cartao,fibra,nao,97.4,4.0,1,1
C01451,38.0,51.0,bianual,debito_automatico,fibra,sim,173.49,2.0,1,0
C01452,49.0,65.0,anual,boleto,dsl,sim,127.44,2.0,1,0
C01453,41.0,24.0,bianual,boleto,dsl,sim,115.51,0.0,1,0
C01454,37.0,2.0,mensal,cartao,fibra,nao,116.08,1.0,0,0
C01455,,25.0,anual,boleto,sem_internet,sim,80.0,4.0,0,0
C01456,41.0,15.0,mensal,boleto,dsl,nao,90.61,2.0,0,0
C01457,72.0,2.0,anual,pix,sem_internet,nao,45.79,0.0,0,1
C01458,43.0,5.0,mensal,cartao,dsl,nao,69.99,1.0,0,0
C01459,65.0,6.0,anual,boleto,fibra,nao,112.24,0.0,1,0
C01460,47.0,31.0,mensal,boleto,sem_internet,nao,44.82,1.0,1,0
C01461,55.0,63.0,mensal,pix,sem_internet,nao,31.01,0.0,0,0
C01462,33.0,27.0,anual,pix,dsl,nao,85.0,2.0,1,0
C01463,31.0,32.0,mensal,debito_automatico,sem_internet,nao,33.1,3.0,1,0
C01464,48.0,16.0,mensal,boleto,sem_internet,sim,65.68,0.0,0,1
C01465,55.0,9.0,bianual,cartao,dsl,sim,162.9,0.0,2,1
C01466,43.0,28.0,mensal,cartao,fibra,nao,149.1,1.0,0,1
C01467,25.0,22.0,anual,pix,dsl,sim,117.16,1.0,2,1
C01468,24.0,7.0,bianual,cartao,dsl,sim,127.77,,0,0
C01469,23.0,21.0,anual,pix,dsl,sim,130.31,0.0,1,0
C01470,19.0,17.0,mensal,cartao,fibra,nao,118.87,2.0,0,1
C01471,43.0,12.0,anual,pix,dsl,sim,119.24,1.0,0,0
C01472,57.0,9.0,mensal,cartao,sem_internet,sim,76.07,0.0,0,0
C01473,42.0,24.0,mensal,cartao,fibra,nao,138.84,3.0,0,0
C01474,18.0,10.0,anual,cartao,fibra,sim,174.04,2.0,0,0
C01475,40.0,72.0,bianual,debito_automatico,dsl,nao,103.43,1.0,0,0
C01476,40.0,27.0,mensal,pix,fibra,sim,158.99,5.0,0,1
C01477,69.0,25.0,mensal,cartao,fibra,nao,152.52,1.0,0,1
C01478,,14.0,anual,pix,dsl,nao,78.85,2.0,1,0
C01479,37.0,11.0,mensal,cartao,sem_internet,sim,110.7,0.0,0,0
C01480,64.0,1.0,anual,cartao,fibra,nao,113.05,5.0,0,0
C01481,48.0,7.0,mensal,cartao,fibra,nao,100.54,2.0,1,0
C01482,49.0,2.0,mensal,boleto,fibra,nao,150.42,2.0,2,1
C01483,43.0,2.0,anual,pix,dsl,nao,89.91,2.0,0,0
C01484,46.0,4.0,bianual,boleto,fibra,nao,127.79,0.0,0,0
C01485,,47.0,mensal,cartao,fibra,sim,149.59,0.0,0,0
C01486,31.0,47.0,bianual,cartao,dsl,sim,102.32,1.0,1,0
C01487,53.0,8.0,mensal,debito_automatico,sem_internet,sim,68.75,0.0,2,1
C01488,24.0,3.0,mensal,pix,fibra,nao,122.08,2.0,0,0
C01489,46.0,11.0,mensal,pix,dsl,nao,77.75,0.0,0,1
C01490,44.0,31.0,mensal,cartao,dsl,sim,85.89,1.0,0,1
C01491,34.0,39.0,anual,cartao,fibra,nao,145.41,2.0,1,0
C01492,42.0,21.0,mensal,boleto,dsl,nao,73.7,1.0,1,1
C01493,34.0,24.0,mensal,pix,fibra,sim,173.58,1.0,0,1
C01494,28.0,22.0,mensal,boleto,fibra,sim,144.42,4.0,1,1
C01495,37.0,3.0,bianual,pix,fibra,sim,157.32,3.0,1,1
C01496,28.0,65.0,bianual,pix,fibra,sim,169.58,4.0,1,0
C01497,46.0,20.0,mensal,debito_automatico,dsl,nao,92.52,1.0,0,0
C01498,27.0,1.0,mensal,pix,dsl,nao,75.98,1.0,2,1
C01499,51.0,25.0,bianual,cartao,dsl,nao,87.64,0.0,0,0
C01500,27.0,6.0,mensal,cartao,dsl,sim,125.14,3.0,1,1
C01501,35.0,42.0,bianual,cartao,fibra,nao,117.78,3.0,0,0
C01502,34.0,38.0,anual,boleto,sem_internet,sim,63.29,0.0,0,0
C01503,59.0,30.0,bianual,debito_automatico,sem_internet,nao,35.63,0.0,0,0
C01504,46.0,20.0,mensal,cartao,fibra,sim,149.31,2.0,0,1
C01505,39.0,51.0,mensal,pix,dsl,nao,80.39,1.0,0,0
C01506,48.0,55.0,mensal,pix,dsl,nao,103.89,0.0,0,0
C01507,18.0,6.0,mensal,boleto,fibra,sim,168.61,2.0,0,0
C01508,41.0,29.0,mensal,boleto,fibra,nao,107.76,1.0,2,1
C01509,68.0,9.0,bianual,cartao,fibra,nao,147.55,5.0,0,1
C01510,44.0,5.0,mensal,boleto,sem_internet,nao,43.82,2.0,0,0
C01511,43.0,55.0,mensal,debito_automatico,dsl,nao,90.08,3.0,1,0
C01512,49.0,34.0,mensal,debito_automatico,dsl,sim,100.92,,0,0
C01513,54.0,22.0,mensal,debito_automatico,sem_internet,nao,38.22,1.0,1,0
C01514,18.0,7.0,mensal,cartao,fibra,sim,170.57,2.0,0,1
C01515,20.0,56.0,mensal,pix,sem_internet,nao,31.82,1.0,1,0
C01516,45.0,6.0,anual,debito_automatico,dsl,sim,115.83,,0,1
C01517,33.0,4.0,bianual,pix,dsl,nao,87.06,3.0,1,0
C01518,59.0,17.0,mensal,pix,fibra,nao,104.66,3.0,0,0
C01519,38.0,31.0,anual,debito_automatico,fibra,sim,128.34,2.0,0,0
C01520,18.0,12.0,mensal,boleto,fibra,nao,133.61,3.0,1,1
C01521,26.0,20.0,mensal,pix,fibra,sim,197.95,1.0,1,1
C01522,18.0,9.0,bianual,cartao,fibra,nao,126.88,1.0,2,0
C01523,39.0,10.0,bianual,cartao,fibra,nao,129.76,4.0,1,1
C01524,40.0,71.0,mensal,cartao,dsl,sim,101.74,2.0,0,0
C01525,36.0,15.0,mensal,cartao,sem_internet,sim,102.05,0.0,0,0
C01526,56.0,53.0,mensal,boleto,fibra,nao,114.35,1.0,1,0
C01527,58.0,2.0,mensal,boleto,fibra,nao,137.46,4.0,2,1
C01528,40.0,43.0,anual,pix,dsl,sim,124.11,0.0,0,0
C01529,18.0,7.0,mensal,debito_automatico,dsl,nao,89.48,3.0,0,1
C01530,50.0,34.0,bianual,pix,dsl,nao,88.9,0.0,0,0
C01531,49.0,7.0,anual,pix,sem_internet,nao,53.42,2.0,0,1
C01532,46.0,11.0,mensal,cartao,fibra,sim,159.25,0.0,0,0
C01533,55.0,5.0,bianual,pix,fibra,nao,134.54,1.0,0,0
C01534,27.0,35.0,anual,debito_automatico,sem_internet,sim,69.11,,1,0
C01535,68.0,40.0,mensal,cartao,dsl,sim,111.42,0.0,3,0
C01536,30.0,7.0,mensal,pix,dsl,sim,137.02,1.0,0,1
C01537,52.0,2.0,bianual,pix,sem_internet,sim,82.59,2.0,0,1
C01538,20.0,53.0,bianual,boleto,fibra,nao,115.11,1.0,0,0
C01539,30.0,9.0,mensal,pix,fibra,sim,170.52,0.0,1,1
C01540,62.0,15.0,anual,boleto,fibra,sim,167.56,2.0,0,1
C01541,39.0,6.0,bianual,pix,dsl,nao,60.5,2.0,1,0
C01542,53.0,32.0,bianual,debito_automatico,sem_internet,nao,55.95,0.0,1,0
C01543,45.0,33.0,mensal,boleto,fibra,nao,122.06,2.0,0,1
C01544,41.0,60.0,mensal,pix,fibra,nao,130.68,1.0,0,0
C01545,60.0,44.0,bianual,cartao,dsl,sim,115.16,,2,0
C01546,39.0,41.0,mensal,boleto,fibra,nao,126.96,1.0,1,0
C01547,19.0,16.0,mensal,pix,dsl,nao,52.54,1.0,0,0
C01548,32.0,14.0,anual,pix,fibra,sim,141.58,1.0,1,1
C01549,49.0,32.0,mensal,cartao,sem_internet,sim,91.1,0.0,0,0
C01550,47.0,15.0,anual,debito_automatico,dsl,nao,119.32,0.0,0,0
C01551,22.0,45.0,mensal,boleto,fibra,sim,160.51,2.0,1,0
C01552,33.0,5.0,anual,cartao,dsl,sim,104.61,0.0,0,0
C01553,34.0,29.0,mensal,debito_automatico,dsl,sim,117.03,1.0,0,1
C01554,37.0,10.0,bianual,boleto,fibra,nao,106.6,3.0,2,0
C01555,24.0,4.0,mensal,cartao,fibra,nao,138.75,2.0,0,0
C01556,34.0,72.0,mensal,pix,dsl,nao,80.72,0.0,1,0
C01557,33.0,18.0,bianual,pix,dsl,nao,95.8,1.0,0,0
C01558,52.0,3.0,anual,debito_automatico,dsl,nao,77.7,2.0,0,0
C01559,53.0,9.0,mensal,debito_automatico,fibra,sim,172.13,2.0,0,0
C01560,40.0,13.0,mensal,pix,dsl,sim,90.65,0.0,0,0
C01561,37.0,28.0,anual,pix,dsl,nao,80.37,0.0,0,0
C01562,44.0,9.0,bianual,boleto,fibra,nao,128.09,3.0,1,0
C01563,,15.0,mensal,cartao,fibra,nao,115.97,0.0,0,0
C01564,27.0,23.0,bianual,boleto,fibra,nao,125.39,2.0,4,1
C01565,30.0,27.0,mensal,boleto,dsl,nao,85.14,2.0,1,1
C01566,34.0,16.0,anual,cartao,fibra,nao,135.73,2.0,0,0
C01567,27.0,70.0,mensal,debito_automatico,sem_internet,nao,54.32,0.0,1,0
C01568,44.0,32.0,mensal,pix,fibra,nao,125.89,2.0,0,1
C01569,51.0,31.0,bianual,pix,dsl,sim,128.19,1.0,2,0
C01570,21.0,30.0,mensal,cartao,fibra,sim,134.7,1.0,1,0
C01571,42.0,45.0,bianual,cartao,dsl,sim,103.71,0.0,0,0
C01572,39.0,21.0,mensal,boleto,dsl,sim,94.22,1.0,1,1
C01573,46.0,5.0,mensal,boleto,dsl,sim,123.23,0.0,1,0
C01574,42.0,25.0,bianual,boleto,sem_internet,nao,51.21,2.0,0,0
C01575,23.0,28.0,anual,pix,fibra,nao,140.78,3.0,1,0
C01576,26.0,51.0,mensal,boleto,fibra,nao,125.27,2.0,0,0
C01577,42.0,5.0,anual,pix,fibra,nao,110.52,2.0,1,1
C01578,55.0,6.0,mensal,cartao,dsl,nao,82.01,1.0,1,1
C01579,18.0,18.0,bianual,cartao,dsl,nao,51.87,2.0,0,0
C01580,46.0,31.0,mensal,pix,fibra,nao,113.88,0.0,1,0
C01581,57.0,4.0,mensal,pix,dsl,sim,79.79,1.0,0,0
C01582,40.0,5.0,mensal,boleto,fibra,nao,124.93,3.0,1,1
C01583,49.0,37.0,anual,pix,sem_internet,nao,40.81,1.0,1,0
C01584,33.0,4.0,bianual,cartao,fibra,sim,153.02,3.0,0,0
C01585,40.0,6.0,bianual,pix,sem_internet,nao,31.03,0.0,0,0
C01586,21.0,39.0,mensal,boleto,dsl,sim,104.97,0.0,0,0
C01587,18.0,30.0,mensal,cartao,sem_internet,nao,55.39,1.0,1,1
C01588,54.0,9.0,mensal,debito_automatico,dsl,nao,58.46,1.0,0,1
C01589,29.0,27.0,bianual,pix,fibra,nao,127.59,3.0,0,0
C01590,36.0,23.0,mensal,pix,dsl,nao,67.83,1.0,0,0
C01591,24.0,15.0,anual,cartao,fibra,nao,94.78,2.0,1,1
C01592,24.0,12.0,mensal,pix,fibra,sim,173.4,1.0,0,1
C01593,40.0,26.0,bianual,cartao,fibra,nao,139.94,2.0,0,0
C01594,33.0,4.0,mensal,boleto,sem_internet,nao,36.91,0.0,1,0
C01595,47.0,26.0,mensal,boleto,dsl,sim,106.76,1.0,0,0
C01596,48.0,21.0,bianual,boleto,fibra,sim,151.24,1.0,2,0
C01597,46.0,22.0,bianual,boleto,dsl,nao,67.85,1.0,0,0
C01598,45.0,6.0,anual,debito_automatico,fibra,sim,145.49,1.0,1,0
C01599,63.0,52.0,anual,boleto,fibra,nao,126.75,0.0,0,0
C01600,28.0,9.0,anual,debito_automatico,fibra,sim,186.11,1.0,0,0
C01601,41.0,10.0,mensal,boleto,fibra,sim,149.68,5.0,1,1
C01602,57.0,15.0,mensal,debito_automatico,dsl,nao,95.35,0.0,2,0
C01603,58.0,30.0,anual,cartao,fibra,nao,125.29,4.0,1,1
C01604,24.0,22.0,anual,cartao,fibra,nao,94.92,4.0,1,0
C01605,38.0,2.0,mensal,debito_automatico,fibra,sim,154.63,2.0,0,1
C01606,60.0,17.0,mensal,pix,sem_internet,nao,42.75,3.0,1,1
C01607,49.0,19.0,anual,pix,dsl,nao,101.97,0.0,0,0
C01608,45.0,53.0,mensal,cartao,fibra,sim,177.58,2.0,0,0
C01609,39.0,13.0,anual,pix,dsl,nao,85.65,1.0,0,0
C01610,37.0,28.0,anual,debito_automatico,fibra,sim,173.21,1.0,2,0
C01611,46.0,46.0,mensal,pix,sem_internet,sim,77.8,2.0,0,0
C01612,39.0,6.0,mensal,boleto,fibra,sim,171.79,1.0,3,0
C01613,41.0,34.0,mensal,boleto,fibra,sim,156.51,1.0,0,1
C01614,43.0,26.0,mensal,boleto,fibra,nao,136.47,1.0,0,1
C01615,33.0,12.0,anual,pix,fibra,nao,137.99,2.0,0,0
C01616,49.0,34.0,anual,boleto,fibra,sim,165.75,0.0,2,0
C01617,80.0,6.0,bianual,boleto,dsl,sim,103.88,2.0,1,0
C01618,19.0,9.0,mensal,debito_automatico,fibra,nao,113.69,8.0,2,1
C01619,46.0,15.0,anual,pix,fibra,sim,166.28,1.0,0,1
C01620,32.0,12.0,mensal,debito_automatico,dsl,sim,128.4,0.0,1,1
C01621,50.0,31.0,bianual,debito_automatico,dsl,nao,82.38,1.0,1,0
C01622,,17.0,mensal,boleto,sem_internet,sim,75.32,2.0,2,0
C01623,52.0,11.0,anual,pix,fibra,nao,122.87,1.0,0,0
C01624,57.0,46.0,mensal,boleto,sem_internet,nao,40.82,3.0,0,0
C01625,45.0,30.0,mensal,cartao,dsl,nao,75.91,0.0,0,1
C01626,57.0,3.0,bianual,cartao,dsl,nao,109.4,2.0,0,0
C01627,18.0,3.0,mensal,boleto,fibra,sim,147.87,3.0,1,1
C01628,63.0,11.0,mensal,debito_automatico,fibra,sim,162.62,,0,0
C01629,47.0,4.0,anual,debito_automatico,fibra,nao,122.29,0.0,0,0
C01630,56.0,40.0,mensal,boleto,dsl,nao,61.6,2.0,1,0
C01631,26.0,9.0,mensal,boleto,dsl,nao,61.08,2.0,2,1
C01632,31.0,28.0,mensal,boleto,fibra,sim,153.78,2.0,1,0
C01633,44.0,33.0,mensal,boleto,fibra,nao,90.71,3.0,0,1
C01634,42.0,10.0,bianual,pix,sem_internet,sim,107.46,0.0,2,0
C01635,46.0,14.0,anual,debito_automatico,fibra,nao,114.58,2.0,0,0
C01636,56.0,23.0,mensal,boleto,dsl,nao,73.35,1.0,0,1
C01637,19.0,38.0,mensal,boleto,sem_internet,nao,63.35,0.0,1,0
C01638,55.0,72.0,bianual,pix,fibra,nao,117.89,1.0,1,0
C01639,42.0,65.0,bianual,pix,dsl,nao,89.77,1.0,1,0
C01640,39.0,17.0,mensal,pix,dsl,nao,71.41,1.0,0,1
C01641,23.0,16.0,anual,boleto,fibra,sim,155.68,0.0,2,1
C01642,49.0,59.0,mensal,cartao,fibra,sim,169.53,2.0,0,0
C01643,,18.0,mensal,boleto,sem_internet,nao,32.07,3.0,0,1
C01644,50.0,10.0,bianual,pix,fibra,sim,162.92,2.0,2,0
C01645,23.0,40.0,bianual,cartao,fibra,sim,118.75,4.0,0,0
C01646,43.0,24.0,mensal,debito_automatico,fibra,sim,173.98,1.0,0,0
C01647,40.0,3.0,bianual,boleto,dsl,sim,106.65,1.0,2,0
C01648,57.0,13.0,anual,pix,fibra,nao,118.72,2.0,0,0
C01649,40.0,4.0,anual,boleto,fibra,nao,118.53,3.0,0,1
C01650,33.0,0.0,anual,pix,fibra,nao,105.38,1.0,1,0
C01651,,72.0,mensal,boleto,fibra,nao,104.23,1.0,0,0
C01652,59.0,20.0,bianual,pix,dsl,sim,122.82,1.0,0,0
C01653,49.0,13.0,mensal,boleto,sem_internet,nao,53.53,2.0,0,0
C01654,37.0,11.0,mensal,debito_automatico,fibra,nao,106.72,1.0,1,1
C01655,39.0,18.0,mensal,pix,dsl,nao,88.12,0.0,1,0
C01656,22.0,10.0,bianual,cartao,dsl,nao,88.37,1.0,2,0
C01657,47.0,6.0,mensal,boleto,dsl,nao,74.33,2.0,1,1
C01658,19.0,11.0,mensal,cartao,dsl,sim,95.6,1.0,1,1
C01659,,55.0,anual,cartao,fibra,nao,119.44,1.0,1,0
C01660,44.0,40.0,mensal,debito_automatico,dsl,nao,85.48,2.0,0,1
C01661,73.0,11.0,mensal,boleto,dsl,sim,114.12,0.0,0,0
C01662,28.0,72.0,mensal,boleto,dsl,nao,71.11,1.0,2,1
C01663,41.0,16.0,anual,cartao,fibra,sim,162.0,2.0,1,1
C01664,65.0,8.0,mensal,cartao,fibra,sim,173.98,0.0,2,1
C01665,57.0,25.0,mensal,boleto,fibra,nao,108.45,1.0,0,0
C01666,33.0,62.0,mensal,debito_automatico,fibra,nao,115.53,1.0,1,0
C01667,45.0,53.0,bianual,boleto,fibra,sim,196.15,0.0,1,0
C01668,42.0,8.0,anual,pix,fibra,sim,159.36,2.0,0,1
C01669,46.0,4.0,mensal,pix,fibra,sim,136.0,1.0,0,0
C01670,33.0,12.0,bianual,cartao,fibra,sim,147.84,3.0,1,1
C01671,41.0,28.0,bianual,pix,sem_internet,nao,33.65,1.0,0,0
C01672,,35.0,anual,debito_automatico,dsl,sim,120.71,1.0,2,1
C01673,44.0,47.0,mensal,debito_automatico,fibra,nao,124.62,0.0,0,0
C01674,48.0,21.0,mensal,cartao,dsl,nao,70.45,3.0,0,0
C01675,39.0,21.0,anual,debito_automatico,fibra,nao,147.84,5.0,1,1
C01676,21.0,20.0,mensal,boleto,fibra,nao,121.28,3.0,2,1
C01677,55.0,42.0,mensal,cartao,dsl,sim,108.16,0.0,0,0
C01678,47.0,36.0,mensal,boleto,fibra,sim,136.68,1.0,1,0
C01679,33.0,8.0,mensal,cartao,dsl,sim,101.58,0.0,0,0
C01680,38.0,32.0,anual,debito_automatico,fibra,sim,136.31,1.0,0,0
C01681,22.0,40.0,mensal,boleto,fibra,nao,117.14,1.0,1,0
C01682,,43.0,anual,boleto,fibra,sim,141.73,5.0,2,1
C01683,35.0,24.0,bianual,pix,fibra,nao,131.76,2.0,2,1
C01684,58.0,23.0,mensal,cartao,dsl,nao,71.23,2.0,0,0
C01685,34.0,17.0,mensal,boleto,fibra,sim,167.6,5.0,1,1
C01686,50.0,19.0,mensal,cartao,fibra,sim,162.37,0.0,1,1
C01687,35.0,68.0,mensal,pix,fibra,nao,129.68,2.0,0,0
C01688,45.0,20.0,bianual,debito_automatico,dsl,nao,93.45,,2,0
C01689,,8.0,anual,debito_automatico,dsl,sim,144.9,1.0,0,1
C01690,53.0,24.0,bianual,pix,dsl,nao,67.27,1.0,2,0
C01691,35.0,35.0,bianual,debito_automatico,dsl,sim,127.69,0.0,0,0
C01692,22.0,41.0,mensal,pix,sem_internet,nao,50.97,0.0,0,0
C01693,24.0,6.0,anual,debito_automatico,fibra,nao,135.95,2.0,2,0
C01694,35.0,58.0,mensal,pix,dsl,sim,116.66,0.0,2,0
C01695,26.0,34.0,mensal,debito_automatico,fibra,sim,172.64,0.0,0,0
C01696,47.0,55.0,mensal,cartao,fibra,nao,100.63,,0,0
C01697,36.0,3.0,mensal,boleto,dsl,nao,64.94,1.0,2,1
C01698,73.0,44.0,anual,boleto,sem_internet,nao,36.46,0.0,1,0
C01699,19.0,5.0,anual,cartao,dsl,nao,78.88,0.0,0,0
C01700,45.0,14.0,mensal,pix,fibra,nao,120.7,0.0,1,0
C01701,27.0,35.0,mensal,pix,dsl,nao,68.9,2.0,1,0
C01702,36.0,5.0,anual,pix,fibra,nao,105.14,1.0,0,0
C01703,44.0,10.0,anual,debito_automatico,dsl,sim,105.17,2.0,0,0
C01704,18.0,3.0,anual,pix,fibra,sim,129.36,2.0,0,0
C01705,45.0,34.0,mensal,debito_automatico,fibra,nao,115.68,2.0,1,1
C01706,67.0,8.0,mensal,cartao,fibra,sim,154.12,4.0,0,0
C01707,36.0,18.0,anual,cartao,sem_internet,sim,86.62,1.0,0,0
C01708,45.0,26.0,anual,cartao,fibra,sim,157.5,0.0,1,0
C01709,55.0,24.0,mensal,boleto,fibra,nao,146.9,0.0,4,1
C01710,40.0,22.0,mensal,boleto,fibra,nao,132.19,1.0,3,1
C01711,34.0,22.0,mensal,cartao,fibra,nao,131.06,1.0,2,0
C01712,18.0,4.0,anual,boleto,fibra,nao,125.47,2.0,1,1
C01713,50.0,14.0,mensal,boleto,dsl,nao,88.04,1.0,1,1
C01714,41.0,22.0,anual,pix,fibra,nao,116.69,1.0,0,0
C01715,29.0,20.0,bianual,cartao,fibra,nao,121.49,3.0,0,0
C01716,44.0,16.0,mensal,pix,fibra,nao,148.82,5.0,1,1
C01717,34.0,9.0,mensal,boleto,fibra,nao,118.95,1.0,1,0
C01718,35.0,23.0,mensal,pix,dsl,nao,60.02,4.0,1,1
C01719,50.0,27.0,mensal,pix,fibra,nao,130.45,1.0,1,0
C01720,25.0,12.0,bianual,pix,dsl,nao,93.13,0.0,0,0
C01721,56.0,41.0,bianual,cartao,fibra,nao,122.32,0.0,0,0
C01722,,59.0,mensal,debito_automatico,fibra,sim,126.82,2.0,0,1
C01723,33.0,19.0,bianual,cartao,fibra,sim,174.3,2.0,1,1
C01724,67.0,8.0,mensal,cartao,dsl,sim,118.45,1.0,0,0
C01725,57.0,5.0,anual,pix,fibra,sim,150.35,2.0,0,1
C01726,43.0,13.0,anual,boleto,dsl,nao,97.82,1.0,2,1
C01727,30.0,17.0,mensal,boleto,dsl,sim,84.63,2.0,2,1
C01728,,4.0,mensal,pix,fibra,nao,121.68,3.0,0,1
C01729,43.0,13.0,anual,boleto,fibra,sim,146.89,2.0,1,1
C01730,42.0,40.0,mensal,debito_automatico,fibra,sim,177.38,2.0,0,1
C01731,41.0,20.0,bianual,boleto,fibra,nao,123.64,5.0,0,0
C01732,42.0,10.0,mensal,cartao,fibra,sim,142.03,0.0,1,1
C01733,39.0,18.0,mensal,cartao,dsl,sim,132.07,0.0,0,0
C01734,23.0,61.0,bianual,cartao,dsl,sim,78.11,0.0,1,0
C01735,35.0,17.0,mensal,pix,dsl,nao,87.62,1.0,1,1
C01736,54.0,15.0,mensal,pix,fibra,sim,136.05,3.0,1,1
C01737,24.0,32.0,mensal,boleto,fibra,nao,113.06,2.0,0,0
C01738,40.0,24.0,mensal,cartao,dsl,sim,111.39,0.0,1,0
C01739,31.0,20.0,mensal,pix,fibra,sim,168.65,4.0,1,0
C01740,43.0,24.0,mensal,boleto,dsl,sim,148.05,1.0,4,1
C01741,37.0,49.0,mensal,boleto,dsl,sim,88.31,0.0,2,0
C01742,61.0,38.0,mensal,cartao,fibra,nao,126.69,0.0,1,0
C01743,49.0,14.0,bianual,pix,fibra,nao,153.04,0.0,3,0
C01744,25.0,59.0,bianual,cartao,dsl,nao,71.41,4.0,1,0
C01745,51.0,11.0,mensal,boleto,dsl,nao,70.48,2.0,1,1
C01746,32.0,20.0,bianual,pix,fibra,sim,158.54,1.0,0,0
C01747,34.0,22.0,bianual,pix,fibra,nao,132.43,0.0,0,1
C01748,46.0,13.0,bianual,debito_automatico,fibra,nao,129.86,3.0,1,0
C01749,36.0,54.0,anual,debito_automatico,dsl,nao,74.62,0.0,2,0
C01750,54.0,13.0,mensal,pix,fibra,nao,107.96,5.0,0,0
C01751,32.0,16.0,mensal,debito_automatico,dsl,sim,134.74,,1,1
C01752,34.0,42.0,bianual,pix,sem_internet,nao,33.38,4.0,0,0
C01753,33.0,11.0,mensal,cartao,sem_internet,nao,20.0,0.0,0,0
C01754,35.0,4.0,bianual,boleto,fibra,nao,98.2,2.0,1,1
C01755,56.0,20.0,anual,pix,fibra,sim,146.36,0.0,0,1
C01756,50.0,6.0,mensal,debito_automatico,sem_internet,sim,102.39,2.0,1,0
C01757,64.0,5.0,mensal,cartao,dsl,nao,62.17,0.0,1,0
C01758,71.0,1.0,bianual,debito_automatico,fibra,nao,142.83,,0,1
C01759,29.0,1.0,mensal,pix,dsl,sim,134.6,2.0,1,1
C01760,43.0,1.0,anual,cartao,dsl,sim,118.38,1.0,0,0
C01761,27.0,65.0,bianual,pix,dsl,nao,41.76,0.0,0,0
C01762,32.0,1.0,mensal,boleto,sem_internet,sim,62.24,2.0,1,1
C01763,34.0,6.0,mensal,debito_automatico,sem_internet,sim,70.5,1.0,0,1
C01764,28.0,16.0,mensal,pix,dsl,nao,105.96,0.0,0,1
C01765,28.0,31.0,bianual,pix,fibra,sim,146.46,4.0,1,0
C01766,40.0,34.0,mensal,pix,dsl,sim,103.41,1.0,0,0
C01767,26.0,8.0,mensal,debito_automatico,dsl,nao,82.82,3.0,0,1
C01768,53.0,20.0,mensal,cartao,dsl,sim,93.86,1.0,1,0
C01769,30.0,16.0,mensal,debito_automatico,fibra,sim,154.63,0.0,1,0
C01770,79.0,19.0,mensal,cartao,dsl,nao,68.02,0.0,1,1
C01771,36.0,21.0,mensal,debito_automatico,dsl,nao,120.32,1.0,1,1
C01772,43.0,26.0,bianual,cartao,sem_internet,nao,31.24,1.0,2,0
C01773,25.0,10.0,mensal,cartao,dsl,nao,108.95,0.0,0,0
C01774,64.0,13.0,bianual,cartao,fibra,nao,102.9,1.0,0,0
C01775,57.0,72.0,bianual,cartao,dsl,nao,83.94,0.0,1,0
C01776,46.0,11.0,anual,cartao,dsl,nao,87.5,1.0,0,0
C01777,24.0,20.0,anual,boleto,dsl,nao,82.13,1.0,1,0
C01778,45.0,16.0,mensal,cartao,fibra,sim,156.21,,0,1
C01779,27.0,19.0,anual,boleto,dsl,nao,92.92,1.0,1,0
C01780,61.0,43.0,mensal,pix,dsl,sim,121.26,1.0,0,0
C01781,53.0,15.0,mensal,boleto,fibra,sim,152.41,2.0,2,1
C01782,43.0,5.0,anual,pix,sem_internet,nao,34.88,0.0,1,0
C01783,18.0,10.0,mensal,boleto,sem_internet,sim,77.51,0.0,1,0
C01784,29.0,15.0,mensal,pix,dsl,sim,112.33,0.0,0,0
C01785,51.0,22.0,anual,debito_automatico,sem_internet,sim,77.03,0.0,1,0
C01786,58.0,8.0,mensal,pix,fibra,nao,121.14,2.0,0,0
C01787,56.0,9.0,mensal,pix,sem_internet,nao,23.86,1.0,0,0
C01788,21.0,22.0,mensal,debito_automatico,sem_internet,sim,64.59,2.0,0,0
C01789,46.0,23.0,mensal,boleto,dsl,nao,92.48,1.0,3,1
C01790,55.0,38.0,mensal,cartao,fibra,nao,86.24,3.0,0,0
C01791,,10.0,mensal,cartao,fibra,nao,137.96,2.0,1,0
C01792,42.0,28.0,mensal,pix,fibra,nao,111.62,2.0,0,0
C01793,46.0,16.0,anual,pix,dsl,sim,140.04,1.0,1,0
C01794,38.0,11.0,bianual,cartao,dsl,nao,98.39,1.0,0,0
C01795,18.0,16.0,anual,debito_automatico,dsl,sim,110.09,2.0,2,1
C01796,38.0,19.0,mensal,cartao,dsl,nao,76.64,0.0,1,0
C01797,38.0,4.0,anual,debito_automatico,fibra,sim,178.9,2.0,1,1
C01798,40.0,5.0,bianual,debito_automatico,fibra,sim,174.1,0.0,2,1
C01799,35.0,32.0,bianual,cartao,dsl,nao,94.59,0.0,0,0
C01800,36.0,12.0,mensal,pix,fibra,nao,137.16,2.0,0,0
C01801,41.0,22.0,mensal,boleto,sem_internet,nao,28.69,1.0,0,0
C01802,48.0,31.0,mensal,pix,sem_internet,nao,48.08,2.0,0,0
C01803,38.0,17.0,anual,debito_automatico,fibra,sim,143.44,5.0,0,0
C01804,37.0,29.0,mensal,cartao,dsl,sim,98.3,0.0,1,1
C01805,43.0,19.0,bianual,cartao,dsl,nao,82.46,2.0,0,0
C01806,18.0,20.0,mensal,boleto,sem_internet,sim,73.79,2.0,0,1
C01807,48.0,46.0,anual,debito_automatico,dsl,nao,77.51,1.0,0,0
C01808,42.0,15.0,mensal,pix,sem_internet,sim,72.5,1.0,0,0
C01809,43.0,32.0,mensal,boleto,dsl,sim,96.18,1.0,1,1
C01810,54.0,3.0,mensal,boleto,fibra,sim,180.45,1.0,0,0
C01811,18.0,21.0,anual,cartao,dsl,sim,117.34,1.0,0,1
C01812,18.0,55.0,mensal,cartao,dsl,sim,93.37,3.0,0,0
C01813,46.0,72.0,mensal,cartao,sem_internet,sim,82.73,1.0,2,0
C01814,42.0,3.0,anual,debito_automatico,fibra,sim,177.82,0.0,0,0
C01815,44.0,12.0,bianual,cartao,fibra,nao,134.38,1.0,0,0
C01816,36.0,6.0,anual,pix,dsl,nao,72.22,2.0,0,0
C01817,51.0,15.0,anual,cartao,sem_internet,sim,72.58,2.0,1,0
C01818,54.0,36.0,mensal,debito_automatico,dsl,sim,100.64,1.0,0,0
C01819,48.0,47.0,bianual,cartao,fibra,sim,143.87,4.0,1,1
C01820,39.0,49.0,mensal,cartao,sem_internet,sim,70.09,1.0,0,0
C01821,18.0,3.0,bianual,cartao,dsl,nao,57.98,0.0,1,0
C01822,52.0,18.0,bianual,debito_automatico,sem_internet,sim,73.34,0.0,1,0
C01823,58.0,9.0,mensal,pix,dsl,nao,85.16,1.0,1,0
C01824,50.0,15.0,mensal,boleto,fibra,sim,148.79,2.0,1,1
C01825,31.0,11.0,anual,cartao,sem_internet,nao,48.26,1.0,1,1
C01826,51.0,3.0,anual,debito_automatico,fibra,nao,144.33,1.0,0,1
C01827,53.0,48.0,anual,boleto,sem_internet,sim,107.53,1.0,4,1
C01828,62.0,8.0,bianual,pix,fibra,sim,153.98,1.0,0,1
C01829,31.0,10.0,mensal,cartao,dsl,sim,128.2,1.0,0,1
C01830,39.0,56.0,mensal,pix,fibra,nao,117.5,2.0,0,0
C01831,52.0,2.0,anual,debito_automatico,fibra,nao,112.68,3.0,0,0
C01832,43.0,26.0,mensal,boleto,sem_internet,sim,63.25,4.0,0,1
C01833,27.0,41.0,anual,debito_automatico,fibra,nao,121.3,1.0,0,0
C01834,47.0,52.0,bianual,boleto,fibra,nao,136.27,4.0,0,0
C01835,50.0,24.0,mensal,debito_automatico,sem_internet,nao,25.88,0.0,0,0
C01836,43.0,33.0,bianual,pix,fibra,sim,150.69,0.0,1,0
C01837,45.0,41.0,bianual,debito_automatico,dsl,nao,74.97,1.0,0,0
C01838,39.0,16.0,mensal,cartao,sem_internet,sim,83.7,0.0,1,1
C01839,61.0,7.0,bianual,cartao,fibra,sim,158.94,2.0,0,0
C01840,,59.0,anual,cartao,fibra,nao,128.06,1.0,1,0
C01841,34.0,30.0,mensal,debito_automatico,dsl,nao,108.45,1.0,1,0
C01842,42.0,18.0,mensal,debito_automatico,dsl,sim,101.94,1.0,1,0
C01843,53.0,4.0,mensal,cartao,fibra,sim,141.12,2.0,0,1
C01844,23.0,25.0,anual,pix,dsl,nao,83.71,1.0,1,0
C01845,25.0,0.0,mensal,pix,fibra,nao,141.79,2.0,1,1
C01846,18.0,18.0,mensal,debito_automatico,fibra,nao,98.06,,0,1
C01847,42.0,8.0,bianual,cartao,fibra,nao,124.97,2.0,0,0
C01848,27.0,11.0,anual,cartao,sem_internet,nao,41.98,1.0,1,0
C01849,37.0,49.0,anual,cartao,fibra,nao,132.81,2.0,0,0
C01850,51.0,9.0,bianual,pix,fibra,sim,164.42,1.0,1,0
C01851,34.0,19.0,mensal,pix,sem_internet,nao,45.73,1.0,1,0
C01852,45.0,9.0,mensal,pix,fibra,nao,127.31,1.0,1,0
C01853,38.0,23.0,anual,boleto,sem_internet,nao,35.13,2.0,2,1
C01854,51.0,21.0,mensal,debito_automatico,sem_internet,nao,57.0,2.0,0,0
C01855,48.0,18.0,mensal,pix,fibra,sim,175.8,3.0,0,1
C01856,33.0,41.0,anual,boleto,fibra,nao,121.5,1.0,1,1
C01857,40.0,3.0,mensal,boleto,fibra,nao,113.88,2.0,0,1
C01858,56.0,2.0,mensal,boleto,fibra,nao,117.82,3.0,0,0
C01859,47.0,4.0,anual,debito_automatico,fibra,sim,166.85,2.0,0,1
C01860,24.0,21.0,anual,cartao,fibra,sim,154.37,2.0,1,0
C01861,51.0,27.0,mensal,boleto,fibra,nao,102.01,1.0,0,0
C01862,28.0,27.0,mensal,cartao,dsl,nao,94.28,1.0,1,1
C01863,60.0,13.0,bianual,pix,fibra,sim,140.26,0.0,0,1
C01864,55.0,60.0,bianual,pix,fibra,sim,161.37,2.0,0,0
C01865,46.0,25.0,mensal,pix,fibra,sim,127.0,2.0,2,1
C01866,44.0,55.0,mensal,pix,fibra,sim,156.62,0.0,1,1
C01867,39.0,47.0,anual,debito_automatico,dsl,sim,113.98,3.0,0,0
C01868,51.0,13.0,mensal,pix,dsl,nao,50.49,1.0,0,0
C01869,37.0,37.0,mensal,cartao,fibra,nao,124.99,1.0,0,0
C01870,45.0,13.0,mensal,pix,dsl,sim,98.48,0.0,1,1
C01871,53.0,66.0,mensal,pix,fibra,nao,121.27,1.0,0,0
C01872,35.0,14.0,mensal,debito_automatico,sem_internet,nao,38.82,2.0,1,0
C01873,34.0,28.0,mensal,cartao,fibra,nao,97.79,1.0,1,0
C01874,26.0,72.0,bianual,cartao,dsl,nao,64.31,0.0,0,0
C01875,28.0,29.0,mensal,cartao,fibra,sim,140.51,1.0,0,0
C01876,18.0,11.0,mensal,boleto,fibra,nao,134.74,0.0,0,1
C01877,51.0,4.0,mensal,boleto,dsl,sim,127.54,1.0,0,1
C01878,66.0,3.0,bianual,cartao,fibra,nao,152.92,3.0,0,0
C01879,61.0,27.0,mensal,boleto,dsl,nao,72.32,0.0,4,1
C01880,21.0,16.0,mensal,pix,dsl,nao,71.84,1.0,1,0
C01881,51.0,5.0,anual,debito_automatico,fibra,sim,157.02,3.0,0,0
C01882,60.0,33.0,anual,pix,sem_internet,sim,74.67,0.0,1,0
C01883,36.0,33.0,bianual,cartao,fibra,sim,146.26,3.0,1,1
C01884,43.0,16.0,mensal,boleto,sem_internet,sim,80.82,2.0,1,0
C01885,18.0,57.0,mensal,cartao,fibra,sim,165.55,3.0,0,0
C01886,45.0,2.0,mensal,pix,fibra,sim,123.32,0.0,1,1
C01887,28.0,12.0,anual,boleto,fibra,nao,111.42,3.0,1,0
C01888,45.0,29.0,mensal,debito_automatico,dsl,sim,93.96,1.0,1,1
C01889,22.0,5.0,mensal,boleto,dsl,nao,77.69,1.0,1,0
C01890,49.0,36.0,mensal,cartao,dsl,nao,86.49,0.0,0,0
C01891,55.0,45.0,bianual,boleto,fibra,sim,171.75,3.0,0,0
C01892,32.0,0.0,mensal,cartao,fibra,nao,113.49,4.0,0,1
C01893,,58.0,mensal,boleto,dsl,nao,81.59,0.0,0,0
C01894,18.0,28.0,bianual,pix,sem_internet,nao,20.0,1.0,0,0
C01895,39.0,10.0,anual,boleto,fibra,nao,107.09,3.0,1,0
C01896,34.0,3.0,anual,cartao,dsl,nao,83.11,1.0,1,1
C01897,22.0,40.0,anual,boleto,dsl,nao,59.61,0.0,1,0
C01898,48.0,4.0,mensal,pix,dsl,nao,98.56,0.0,0,1
C01899,36.0,27.0,bianual,debito_automatico,dsl,nao,87.85,,0,0
C01900,28.0,5.0,mensal,debito_automatico,fibra,nao,106.43,0.0,0,1
C01901,35.0,18.0,bianual,cartao,fibra,sim,132.77,2.0,0,1
C01902,56.0,39.0,mensal,pix,dsl,nao,69.21,0.0,0,0
C01903,50.0,11.0,anual,boleto,sem_internet,nao,31.51,0.0,3,0
C01904,40.0,58.0,mensal,pix,dsl,nao,61.75,1.0,1,0
C01905,50.0,30.0,mensal,pix,fibra,nao,98.9,3.0,1,0
C01906,27.0,5.0,mensal,boleto,fibra,sim,151.54,0.0,2,1
C01907,42.0,3.0,anual,boleto,fibra,sim,165.98,3.0,2,1
C01908,44.0,7.0,mensal,cartao,dsl,nao,69.33,1.0,1,0
C01909,36.0,17.0,bianual,boleto,fibra,nao,126.67,0.0,0,1
C01910,48.0,62.0,mensal,cartao,fibra,sim,150.08,2.0,0,0
C01911,32.0,71.0,anual,cartao,dsl,nao,89.18,0.0,0,0
C01912,49.0,10.0,anual,boleto,fibra,nao,108.2,1.0,1,0
C01913,,10.0,mensal,debito_automatico,fibra,nao,124.21,2.0,1,0
C01914,18.0,34.0,anual,cartao,dsl,nao,81.8,0.0,0,0
C01915,57.0,34.0,anual,debito_automatico,fibra,sim,175.43,1.0,2,0
C01916,18.0,51.0,anual,cartao,fibra,sim,163.38,2.0,0,0
C01917,,52.0,anual,cartao,fibra,sim,158.84,3.0,1,0
C01918,55.0,7.0,anual,cartao,fibra,sim,132.95,2.0,2,1
C01919,38.0,2.0,mensal,pix,sem_internet,sim,72.12,0.0,0,1
C01920,23.0,30.0,mensal,cartao,dsl,nao,67.99,0.0,1,1
C01921,28.0,22.0,mensal,debito_automatico,fibra,nao,107.67,2.0,0,0
C01922,55.0,2.0,anual,pix,fibra,sim,155.23,0.0,0,0
C01923,18.0,29.0,bianual,debito_automatico,fibra,nao,123.61,2.0,1,0
C01924,57.0,15.0,mensal,boleto,sem_internet,nao,49.2,0.0,1,1
C01925,41.0,29.0,mensal,boleto,dsl,nao,98.92,,2,0
C01926,26.0,5.0,mensal,debito_automatico,dsl,nao,87.25,,1,0
C01927,34.0,31.0,anual,debito_automatico,fibra,sim,136.58,1.0,0,0
C01928,29.0,24.0,anual,pix,sem_internet,sim,83.04,1.0,0,0
C01929,53.0,33.0,anual,debito_automatico,dsl,nao,88.77,4.0,1,0
C01930,52.0,11.0,anual,boleto,fibra,sim,173.93,2.0,3,1
C01931,20.0,9.0,anual,pix,fibra,nao,117.69,1.0,2,0
C01932,37.0,3.0,mensal,debito_automatico,fibra,sim,152.83,0.0,0,1
C01933,31.0,13.0,mensal,pix,dsl,nao,96.18,2.0,1,1
C01934,59.0,44.0,mensal,pix,fibra,nao,122.68,3.0,1,0
C01935,24.0,54.0,bianual,cartao,fibra,nao,96.02,2.0,0,0
C01936,63.0,4.0,anual,debito_automatico,dsl,sim,87.81,1.0,0,0
C01937,42.0,17.0,mensal,debito_automatico,dsl,nao,107.61,0.0,0,0
C01938,,63.0,mensal,cartao,fibra,nao,94.29,0.0,0,0
C01939,33.0,70.0,mensal,cartao,fibra,nao,117.49,1.0,1,0
C01940,32.0,12.0,bianual,boleto,fibra,nao,133.25,3.0,1,1
C01941,25.0,47.0,mensal,boleto,fibra,nao,93.53,3.0,1,0
C01942,43.0,41.0,anual,debito_automatico,dsl,nao,63.78,0.0,1,0
C01943,26.0,38.0,mensal,cartao,dsl,nao,61.3,0.0,0,0
C01944,18.0,2.0,anual,pix,sem_internet,nao,72.02,1.0,0,0
C01945,37.0,9.0,anual,cartao,dsl,nao,110.27,0.0,0,0
C01946,19.0,15.0,mensal,pix,dsl,nao,68.99,2.0,1,0
C01947,32.0,15.0,anual,debito_automatico,fibra,sim,163.69,3.0,1,1
C01948,30.0,17.0,mensal,pix,fibra,sim,159.62,5.0,2,1
C01949,31.0,72.0,bianual,cartao,sem_internet,nao,40.79,0.0,0,0
C01950,68.0,13.0,mensal,pix,dsl,nao,55.6,1.0,0,0
C01951,43.0,25.0,anual,cartao,sem_internet,sim,114.61,0.0,0,0
C01952,45.0,24.0,mensal,pix,dsl,nao,52.76,0.0,1,1
C01953,19.0,17.0,anual,cartao,fibra,sim,158.18,2.0,0,1
C01954,33.0,5.0,mensal,boleto,fibra,nao,110.29,3.0,0,1
C01955,45.0,19.0,anual,debito_automatico,fibra,nao,135.12,4.0,0,0
C01956,29.0,1.0,mensal,cartao,dsl,nao,92.69,0.0,0,1
C01957,54.0,27.0,mensal,cartao,sem_internet,nao,30.32,0.0,0,0
C01958,26.0,1.0,bianual,cartao,dsl,nao,68.15,2.0,0,0
C01959,38.0,25.0,mensal,boleto,dsl,nao,56.75,1.0,0,1
C01960,34.0,9.0,mensal,pix,fibra,nao,122.92,2.0,1,0
C01961,44.0,6.0,anual,debito_automatico,fibra,nao,130.66,,0,0
C01962,34.0,34.0,mensal,boleto,fibra,sim,148.38,2.0,2,0
C01963,38.0,11.0,bianual,pix,sem_internet,sim,76.33,1.0,1,0
C01964,39.0,18.0,mensal,debito_automatico,dsl,sim,143.62,1.0,1,0
C01965,32.0,2.0,bianual,debito_automatico,dsl,sim,129.04,1.0,0,0
C01966,48.0,57.0,bianual,debito_automatico,sem_internet,sim,100.22,0.0,0,0
C01967,45.0,20.0,mensal,boleto,fibra,sim,121.37,2.0,0,0
C01968,41.0,20.0,mensal,boleto,sem_internet,sim,88.21,2.0,0,0
C01969,36.0,28.0,anual,pix,dsl,nao,83.77,,0,0
C01970,52.0,61.0,anual,pix,fibra,sim,136.22,4.0,1,0
C01971,39.0,12.0,mensal,pix,dsl,sim,99.34,0.0,0,0
C01972,38.0,59.0,mensal,boleto,fibra,sim,151.72,4.0,0,0
C01973,43.0,12.0,mensal,pix,dsl,sim,94.87,0.0,1,0
C01974,64.0,9.0,anual,cartao,fibra,nao,108.02,1.0,1,1
C01975,,26.0,anual,debito_automatico,fibra,nao,113.08,1.0,0,0
C01976,52.0,72.0,mensal,cartao,dsl,nao,88.6,1.0,1,0
C01977,18.0,47.0,mensal,pix,fibra,nao,109.4,4.0,2,1
C01978,45.0,29.0,anual,pix,fibra,nao,113.29,1.0,1,0
C01979,62.0,26.0,bianual,cartao,dsl,nao,95.37,1.0,0,0
C01980,48.0,19.0,mensal,pix,fibra,sim,128.54,3.0,1,1
C01981,44.0,57.0,mensal,debito_automatico,dsl,sim,118.41,0.0,0,0
C01982,35.0,35.0,mensal,cartao,dsl,nao,85.84,0.0,0,1
C01983,,3.0,anual,cartao,fibra,nao,126.25,2.0,1,0
C01984,39.0,6.0,mensal,debito_automatico,sem_internet,nao,37.48,1.0,0,0
C01985,32.0,30.0,mensal,cartao,fibra,sim,139.03,0.0,0,0
C01986,38.0,4.0,anual,boleto,fibra,nao,142.79,1.0,0,0
C01987,45.0,20.0,mensal,pix,fibra,nao,107.15,1.0,1,1
C01988,32.0,38.0,mensal,debito_automatico,dsl,nao,63.24,1.0,1,0
C01989,32.0,27.0,mensal,pix,fibra,nao,120.3,1.0,2,0
C01990,24.0,4.0,mensal,debito_automatico,fibra,sim,143.91,4.0,0,1
C01991,47.0,6.0,mensal,cartao,dsl,sim,130.76,3.0,1,1
C01992,49.0,27.0,mensal,pix,dsl,sim,111.02,2.0,0,0
C01993,45.0,72.0,mensal,boleto,fibra,sim,172.71,3.0,2,0
C01994,55.0,16.0,mensal,cartao,fibra,nao,126.73,3.0,0,0
C01995,43.0,39.0,bianual,debito_automatico,fibra,sim,149.18,2.0,1,0
C01996,,27.0,bianual,pix,fibra,sim,171.71,1.0,1,0
C01997,46.0,9.0,mensal,cartao,dsl,sim,105.24,0.0,0,0
C01998,41.0,39.0,anual,pix,fibra,nao,115.2,2.0,0,0
C01999,35.0,2.0,mensal,pix,fibra,sim,162.94,6.0,0,1
C02000,71.0,37.0,bianual,cartao,fibra,sim,158.4,3.0,0,0
C02001,36.0,28.0,bianual,cartao,dsl,nao,69.89,3.0,1,0
C02002,33.0,10.0,anual,boleto,dsl,sim,91.95,1.0,1,0
C02003,48.0,5.0,anual,debito_automatico,fibra,nao,119.72,1.0,0,0
C02004,45.0,11.0,mensal,boleto,dsl,sim,104.09,2.0,1,1
C02005,24.0,8.0,mensal,cartao,dsl,nao,80.44,0.0,1,1
C02006,57.0,14.0,mensal,boleto,fibra,nao,113.69,3.0,2,1
C02007,41.0,12.0,mensal,pix,fibra,sim,144.24,1.0,1,1
C02008,28.0,10.0,anual,cartao,fibra,nao,115.98,1.0,1,0
C02009,57.0,2.0,mensal,cartao,dsl,sim,113.9,1.0,0,0
C02010,50.0,4.0,mensal,cartao,fibra,sim,165.43,0.0,0,0
C02011,26.0,44.0,anual,boleto,fibra,nao,126.35,1.0,2,0
C02012,65.0,10.0,anual,cartao,dsl,nao,111.42,0.0,1,0
C02013,51.0,14.0,anual,pix,dsl,sim,117.12,0.0,1,0
C02014,42.0,11.0,mensal,debito_automatico,dsl,nao,69.91,0.0,0,0
C02015,63.0,58.0,bianual,cartao,fibra,sim,152.51,2.0,0,0
C02016,,8.0,mensal,pix,fibra,sim,163.52,2.0,0,0
C02017,42.0,7.0,anual,boleto,dsl,sim,130.05,2.0,1,0
C02018,33.0,29.0,mensal,pix,dsl,nao,100.12,0.0,0,0
C02019,50.0,21.0,mensal,boleto,sem_internet,nao,29.74,1.0,0,0
C02020,48.0,29.0,bianual,pix,dsl,nao,99.21,,0,0
C02021,42.0,28.0,mensal,pix,fibra,nao,119.31,1.0,0,1
C02022,32.0,40.0,mensal,pix,fibra,nao,106.1,3.0,0,1
C02023,44.0,3.0,mensal,boleto,sem_internet,sim,76.94,3.0,1,1
C02024,41.0,26.0,bianual,cartao,dsl,sim,133.16,1.0,0,0
C02025,25.0,7.0,bianual,pix,fibra,nao,126.86,2.0,1,0
C02026,23.0,1.0,mensal,cartao,fibra,sim,136.82,0.0,1,1
C02027,49.0,28.0,anual,cartao,dsl,sim,96.93,1.0,1,0
C02028,18.0,26.0,mensal,cartao,fibra,sim,136.52,3.0,0,0
C02029,45.0,18.0,anual,boleto,dsl,nao,69.03,1.0,0,0
C02030,36.0,41.0,mensal,cartao,dsl,nao,81.16,1.0,0,0
C02031,59.0,7.0,mensal,boleto,fibra,nao,103.11,1.0,0,0
C02032,36.0,32.0,anual,debito_automatico,sem_internet,nao,38.58,1.0,0,0
C02033,51.0,15.0,bianual,cartao,sem_internet,nao,66.03,0.0,1,0
C02034,37.0,16.0,mensal,boleto,fibra,nao,144.27,1.0,0,1
C02035,43.0,1.0,mensal,boleto,fibra,sim,178.26,1.0,0,1
C02036,52.0,41.0,bianual,pix,sem_internet,nao,20.0,0.0,1,0
C02037,36.0,25.0,mensal,debito_automatico,fibra,sim,180.11,1.0,2,1
C02038,55.0,31.0,mensal,debito_automatico,sem_internet,nao,46.38,0.0,0,0
C02039,29.0,6.0,mensal,pix,fibra,nao,121.17,1.0,1,0
C02040,46.0,23.0,mensal,debito_automatico,dsl,sim,130.43,1.0,1,0
C02041,54.0,15.0,mensal,cartao,dsl,nao,90.55,0.0,0,0
C02042,51.0,27.0,mensal,debito_automatico,fibra,nao,91.97,1.0,0,0
C02043,67.0,22.0,mensal,cartao,dsl,nao,70.81,0.0,0,1
C02044,32.0,66.0,mensal,debito_automatico,fibra,sim,149.51,2.0,1,0
C02045,24.0,51.0,bianual,boleto,fibra,sim,135.05,1.0,1,0
C02046,29.0,13.0,mensal,pix,fibra,nao,134.96,3.0,1,1
C02047,51.0,28.0,anual,cartao,fibra,nao,141.58,3.0,2,1
C02048,48.0,12.0,mensal,boleto,fibra,sim,154.84,1.0,0,1
C02049,43.0,40.0,mensal,debito_automatico,fibra,nao,124.48,1.0,1,0
C02050,27.0,16.0,mensal,boleto,fibra,nao,119.83,1.0,2,1
C02051,52.0,11.0,mensal,cartao,fibra,sim,156.49,1.0,0,1
C02052,26.0,23.0,anual,pix,fibra,sim,171.77,3.0,1,0
C02053,57.0,48.0,mensal,pix,dsl,sim,88.52,2.0,0,1
C02054,79.0,42.0,anual,debito_automatico,fibra,sim,162.29,4.0,0,0
C02055,47.0,11.0,bianual,cartao,dsl,sim,115.18,2.0,0,0
C02056,50.0,62.0,mensal,cartao,fibra,sim,144.3,0.0,0,0
C02057,36.0,7.0,bianual,boleto,fibra,nao,112.45,,0,0
C02058,18.0,9.0,mensal,debito_automatico,fibra,nao,147.49,1.0,0,1
C02059,34.0,38.0,mensal,debito_automatico,fibra,nao,100.09,3.0,0,0
C02060,28.0,1.0,mensal,boleto,dsl,sim,112.47,3.0,3,1
C02061,23.0,18.0,bianual,boleto,dsl,nao,104.44,3.0,0,0
C02062,64.0,13.0,anual,boleto,fibra,sim,135.95,1.0,0,1
C02063,46.0,65.0,bianual,cartao,fibra,nao,113.16,1.0,1,0
C02064,47.0,5.0,anual,boleto,dsl,sim,115.63,2.0,1,0
C02065,38.0,6.0,mensal,cartao,fibra,nao,126.19,2.0,0,1
C02066,40.0,72.0,bianual,cartao,dsl,nao,78.8,1.0,0,0
C02067,55.0,14.0,bianual,cartao,dsl,nao,66.57,0.0,1,0
C02068,42.0,47.0,anual,boleto,fibra,nao,126.71,3.0,1,1
C02069,49.0,11.0,anual,cartao,fibra,nao,118.49,1.0,0,0
C02070,39.0,9.0,bianual,pix,fibra,nao,129.42,1.0,0,0
C02071,38.0,48.0,mensal,cartao,dsl,sim,128.86,1.0,1,0
C02072,24.0,72.0,bianual,cartao,sem_internet,nao,22.71,2.0,1,0
C02073,18.0,51.0,bianual,cartao,fibra,sim,170.5,1.0,0,0
C02074,39.0,11.0,anual,boleto,sem_internet,sim,76.18,2.0,2,1
C02075,43.0,18.0,mensal,cartao,fibra,nao,132.38,2.0,2,1
C02076,25.0,6.0,mensal,cartao,fibra,nao,127.41,1.0,1,1
C02077,42.0,8.0,bianual,cartao,dsl,sim,142.81,2.0,0,1
C02078,43.0,7.0,bianual,pix,sem_internet,nao,45.09,1.0,0,0
C02079,18.0,12.0,anual,pix,fibra,sim,148.95,2.0,1,1
C02080,30.0,20.0,bianual,cartao,dsl,nao,72.31,2.0,1,0
C02081,47.0,18.0,mensal,cartao,fibra,nao,104.44,2.0,0,1
C02082,47.0,34.0,bianual,pix,sem_internet,sim,92.12,,0,0
C02083,27.0,21.0,mensal,cartao,dsl,sim,98.48,0.0,0,0
C02084,44.0,31.0,mensal,pix,dsl,nao,91.99,1.0,1,0
C02085,55.0,35.0,mensal,pix,dsl,sim,111.65,1.0,1,0
C02086,52.0,11.0,mensal,cartao,dsl,nao,53.55,0.0,0,0
C02087,41.0,15.0,mensal,boleto,sem_internet,nao,67.32,2.0,2,1
C02088,36.0,72.0,anual,boleto,dsl,sim,64.36,1.0,1,0
C02089,34.0,10.0,mensal,pix,fibra,nao,118.77,8.0,3,1
C02090,48.0,33.0,anual,cartao,sem_internet,nao,48.51,3.0,1,0
C02091,45.0,4.0,mensal,debito_automatico,dsl,sim,80.41,0.0,1,0
C02092,50.0,36.0,bianual,cartao,dsl,nao,86.62,0.0,0,0
C02093,44.0,8.0,mensal,pix,dsl,sim,104.95,0.0,1,1
C02094,53.0,19.0,anual,pix,fibra,sim,151.27,2.0,1,1
C02095,43.0,17.0,anual,boleto,fibra,nao,140.15,1.0,0,1
C02096,52.0,17.0,mensal,cartao,fibra,nao,122.14,2.0,1,0
C02097,53.0,15.0,mensal,cartao,sem_internet,nao,39.74,1.0,0,0
C02098,32.0,27.0,mensal,pix,dsl,nao,77.44,2.0,0,0
C02099,18.0,45.0,mensal,debito_automatico,dsl,nao,106.64,2.0,2,0
C02100,62.0,6.0,mensal,cartao,fibra,sim,161.07,1.0,0,0
C02101,45.0,15.0,mensal,pix,sem_internet,nao,31.74,0.0,0,0
C02102,20.0,1.0,anual,cartao,fibra,nao,112.68,2.0,0,0
C02103,33.0,21.0,mensal,boleto,fibra,nao,102.15,4.0,0,0
C02104,52.0,5.0,mensal,pix,sem_internet,nao,38.22,1.0,1,1
C02105,38.0,18.0,mensal,cartao,dsl,nao,104.12,1.0,0,0
C02106,35.0,22.0,mensal,pix,sem_internet,nao,42.5,0.0,0,0
C02107,60.0,2.0,mensal,cartao,dsl,sim,94.94,0.0,1,1
C02108,28.0,25.0,anual,debito_automatico,fibra,sim,161.46,1.0,1,0
C02109,32.0,43.0,anual,cartao,fibra,nao,114.11,3.0,0,0
C02110,45.0,30.0,mensal,cartao,sem_internet,sim,88.42,1.0,1,1
C02111,47.0,6.0,mensal,boleto,fibra,sim,151.36,1.0,0,1
C02112,48.0,17.0,mensal,debito_automatico,dsl,nao,101.68,0.0,0,0
C02113,54.0,19.0,anual,cartao,fibra,sim,141.34,1.0,1,1
C02114,45.0,16.0,mensal,cartao,fibra,sim,137.52,3.0,1,0
C02115,48.0,4.0,bianual,cartao,dsl,nao,94.06,0.0,0,0
C02116,39.0,7.0,anual,cartao,sem_internet,sim,49.95,0.0,0,0
C02117,43.0,14.0,anual,debito_automatico,fibra,sim,152.42,2.0,0,0
C02118,43.0,22.0,mensal,debito_automatico,fibra,sim,167.01,0.0,0,0
C02119,45.0,10.0,bianual,debito_automatico,fibra,nao,87.08,2.0,0,0
C02120,52.0,1.0,mensal,cartao,fibra,nao,120.97,3.0,0,1
C02121,49.0,11.0,mensal,cartao,dsl,sim,92.56,2.0,3,1
C02122,43.0,66.0,bianual,boleto,fibra,nao,92.33,1.0,0,0
C02123,31.0,25.0,anual,cartao,fibra,sim,139.01,2.0,0,0
C02124,43.0,21.0,mensal,pix,dsl,nao,77.25,3.0,1,1
C02125,42.0,7.0,mensal,cartao,dsl,sim,104.41,0.0,0,0
C02126,45.0,11.0,mensal,pix,fibra,nao,136.61,3.0,1,1
C02127,71.0,1.0,bianual,boleto,sem_internet,nao,46.24,1.0,2,0
C02128,35.0,7.0,mensal,debito_automatico,fibra,nao,112.67,3.0,1,1
C02129,47.0,24.0,mensal,debito_automatico,fibra,sim,135.35,3.0,0,0
C02130,56.0,21.0,mensal,debito_automatico,sem_internet,nao,48.36,1.0,0,0
C02131,43.0,9.0,bianual,debito_automatico,fibra,sim,185.88,1.0,0,0
C02132,72.0,16.0,anual,boleto,sem_internet,nao,34.46,1.0,1,0
C02133,37.0,18.0,mensal,debito_automatico,dsl,nao,71.22,1.0,0,0
C02134,46.0,9.0,bianual,cartao,sem_internet,nao,29.09,4.0,0,0
C02135,32.0,26.0,mensal,cartao,fibra,nao,137.76,1.0,1,0
C02136,37.0,21.0,anual,boleto,fibra,nao,133.91,1.0,2,0
C02137,45.0,11.0,anual,boleto,sem_internet,nao,38.31,3.0,0,0
C02138,53.0,4.0,mensal,pix,dsl,sim,106.01,0.0,0,1
C02139,46.0,11.0,anual,cartao,sem_internet,sim,65.84,1.0,1,1
C02140,58.0,10.0,bianual,cartao,fibra,nao,115.66,2.0,0,0
C02141,41.0,9.0,mensal,boleto,dsl,nao,95.3,0.0,0,1
C02142,38.0,2.0,mensal,debito_automatico,fibra,nao,120.62,3.0,1,1
C02143,77.0,53.0,bianual,debito_automatico,fibra,nao,139.31,4.0,0,0
C02144,47.0,51.0,mensal,pix,dsl,nao,69.2,1.0,1,0
C02145,33.0,15.0,mensal,debito_automatico,dsl,sim,80.31,1.0,0,0
C02146,33.0,21.0,mensal,cartao,dsl,sim,154.08,0.0,2,1
C02147,30.0,26.0,bianual,boleto,fibra,nao,123.22,1.0,1,0
C02148,54.0,15.0,anual,cartao,dsl,sim,126.68,1.0,0,0
C02149,37.0,23.0,bianual,debito_automatico,sem_internet,sim,68.19,1.0,1,0
C02150,44.0,29.0,mensal,pix,fibra,nao,99.56,6.0,0,1
C02151,41.0,20.0,bianual,boleto,dsl,sim,117.32,0.0,2,0
C02152,52.0,34.0,mensal,cartao,sem_internet,nao,20.0,0.0,0,0
C02153,31.0,8.0,anual,debito_automatico,fibra,nao,115.99,2.0,0,0
C02154,28.0,17.0,anual,debito_automatico,dsl,nao,95.33,1.0,1,0
C02155,45.0,72.0,mensal,debito_automatico,sem_internet,nao,51.73,1.0,0,0
C02156,50.0,41.0,anual,cartao,dsl,nao,83.82,0.0,1,0
C02157,46.0,21.0,mensal,cartao,fibra,nao,146.16,1.0,2,1
C02158,31.0,6.0,mensal,cartao,dsl,nao,85.63,1.0,1,1
C02159,51.0,18.0,anual,cartao,dsl,sim,86.43,2.0,0,0
C02160,32.0,39.0,mensal,debito_automatico,dsl,sim,112.76,0.0,1,0
C02161,35.0,32.0,anual,boleto,fibra,nao,148.88,3.0,5,1
C02162,30.0,1.0,mensal,cartao,fibra,nao,115.36,3.0,0,1
C02163,59.0,2.0,mensal,pix,dsl,sim,142.96,1.0,0,1
C02164,50.0,26.0,anual,cartao,fibra,sim,170.35,3.0,0,1
C02165,50.0,2.0,mensal,boleto,sem_internet,sim,73.87,1.0,1,0
C02166,58.0,6.0,bianual,pix,fibra,sim,138.79,2.0,0,0
C02167,79.0,15.0,bianual,boleto,dsl,sim,120.1,3.0,2,0
C02168,20.0,44.0,mensal,pix,fibra,nao,139.06,,1,1
C02169,32.0,28.0,mensal,boleto,dsl,nao,56.32,,0,1
C02170,34.0,13.0,mensal,pix,sem_internet,nao,46.81,4.0,0,0
C02171,31.0,35.0,anual,boleto,fibra,nao,89.38,2.0,1,0
C02172,28.0,72.0,mensal,cartao,fibra,sim,149.91,2.0,0,1
C02173,38.0,18.0,bianual,pix,sem_internet,nao,20.18,1.0,0,0
C02174,26.0,4.0,bianual,debito_automatico,dsl,nao,88.43,1.0,0,0
C02175,46.0,6.0,mensal,cartao,dsl,nao,69.67,0.0,0,0
C02176,43.0,6.0,anual,boleto,fibra,sim,172.37,0.0,0,1
C02177,48.0,8.0,mensal,boleto,sem_internet,nao,36.89,2.0,1,1
C02178,49.0,12.0,mensal,cartao,dsl,nao,70.53,2.0,0,1
C02179,50.0,22.0,mensal,cartao,fibra,sim,130.77,2.0,0,1
C02180,37.0,3.0,anual,cartao,fibra,nao,125.87,3.0,2,0
C02181,,29.0,mensal,pix,fibra,sim,162.38,0.0,0,0
C02182,45.0,10.0,bianual,pix,dsl,nao,94.1,4.0,0,1
C02183,18.0,7.0,mensal,pix,dsl,nao,89.83,1.0,0,1
C02184,29.0,14.0,anual,cartao,fibra,nao,126.02,1.0,0,1
C02185,19.0,50.0,bianual,cartao,fibra,nao,128.94,1.0,0,0
C02186,42.0,33.0,anual,debito_automatico,fibra,nao,130.45,0.0,0,0
C02187,40.0,31.0,mensal,cartao,fibra,nao,133.61,3.0,0,0
C02188,36.0,64.0,mensal,boleto,sem_internet,nao,22.09,0.0,1,0
C02189,68.0,23.0,mensal,pix,dsl,nao,73.07,1.0,0,1
C02190,49.0,69.0,mensal,debito_automatico,fibra,nao,95.65,1.0,0,0
C02191,51.0,72.0,bianual,cartao,fibra,nao,124.98,2.0,0,0
C02192,30.0,3.0,mensal,cartao,fibra,nao,144.45,2.0,0,1
C02193,29.0,2.0,mensal,boleto,dsl,sim,128.45,1.0,2,1
C02194,42.0,5.0,anual,debito_automatico,fibra,nao,110.89,4.0,0,0
C02195,44.0,46.0,mensal,cartao,fibra,nao,127.58,1.0,0,0
C02196,18.0,14.0,bianual,pix,sem_internet,nao,50.23,3.0,0,0
C02197,40.0,12.0,mensal,cartao,dsl,nao,83.5,3.0,0,1
C02198,42.0,36.0,mensal,cartao,dsl,nao,60.45,1.0,0,0
C02199,39.0,9.0,anual,debito_automatico,fibra,sim,174.73,1.0,1,0
C02200,31.0,21.0,mensal,pix,fibra,sim,137.33,5.0,0,1
C02201,35.0,29.0,bianual,pix,sem_internet,sim,74.5,1.0,1,0
C02202,40.0,6.0,mensal,cartao,dsl,sim,129.39,0.0,0,1
C02203,43.0,4.0,mensal,cartao,dsl,sim,109.4,0.0,2,0
C02204,50.0,18.0,mensal,debito_automatico,dsl,nao,81.19,2.0,1,0
C02205,56.0,20.0,mensal,pix,fibra,sim,156.79,2.0,1,0
C02206,38.0,33.0,anual,pix,dsl,nao,80.99,2.0,1,1
C02207,36.0,5.0,mensal,cartao,fibra,nao,121.73,0.0,0,0
C02208,48.0,8.0,anual,debito_automatico,fibra,sim,158.21,2.0,1,1
C02209,50.0,72.0,bianual,cartao,dsl,nao,81.12,0.0,1,0
C02210,36.0,40.0,mensal,boleto,fibra,sim,141.57,2.0,1,0
C02211,52.0,15.0,anual,cartao,fibra,nao,96.75,0.0,0,0
C02212,,45.0,mensal,boleto,fibra,nao,134.97,3.0,2,0
C02213,59.0,5.0,bianual,cartao,fibra,nao,135.66,1.0,0,0
C02214,65.0,13.0,mensal,cartao,sem_internet,nao,50.06,2.0,0,0
C02215,31.0,20.0,anual,debito_automatico,sem_internet,nao,49.94,2.0,2,0
C02216,42.0,12.0,mensal,debito_automatico,fibra,nao,106.27,2.0,0,0
C02217,42.0,12.0,mensal,boleto,fibra,nao,83.42,7.0,0,1
C02218,41.0,32.0,mensal,debito_automatico,dsl,nao,76.27,2.0,1,1
C02219,34.0,40.0,mensal,boleto,fibra,nao,91.54,2.0,0,1
C02220,23.0,11.0,bianual,boleto,dsl,sim,117.77,1.0,2,0
C02221,,3.0,mensal,pix,fibra,nao,139.56,1.0,0,0
C02222,32.0,2.0,bianual,boleto,dsl,nao,70.76,0.0,1,0
C02223,43.0,1.0,mensal,cartao,fibra,nao,111.62,2.0,0,1
C02224,32.0,64.0,mensal,debito_automatico,dsl,nao,64.91,0.0,0,0
C02225,28.0,32.0,mensal,cartao,dsl,sim,115.66,0.0,0,0
C02226,45.0,26.0,mensal,cartao,fibra,nao,119.5,3.0,1,1
C02227,44.0,9.0,bianual,debito_automatico,fibra,nao,104.71,4.0,0,0
C02228,,9.0,mensal,debito_automatico,dsl,nao,93.69,0.0,0,0
C02229,70.0,42.0,bianual,cartao,sem_internet,sim,120.54,1.0,0,0
C02230,46.0,2.0,mensal,pix,fibra,sim,172.85,1.0,0,0
C02231,48.0,11.0,mensal,boleto,fibra,sim,153.34,5.0,0,1
C02232,28.0,47.0,mensal,cartao,dsl,sim,113.16,1.0,0,1
C02233,25.0,11.0,anual,boleto,fibra,nao,112.3,0.0,0,0
C02234,63.0,31.0,mensal,boleto,sem_internet,sim,71.99,0.0,0,0
C02235,30.0,16.0,bianual,pix,dsl,nao,94.37,1.0,0,0
C02236,28.0,15.0,mensal,debito_automatico,fibra,nao,135.03,1.0,1,0
C02237,41.0,18.0,mensal,boleto,dsl,nao,62.46,2.0,0,0
C02238,41.0,14.0,anual,cartao,dsl,nao,85.49,2.0,0,1
C02239,30.0,4.0,anual,boleto,fibra,nao,136.67,1.0,0,0
C02240,38.0,14.0,bianual,debito_automatico,dsl,nao,74.75,2.0,1,0
C02241,58.0,1.0,mensal,cartao,fibra,sim,151.83,1.0,1,1
C02242,32.0,11.0,anual,pix,fibra,nao,130.44,3.0,0,1
C02243,24.0,33.0,mensal,boleto,dsl,nao,90.87,1.0,1,0
C02244,54.0,61.0,bianual,cartao,dsl,sim,121.44,1.0,0,0
C02245,48.0,53.0,mensal,pix,dsl,nao,83.81,1.0,0,0
C02246,34.0,5.0,bianual,pix,fibra,nao,125.83,2.0,1,0
C02247,21.0,2.0,mensal,cartao,dsl,sim,110.83,1.0,1,1
C02248,32.0,20.0,anual,cartao,fibra,nao,103.23,1.0,1,0
C02249,41.0,17.0,bianual,pix,dsl,sim,91.65,1.0,0,0
C02250,57.0,29.0,bianual,debito_automatico,fibra,nao,128.93,3.0,0,0
C02251,29.0,8.0,mensal,debito_automatico,dsl,sim,116.62,3.0,0,0
C02252,41.0,18.0,mensal,debito_automatico,fibra,sim,161.83,4.0,0,1
C02253,51.0,17.0,bianual,pix,fibra,sim,142.57,3.0,1,0
C02254,18.0,11.0,anual,cartao,fibra,nao,121.54,2.0,0,0
C02255,55.0,2.0,anual,boleto,dsl,sim,116.18,1.0,3,1
C02256,27.0,32.0,mensal,cartao,fibra,sim,174.19,0.0,0,0
C02257,46.0,20.0,mensal,debito_automatico,fibra,sim,167.78,2.0,1,0
C02258,45.0,34.0,mensal,cartao,fibra,sim,143.9,1.0,1,0
C02259,56.0,41.0,anual,cartao,dsl,nao,87.57,5.0,1,0
C02260,49.0,15.0,mensal,debito_automatico,sem_internet,sim,68.8,4.0,2,0
C02261,18.0,32.0,mensal,cartao,sem_internet,nao,20.0,0.0,0,0
C02262,32.0,62.0,bianual,pix,sem_internet,nao,70.89,1.0,1,0
C02263,44.0,72.0,mensal,cartao,sem_internet,sim,74.38,3.0,0,0
C02264,39.0,22.0,bianual,debito_automatico,fibra,nao,135.59,1.0,0,0
C02265,48.0,24.0,mensal,debito_automatico,fibra,nao,110.08,3.0,1,0
C02266,52.0,22.0,mensal,boleto,fibra,nao,107.89,2.0,2,1
C02267,50.0,28.0,mensal,cartao,fibra,nao,111.8,1.0,0,1
C02268,39.0,40.0,mensal,boleto,dsl,sim,118.79,0.0,3,0
C02269,18.0,22.0,anual,pix,sem_internet,nao,47.64,0.0,0,0
C02270,36.0,72.0,mensal,debito_automatico,dsl,nao,87.47,2.0,0,0
C02271,47.0,67.0,mensal,boleto,sem_internet,nao,37.55,1.0,2,0
C02272,28.0,18.0,mensal,cartao,dsl,nao,80.61,0.0,0,0
C02273,50.0,18.0,anual,pix,fibra,nao,107.35,1.0,0,0
C02274,54.0,11.0,bianual,cartao,fibra,nao,142.04,2.0,1,0
C02275,44.0,29.0,mensal,pix,sem_internet,sim,60.29,0.0,0,0
C02276,18.0,13.0,mensal,boleto,dsl,nao,67.67,0.0,1,1
C02277,25.0,10.0,mensal,boleto,fibra,nao,113.65,0.0,1,0
C02278,67.0,29.0,anual,cartao,fibra,nao,155.83,4.0,0,0
C02279,35.0,5.0,mensal,boleto,dsl,nao,91.5,0.0,0,0
C02280,18.0,41.0,mensal,pix,dsl,nao,67.2,2.0,0,0
C02281,58.0,30.0,anual,debito_automatico,dsl,nao,92.33,3.0,0,0
C02282,42.0,64.0,mensal,debito_automatico,sem_internet,nao,52.74,1.0,1,0
C02283,56.0,23.0,anual,debito_automatico,fibra,sim,159.11,,1,0
C02284,46.0,34.0,mensal,debito_automatico,sem_internet,nao,55.44,1.0,0,0
C02285,48.0,37.0,bianual,debito_automatico,dsl,sim,115.87,0.0,0,0
C02286,47.0,50.0,mensal,debito_automatico,dsl,sim,117.56,2.0,1,0
C02287,51.0,21.0,mensal,pix,sem_internet,sim,56.71,0.0,0,0
C02288,72.0,10.0,mensal,debito_automatico,dsl,nao,101.65,1.0,1,0
C02289,55.0,23.0,mensal,cartao,fibra,nao,113.29,1.0,1,0
C02290,21.0,41.0,anual,cartao,sem_internet,nao,26.44,2.0,1,0
C02291,48.0,45.0,mensal,cartao,dsl,nao,72.44,0.0,0,0
C02292,57.0,2.0,mensal,cartao,fibra,sim,148.04,0.0,0,0
C02293,58.0,10.0,anual,cartao,dsl,sim,102.98,0.0,1,0
C02294,36.0,34.0,mensal,cartao,fibra,nao,131.66,2.0,0,1
C02295,57.0,54.0,anual,boleto,dsl,nao,94.61,1.0,0,0
C02296,54.0,17.0,anual,pix,fibra,nao,90.61,3.0,0,0
C02297,75.0,47.0,mensal,pix,fibra,sim,147.28,0.0,0,0
C02298,32.0,2.0,anual,cartao,fibra,nao,113.35,3.0,0,1
C02299,35.0,48.0,bianual,pix,dsl,nao,77.42,0.0,1,0
C02300,38.0,43.0,bianual,pix,fibra,nao,145.59,2.0,2,0
C02301,36.0,26.0,mensal,pix,dsl,nao,67.8,0.0,1,0
C02302,30.0,41.0,mensal,boleto,dsl,sim,138.44,3.0,1,1
C02303,18.0,68.0,bianual,cartao,fibra,nao,117.81,6.0,0,0
C02304,36.0,56.0,anual,cartao,fibra,nao,143.58,4.0,0,0
C02305,47.0,18.0,mensal,debito_automatico,fibra,nao,115.34,3.0,0,0
C02306,36.0,23.0,mensal,debito_automatico,sem_internet,sim,73.58,0.0,0,0
C02307,67.0,15.0,anual,debito_automatico,sem_internet,nao,44.66,0.0,2,0
C02308,42.0,13.0,anual,pix,fibra,nao,139.38,2.0,0,0
C02309,59.0,37.0,bianual,pix,fibra,nao,122.37,0.0,3,0
C02310,45.0,15.0,bianual,debito_automatico,dsl,nao,83.14,1.0,0,0
C02311,53.0,37.0,mensal,pix,fibra,nao,129.55,3.0,1,1
C02312,46.0,17.0,anual,pix,fibra,sim,141.8,4.0,1,0
C02313,60.0,19.0,mensal,cartao,fibra,sim,160.05,0.0,0,0
C02314,43.0,7.0,mensal,pix,dsl,sim,105.58,1.0,2,1
C02315,48.0,36.0,mensal,boleto,fibra,nao,142.07,3.0,0,0
C02316,47.0,1.0,bianual,boleto,sem_internet,nao,51.28,0.0,1,0
C02317,38.0,49.0,mensal,pix,fibra,nao,130.39,2.0,1,1
C02318,47.0,72.0,mensal,cartao,fibra,nao,89.41,1.0,0,0
C02319,71.0,20.0,mensal,cartao,sem_internet,nao,55.6,1.0,0,1
C02320,38.0,19.0,mensal,pix,fibra,sim,152.34,,0,1
C02321,47.0,3.0,mensal,cartao,fibra,nao,98.44,1.0,0,1
C02322,58.0,11.0,mensal,boleto,fibra,nao,121.42,1.0,2,1
C02323,57.0,41.0,mensal,boleto,dsl,nao,57.23,1.0,2,1
C02324,42.0,46.0,mensal,cartao,dsl,sim,124.17,1.0,1,0
C02325,18.0,22.0,bianual,boleto,dsl,sim,136.51,2.0,1,0
C02326,49.0,39.0,anual,boleto,fibra,nao,93.14,2.0,0,0
C02327,18.0,7.0,bianual,pix,fibra,sim,154.55,3.0,0,0
C02328,61.0,27.0,mensal,cartao,fibra,nao,117.53,3.0,0,0
C02329,44.0,60.0,mensal,debito_automatico,fibra,sim,125.16,3.0,0,0
C02330,55.0,32.0,mensal,boleto,fibra,nao,133.75,0.0,2,1
C02331,30.0,67.0,bianual,cartao,dsl,sim,124.39,0.0,0,0
C02332,22.0,69.0,mensal,debito_automatico,dsl,nao,110.39,1.0,0,1
C02333,45.0,29.0,mensal,cartao,dsl,nao,87.44,1.0,0,0
C02334,42.0,45.0,bianual,cartao,dsl,sim,101.82,3.0,0,0
C02335,36.0,4.0,bianual,cartao,dsl,sim,122.72,1.0,1,1
C02336,43.0,1.0,mensal,boleto,fibra,sim,174.27,1.0,0,1
C02337,78.0,48.0,anual,boleto,dsl,nao,73.03,1.0,1,0
C02338,53.0,29.0,mensal,cartao,fibra,sim,167.79,2.0,2,1
C02339,56.0,23.0,mensal,boleto,dsl,sim,79.68,,0,0
C02340,,31.0,mensal,boleto,fibra,nao,142.13,,3,0
C02341,61.0,1.0,bianual,boleto,dsl,nao,92.01,0.0,0,0
C02342,40.0,15.0,mensal,pix,sem_internet,nao,20.0,1.0,1,0
C02343,18.0,9.0,anual,cartao,fibra,sim,160.74,2.0,0,0
C02344,40.0,21.0,mensal,debito_automatico,fibra,nao,90.2,1.0,1,0
C02345,53.0,22.0,anual,debito_automatico,sem_internet,sim,70.83,0.0,0,0
C02346,29.0,30.0,anual,cartao,fibra,nao,130.18,1.0,0,0
C02347,40.0,34.0,anual,cartao,fibra,sim,152.96,3.0,0,0
C02348,33.0,1.0,bianual,cartao,fibra,nao,138.85,1.0,0,0
C02349,62.0,15.0,anual,cartao,fibra,nao,120.96,2.0,1,0
C02350,52.0,18.0,anual,cartao,dsl,nao,79.44,0.0,1,1
C02351,50.0,4.0,mensal,boleto,dsl,nao,96.48,0.0,0,0
C02352,50.0,3.0,bianual,pix,dsl,nao,74.94,2.0,0,0
C02353,42.0,3.0,mensal,debito_automatico,dsl,nao,79.62,0.0,0,1
C02354,45.0,39.0,mensal,boleto,dsl,nao,81.6,0.0,0,0
C02355,27.0,2.0,mensal,pix,dsl,nao,78.99,2.0,0,0
C02356,18.0,2.0,mensal,boleto,fibra,sim,172.4,1.0,1,1
C02357,44.0,20.0,anual,boleto,dsl,nao,70.0,2.0,2,0
C02358,46.0,27.0,mensal,boleto,fibra,nao,107.55,3.0,0,0
C02359,58.0,18.0,mensal,pix,fibra,nao,104.07,1.0,0,1
C02360,,5.0,bianual,boleto,dsl,nao,47.87,0.0,2,0
C02361,62.0,3.0,bianual,pix,dsl,nao,102.26,1.0,1,0
C02362,29.0,20.0,mensal,debito_automatico,sem_internet,nao,31.49,0.0,0,0
C02363,37.0,16.0,bianual,cartao,fibra,nao,116.42,3.0,0,0
C02364,48.0,12.0,mensal,cartao,fibra,nao,143.37,0.0,2,1
C02365,75.0,37.0,mensal,boleto,fibra,sim,152.87,2.0,0,1
C02366,61.0,15.0,bianual,debito_automatico,fibra,sim,162.72,1.0,0,0
C02367,57.0,3.0,anual,cartao,fibra,nao,98.69,1.0,0,1
C02368,37.0,12.0,anual,cartao,dsl,sim,135.98,0.0,0,0
C02369,31.0,30.0,mensal,boleto,dsl,nao,78.18,0.0,2,0
C02370,52.0,14.0,mensal,pix,fibra,nao,104.73,4.0,0,0
C02371,,29.0,mensal,debito_automatico,fibra,sim,139.71,1.0,0,0
C02372,39.0,35.0,bianual,cartao,fibra,nao,145.35,2.0,0,1
C02373,41.0,15.0,mensal,cartao,dsl,nao,71.21,2.0,1,0
C02374,63.0,18.0,mensal,cartao,fibra,nao,105.05,2.0,1,0
C02375,37.0,13.0,mensal,cartao,fibra,sim,148.5,1.0,0,1
C02376,18.0,30.0,anual,boleto,fibra,nao,120.68,2.0,0,0
C02377,49.0,13.0,mensal,debito_automatico,fibra,nao,122.28,1.0,2,1
C02378,33.0,27.0,anual,boleto,fibra,nao,126.67,1.0,1,0
C02379,43.0,22.0,mensal,boleto,dsl,nao,83.52,1.0,0,0
C02380,41.0,1.0,mensal,boleto,fibra,nao,129.71,2.0,0,1
C02381,38.0,29.0,mensal,boleto,fibra,sim,150.91,0.0,0,0
C02382,52.0,20.0,mensal,debito_automatico,fibra,nao,151.08,1.0,1,0
C02383,22.0,51.0,anual,debito_automatico,fibra,nao,112.67,1.0,2,0
C02384,35.0,4.0,bianual,cartao,sem_internet,sim,100.29,0.0,0,0
C02385,51.0,23.0,mensal,cartao,dsl,nao,71.01,1.0,1,1
C02386,34.0,11.0,mensal,debito_automatico,fibra,nao,98.58,5.0,0,1
C02387,21.0,1.0,mensal,debito_automatico,dsl,nao,54.99,2.0,0,0
C02388,51.0,1.0,bianual,pix,fibra,nao,124.56,1.0,0,0
C02389,57.0,60.0,bianual,pix,fibra,sim,172.43,2.0,1,0
C02390,41.0,23.0,anual,pix,fibra,nao,102.73,0.0,0,0
C02391,18.0,15.0,mensal,pix,dsl,nao,66.84,0.0,0,0
C02392,51.0,2.0,mensal,pix,dsl,nao,85.79,2.0,0,1
C02393,20.0,57.0,bianual,debito_automatico,fibra,nao,119.96,6.0,1,0
C02394,46.0,8.0,mensal,debito_automatico,dsl,sim,106.22,0.0,1,0
C02395,30.0,24.0,anual,debito_automatico,fibra,nao,100.81,3.0,4,1
C02396,27.0,20.0,bianual,boleto,fibra,sim,159.64,3.0,1,0
C02397,36.0,72.0,anual,cartao,fibra,nao,129.79,4.0,0,0
C02398,40.0,17.0,anual,pix,fibra,nao,127.38,1.0,1,1
C02399,34.0,10.0,mensal,cartao,fibra,sim,155.4,2.0,1,0
C02400,50.0,23.0,bianual,boleto,sem_internet,sim,64.16,2.0,1,0
C02401,36.0,25.0,mensal,cartao,fibra,nao,124.72,1.0,1,1
C02402,55.0,72.0,bianual,boleto,fibra,nao,123.6,3.0,1,0
C02403,46.0,17.0,mensal,cartao,fibra,sim,135.3,2.0,3,1
C02404,33.0,4.0,anual,cartao,fibra,sim,150.46,1.0,1,1
C02405,31.0,12.0,bianual,cartao,fibra,nao,125.5,2.0,0,0
C02406,21.0,23.0,anual,cartao,fibra,nao,118.83,1.0,0,0
C02407,46.0,27.0,mensal,boleto,fibra,sim,125.59,1.0,3,1
C02408,37.0,11.0,mensal,cartao,fibra,nao,110.39,1.0,0,1
C02409,18.0,72.0,bianual,boleto,fibra,nao,109.4,1.0,0,0
C02410,35.0,6.0,anual,cartao,dsl,nao,88.39,0.0,0,0
C02411,30.0,38.0,mensal,debito_automatico,sem_internet,sim,118.98,0.0,1,0
C02412,62.0,13.0,bianual,boleto,fibra,nao,122.01,4.0,1,1
C02413,20.0,18.0,bianual,pix,dsl,sim,97.03,1.0,0,0
C02414,23.0,14.0,bianual,debito_automatico,dsl,nao,77.59,0.0,0,0
C02415,56.0,23.0,anual,boleto,dsl,nao,80.16,0.0,0,0
C02416,60.0,17.0,bianual,cartao,dsl,sim,126.35,0.0,1,0
C02417,32.0,15.0,bianual,boleto,dsl,sim,133.63,0.0,1,0
C02418,34.0,30.0,mensal,boleto,sem_internet,sim,100.87,0.0,0,0
C02419,50.0,3.0,bianual,pix,fibra,sim,163.06,1.0,0,0
C02420,,24.0,mensal,debito_automatico,fibra,sim,154.99,2.0,1,0
C02421,18.0,1.0,bianual,pix,dsl,nao,102.25,2.0,1,0
C02422,38.0,47.0,anual,debito_automatico,sem_internet,nao,39.79,0.0,1,0
C02423,62.0,15.0,anual,pix,fibra,sim,155.82,1.0,0,1
C02424,36.0,36.0,mensal,pix,sem_internet,sim,76.35,0.0,0,1
C02425,43.0,32.0,mensal,boleto,dsl,nao,48.03,1.0,1,0
C02426,57.0,8.0,mensal,boleto,dsl,nao,99.08,2.0,1,1
C02427,69.0,18.0,anual,cartao,dsl,nao,90.13,0.0,0,1
C02428,35.0,32.0,bianual,cartao,dsl,nao,44.45,1.0,1,0
C02429,42.0,17.0,mensal,cartao,dsl,sim,130.03,2.0,0,0
C02430,66.0,29.0,mensal,cartao,dsl,sim,110.45,1.0,1,0
C02431,22.0,13.0,anual,pix,fibra,nao,134.83,1.0,0,0
C02432,55.0,50.0,mensal,boleto,sem_internet,nao,46.14,2.0,1,0
C02433,29.0,15.0,mensal,pix,dsl,nao,59.64,1.0,0,0
C02434,43.0,16.0,mensal,cartao,dsl,nao,80.4,1.0,0,0
C02435,39.0,16.0,anual,boleto,fibra,nao,106.52,1.0,2,1
C02436,30.0,18.0,anual,pix,fibra,sim,136.66,2.0,0,0
C02437,29.0,4.0,bianual,cartao,fibra,sim,168.01,3.0,0,1
C02438,46.0,6.0,mensal,debito_automatico,fibra,nao,125.87,4.0,1,1
C02439,55.0,41.0,mensal,pix,dsl,sim,137.46,0.0,1,1
C02440,40.0,36.0,anual,boleto,sem_internet,sim,74.08,1.0,0,0
C02441,43.0,34.0,bianual,cartao,dsl,nao,65.56,0.0,1,0
C02442,49.0,27.0,mensal,boleto,fibra,nao,129.58,3.0,0,1
C02443,29.0,10.0,bianual,boleto,sem_internet,nao,32.49,1.0,1,0
C02444,52.0,9.0,anual,pix,sem_internet,sim,75.35,0.0,2,0
C02445,53.0,17.0,bianual,pix,dsl,nao,87.88,0.0,1,0
C02446,76.0,46.0,mensal,cartao,fibra,sim,153.11,2.0,0,1
C02447,,21.0,mensal,debito_automatico,dsl,sim,107.67,1.0,0,1
C02448,36.0,6.0,mensal,pix,fibra,nao,98.96,2.0,1,0
C02449,52.0,3.0,anual,boleto,fibra,nao,134.05,1.0,3,1
C02450,53.0,37.0,bianual,boleto,dsl,nao,74.47,0.0,0,0
C02451,35.0,58.0,mensal,pix,dsl,sim,124.27,4.0,1,0
C02452,37.0,2.0,mensal,debito_automatico,fibra,nao,127.29,4.0,0,1
C02453,49.0,38.0,mensal,boleto,sem_internet,sim,96.37,5.0,1,1
C02454,31.0,26.0,anual,cartao,sem_internet,nao,41.47,0.0,1,0
C02455,37.0,7.0,bianual,boleto,dsl,nao,74.78,2.0,2,1
C02456,43.0,22.0,mensal,debito_automatico,fibra,nao,103.38,2.0,1,0
C02457,55.0,4.0,anual,debito_automatico,fibra,nao,111.86,2.0,2,0
C02458,34.0,14.0,mensal,cartao,dsl,nao,85.12,1.0,1,0
C02459,18.0,18.0,bianual,pix,dsl,nao,67.74,3.0,2,0
C02460,18.0,50.0,bianual,cartao,dsl,sim,119.74,2.0,1,0
C02461,26.0,13.0,mensal,debito_automatico,fibra,sim,177.01,2.0,0,1
C02462,25.0,8.0,anual,debito_automatico,fibra,nao,113.32,2.0,1,0
C02463,40.0,24.0,bianual,cartao,fibra,nao,100.28,1.0,0,0
C02464,27.0,30.0,bianual,cartao,dsl,sim,108.8,0.0,0,0
C02465,33.0,8.0,anual,boleto,fibra,nao,98.66,4.0,1,1
C02466,32.0,5.0,mensal,debito_automatico,fibra,nao,140.01,0.0,0,0
C02467,36.0,6.0,anual,debito_automatico,dsl,nao,81.27,1.0,0,0
C02468,59.0,50.0,anual,cartao,sem_internet,nao,34.07,0.0,0,0
C02469,51.0,29.0,mensal,pix,fibra,sim,146.6,3.0,1,1
C02470,42.0,13.0,bianual,pix,fibra,nao,102.27,2.0,1,0
C02471,36.0,44.0,mensal,boleto,dsl,nao,95.17,2.0,2,0
C02472,36.0,8.0,bianual,boleto,sem_internet,nao,72.56,0.0,0,0
C02473,46.0,16.0,mensal,cartao,fibra,sim,132.59,1.0,2,1
C02474,50.0,4.0,mensal,boleto,fibra,nao,135.65,2.0,2,0
C02475,30.0,42.0,mensal,pix,dsl,nao,76.31,2.0,0,0
C02476,42.0,7.0,anual,debito_automatico,fibra,sim,174.01,5.0,1,1
C02477,18.0,7.0,bianual,boleto,sem_internet,sim,52.49,1.0,1,0
C02478,45.0,25.0,mensal,cartao,dsl,sim,118.38,1.0,0,0
C02479,52.0,0.0,mensal,boleto,fibra,sim,148.88,0.0,0,1
C02480,38.0,3.0,bianual,cartao,sem_internet,nao,54.89,0.0,1,0
C02481,66.0,33.0,anual,boleto,dsl,sim,115.92,0.0,1,0
C02482,31.0,6.0,mensal,pix,fibra,nao,120.33,0.0,1,1
C02483,45.0,72.0,bianual,debito_automatico,fibra,sim,153.41,4.0,0,0
C02484,42.0,21.0,mensal,pix,dsl,nao,103.43,3.0,0,0
C02485,41.0,1.0,mensal,boleto,sem_internet,sim,77.38,0.0,0,0
C02486,41.0,60.0,mensal,cartao,fibra,nao,132.96,2.0,1,0
C02487,43.0,21.0,anual,pix,fibra,sim,164.43,1.0,1,1
C02488,53.0,15.0,mensal,cartao,sem_internet,nao,58.33,2.0,1,1
C02489,60.0,21.0,bianual,cartao,fibra,sim,139.78,0.0,3,0
C02490,42.0,1.0,mensal,pix,fibra,nao,130.61,3.0,0,1
C02491,53.0,17.0,bianual,pix,fibra,sim,160.05,0.0,1,0
C02492,33.0,6.0,mensal,pix,dsl,sim,97.16,2.0,0,1
C02493,52.0,16.0,mensal,cartao,dsl,nao,76.81,0.0,0,0
C02494,32.0,11.0,mensal,debito_automatico,fibra,sim,189.41,2.0,0,1
C02495,56.0,20.0,mensal,cartao,fibra,nao,114.12,3.0,0,1
C02496,71.0,13.0,mensal,cartao,dsl,nao,74.49,0.0,0,0
C02497,40.0,10.0,bianual,boleto,dsl,sim,121.76,0.0,1,0
C02498,18.0,5.0,bianual,pix,fibra,nao,111.89,1.0,0,0
C02499,35.0,2.0,anual,cartao,fibra,sim,157.11,0.0,0,0
C02500,58.0,1.0,mensal,debito_automatico,dsl,nao,73.27,0.0,0,0
C02501,49.0,3.0,bianual,pix,fibra,sim,161.04,1.0,2,1
C02502,45.0,31.0,mensal,pix,fibra,nao,119.07,1.0,1,0
C02503,55.0,5.0,anual,boleto,sem_internet,nao,74.28,0.0,2,1
C02504,48.0,8.0,anual,debito_automatico,sem_internet,sim,80.69,2.0,0,0
C02505,58.0,8.0,mensal,cartao,fibra,nao,116.66,1.0,1,0
C02506,54.0,11.0,mensal,cartao,sem_internet,sim,95.44,2.0,0,1
C02507,62.0,26.0,bianual,boleto,dsl,nao,59.13,2.0,1,0
C02508,47.0,12.0,mensal,debito_automatico,sem_internet,sim,105.38,0.0,1,0
C02509,54.0,36.0,anual,pix,sem_internet,sim,65.17,0.0,0,0
C02510,38.0,3.0,bianual,pix,dsl,sim,132.89,1.0,0,0
C02511,34.0,33.0,mensal,cartao,fibra,nao,141.85,0.0,1,1
C02512,64.0,55.0,mensal,cartao,fibra,nao,112.11,1.0,1,0
C02513,45.0,17.0,mensal,boleto,dsl,nao,73.55,0.0,2,0
C02514,52.0,5.0,bianual,pix,fibra,nao,118.36,1.0,2,0
C02515,44.0,27.0,mensal,pix,dsl,nao,89.32,0.0,0,0
C02516,34.0,17.0,mensal,pix,fibra,nao,105.03,2.0,0,0
C02517,42.0,23.0,mensal,cartao,dsl,nao,78.36,1.0,0,0
C02518,61.0,37.0,bianual,boleto,sem_internet,sim,75.3,0.0,1,0
C02519,49.0,11.0,bianual,debito_automatico,fibra,nao,102.73,3.0,1,0
C02520,20.0,10.0,anual,cartao,dsl,sim,99.32,0.0,0,0
C02521,39.0,72.0,bianual,cartao,dsl,nao,81.92,2.0,1,0
C02522,65.0,27.0,anual,boleto,dsl,nao,81.66,3.0,1,0
C02523,39.0,43.0,bianual,boleto,sem_internet,sim,68.54,3.0,0,0
C02524,19.0,35.0,mensal,cartao,dsl,nao,81.19,2.0,1,0
C02525,67.0,43.0,mensal,pix,fibra,sim,145.3,0.0,0,0
C02526,51.0,24.0,bianual,debito_automatico,fibra,nao,139.61,1.0,4,0
C02527,41.0,39.0,mensal,pix,fibra,nao,118.46,0.0,1,0
C02528,37.0,8.0,mensal,boleto,fibra,nao,136.46,2.0,1,1
C02529,56.0,2.0,anual,debito_automatico,dsl,nao,54.61,0.0,0,1
C02530,35.0,6.0,anual,cartao,dsl,sim,119.84,0.0,0,0
C02531,57.0,15.0,mensal,boleto,fibra,nao,128.94,3.0,2,0
C02532,49.0,13.0,mensal,cartao,fibra,nao,117.93,3.0,0,1
C02533,45.0,17.0,mensal,boleto,fibra,sim,146.92,6.0,0,1
C02534,44.0,8.0,mensal,pix,fibra,sim,152.69,6.0,0,1
C02535,40.0,1.0,mensal,pix,dsl,sim,126.14,1.0,2,1
C02536,56.0,11.0,mensal,cartao,fibra,nao,101.84,1.0,1,0
C02537,31.0,3.0,anual,debito_automatico,dsl,nao,90.51,0.0,1,1
C02538,21.0,16.0,mensal,cartao,sem_internet,sim,84.78,1.0,1,0
C02539,50.0,25.0,mensal,boleto,dsl,sim,111.09,0.0,0,1
C02540,50.0,11.0,anual,debito_automatico,dsl,nao,76.73,1.0,1,0
C02541,48.0,4.0,mensal,pix,sem_internet,sim,80.93,0.0,0,0
C02542,47.0,18.0,mensal,pix,fibra,sim,179.88,1.0,1,1
C02543,38.0,72.0,mensal,boleto,fibra,sim,160.22,5.0,0,1
C02544,52.0,27.0,anual,cartao,fibra,nao,105.86,1.0,1,0
C02545,41.0,29.0,mensal,boleto,fibra,sim,148.47,4.0,0,1
C02546,36.0,10.0,mensal,boleto,fibra,sim,137.83,1.0,0,1
C02547,38.0,7.0,anual,boleto,dsl,nao,51.65,3.0,0,0
C02548,68.0,43.0,bianual,boleto,fibra,sim,137.57,1.0,1,1
C02549,19.0,0.0,anual,cartao,fibra,nao,121.8,2.0,1,1
C02550,48.0,7.0,bianual,cartao,fibra,nao,139.11,2.0,0,0
C02551,20.0,65.0,anual,debito_automatico,fibra,nao,134.94,0.0,2,0
C02552,41.0,15.0,mensal,cartao,dsl,nao,62.67,2.0,1,1
C02553,36.0,2.0,mensal,boleto,fibra,sim,143.04,1.0,2,1
C02554,18.0,25.0,mensal,pix,fibra,nao,105.92,2.0,1,0
C02555,47.0,11.0,mensal,pix,fibra,sim,116.28,0.0,1,0
C02556,37.0,1.0,mensal,boleto,dsl,nao,77.49,2.0,0,0
C02557,18.0,21.0,mensal,cartao,fibra,sim,167.05,4.0,2,1
C02558,53.0,18.0,anual,boleto,dsl,nao,76.21,2.0,0,1
C02559,61.0,17.0,anual,pix,dsl,sim,95.98,2.0,1,1
C02560,61.0,27.0,mensal,cartao,fibra,nao,107.32,2.0,2,1
C02561,47.0,4.0,mensal,boleto,fibra,sim,150.07,2.0,0,1
C02562,43.0,23.0,mensal,debito_automatico,dsl,sim,126.55,1.0,0,0
C02563,59.0,20.0,mensal,debito_automatico,fibra,nao,117.26,3.0,0,1
C02564,64.0,42.0,mensal,boleto,dsl,nao,89.52,0.0,0,0
C02565,57.0,7.0,mensal,cartao,dsl,nao,78.78,0.0,1,0
C02566,30.0,49.0,mensal,cartao,fibra,sim,158.55,1.0,1,1
C02567,45.0,35.0,bianual,cartao,fibra,sim,140.9,1.0,0,1
C02568,48.0,15.0,mensal,cartao,dsl,nao,69.71,4.0,1,1
C02569,18.0,17.0,anual,pix,dsl,sim,96.16,2.0,0,0
C02570,48.0,17.0,mensal,pix,fibra,nao,129.02,2.0,1,1
C02571,72.0,33.0,mensal,debito_automatico,dsl,sim,110.63,1.0,0,0
C02572,50.0,13.0,mensal,debito_automatico,fibra,nao,66.04,0.0,1,0
C02573,61.0,42.0,bianual,cartao,sem_internet,nao,52.22,4.0,0,0
C02574,44.0,26.0,mensal,cartao,dsl,sim,129.61,1.0,0,0
C02575,41.0,72.0,mensal,debito_automatico,fibra,nao,107.82,2.0,2,0
C02576,,8.0,bianual,boleto,fibra,nao,127.2,1.0,1,0
C02577,31.0,30.0,mensal,boleto,fibra,nao,116.85,2.0,2,1
C02578,29.0,3.0,mensal,boleto,dsl,sim,83.23,0.0,0,0
C02579,58.0,14.0,anual,debito_automatico,fibra,nao,149.29,1.0,1,0
C02580,60.0,27.0,mensal,debito_automatico,fibra,nao,116.94,2.0,1,0
C02581,29.0,32.0,bianual,cartao,dsl,nao,83.02,0.0,0,0
C02582,55.0,12.0,mensal,cartao,fibra,nao,110.63,1.0,0,0
C02583,41.0,46.0,anual,pix,fibra,nao,115.57,2.0,1,0
C02584,46.0,54.0,mensal,boleto,dsl,nao,82.42,1.0,0,0
C02585,,8.0,bianual,cartao,dsl,nao,64.36,2.0,3,1
C02586,55.0,14.0,bianual,pix,dsl,sim,140.41,0.0,1,0
C02587,43.0,13.0,bianual,debito_automatico,fibra,sim,167.57,2.0,0,0
C02588,60.0,10.0,bianual,cartao,dsl,sim,122.75,0.0,1,0
C02589,46.0,52.0,anual,boleto,dsl,nao,77.87,0.0,2,0
C02590,50.0,51.0,mensal,pix,fibra,nao,108.58,0.0,1,0
C02591,31.0,13.0,mensal,cartao,sem_internet,sim,95.45,,2,1
C02592,70.0,30.0,mensal,pix,fibra,nao,129.16,3.0,0,1
C02593,48.0,42.0,mensal,pix,fibra,sim,149.01,3.0,0,0
C02594,51.0,21.0,mensal,pix,sem_internet,sim,63.73,1.0,1,0
C02595,21.0,12.0,anual,boleto,fibra,sim,131.36,0.0,1,1
C02596,31.0,7.0,anual,cartao,sem_internet,nao,45.43,4.0,1,1
C02597,58.0,32.0,bianual,cartao,fibra,sim,151.27,3.0,0,0
C02598,46.0,3.0,mensal,cartao,fibra,sim,172.78,3.0,0,0
C02599,18.0,13.0,anual,cartao,fibra,nao,134.88,1.0,1,1
C02600,55.0,10.0,anual,cartao,fibra,nao,120.58,1.0,1,0
C02601,35.0,3.0,bianual,cartao,sem_internet,nao,43.78,1.0,1,0
C02602,60.0,15.0,anual,debito_automatico,sem_internet,sim,62.72,0.0,0,0
C02603,41.0,14.0,mensal,cartao,dsl,sim,130.91,2.0,0,0
C02604,45.0,6.0,mensal,cartao,fibra,sim,154.15,1.0,0,1
C02605,57.0,50.0,bianual,cartao,fibra,sim,164.08,1.0,1,0
C02606,30.0,33.0,anual,debito_automatico,fibra,nao,137.65,2.0,1,0
C02607,29.0,18.0,bianual,boleto,fibra,nao,111.52,1.0,3,1
C02608,39.0,37.0,anual,debito_automatico,fibra,nao,107.58,2.0,1,1
C02609,53.0,45.0,anual,cartao,fibra,nao,157.03,0.0,2,0
C02610,25.0,52.0,anual,debito_automatico,fibra,sim,163.92,3.0,2,0
C02611,20.0,8.0,bianual,pix,dsl,sim,110.82,1.0,1,1
C02612,53.0,37.0,bianual,cartao,fibra,nao,138.6,1.0,0,0
C02613,34.0,14.0,mensal,debito_automatico,fibra,sim,150.38,2.0,0,0
C02614,37.0,21.0,mensal,pix,fibra,nao,124.88,0.0,0,0
C02615,18.0,8.0,mensal,boleto,dsl,nao,71.48,2.0,2,1
C02616,33.0,17.0,mensal,cartao,dsl,nao,79.75,1.0,0,1
C02617,42.0,37.0,bianual,pix,fibra,sim,150.89,,0,0
C02618,54.0,15.0,bianual,pix,sem_internet,sim,68.72,1.0,1,1
C02619,32.0,6.0,mensal,debito_automatico,dsl,sim,118.64,0.0,1,0
C02620,64.0,70.0,mensal,boleto,fibra,sim,145.42,4.0,3,0
C02621,33.0,7.0,mensal,cartao,fibra,sim,163.64,3.0,1,1
C02622,33.0,2.0,bianual,pix,sem_internet,nao,40.43,0.0,0,0
C02623,62.0,9.0,anual,debito_automatico,fibra,nao,94.2,1.0,0,1
C02624,45.0,43.0,mensal,cartao,fibra,sim,164.31,1.0,1,0
C02625,35.0,7.0,mensal,boleto,dsl,sim,124.56,0.0,2,1
C02626,40.0,4.0,anual,pix,fibra,nao,153.8,1.0,0,0
C02627,60.0,19.0,mensal,debito_automatico,dsl,sim,115.27,0.0,0,1
C02628,61.0,63.0,bianual,pix,dsl,sim,117.75,4.0,0,0
C02629,31.0,26.0,bianual,cartao,dsl,nao,87.18,,0,0
C02630,41.0,3.0,mensal,cartao,dsl,sim,130.3,1.0,0,1
C02631,43.0,72.0,mensal,cartao,dsl,sim,129.36,1.0,0,0
C02632,29.0,23.0,mensal,cartao,fibra,sim,159.78,2.0,0,0
C02633,41.0,39.0,mensal,cartao,sem_internet,nao,44.51,0.0,0,0
C02634,42.0,2.0,mensal,boleto,fibra,nao,132.64,0.0,1,1
C02635,57.0,72.0,mensal,cartao,fibra,nao,118.88,0.0,0,0
C02636,58.0,11.0,mensal,boleto,sem_internet,nao,25.66,1.0,1,1
C02637,38.0,2.0,bianual,pix,sem_internet,nao,22.48,0.0,0,0
C02638,39.0,21.0,mensal,boleto,dsl,sim,110.6,2.0,0,1
C02639,51.0,39.0,bianual,cartao,fibra,nao,121.8,1.0,0,0
C02640,34.0,30.0,mensal,debito_automatico,fibra,nao,157.08,4.0,2,0
C02641,50.0,29.0,mensal,boleto,dsl,sim,113.2,0.0,3,1
C02642,41.0,27.0,mensal,cartao,fibra,nao,120.7,0.0,0,0
C02643,29.0,19.0,mensal,pix,fibra,sim,148.94,1.0,0,1
C02644,30.0,2.0,mensal,debito_automatico,fibra,sim,164.28,1.0,0,1
C02645,61.0,14.0,bianual,cartao,sem_internet,sim,84.21,2.0,1,0
C02646,40.0,12.0,bianual,pix,sem_internet,sim,70.42,0.0,0,0
C02647,63.0,52.0,mensal,pix,sem_internet,nao,29.83,0.0,1,0
C02648,35.0,43.0,mensal,pix,dsl,nao,73.96,0.0,0,1
C02649,46.0,10.0,mensal,cartao,fibra,sim,142.35,1.0,0,0
C02650,73.0,34.0,anual,debito_automatico,fibra,nao,116.53,2.0,0,0
C02651,28.0,16.0,mensal,cartao,fibra,nao,122.12,0.0,0,0
C02652,18.0,2.0,mensal,cartao,fibra,nao,112.48,0.0,1,1
C02653,59.0,31.0,bianual,cartao,dsl,nao,101.82,1.0,1,0
C02654,31.0,5.0,bianual,pix,fibra,nao,137.39,2.0,2,0
C02655,42.0,5.0,anual,cartao,sem_internet,sim,76.56,1.0,1,0
C02656,34.0,8.0,mensal,pix,fibra,nao,105.54,1.0,0,1
C02657,45.0,31.0,mensal,pix,fibra,nao,119.55,2.0,1,0
C02658,30.0,43.0,mensal,cartao,dsl,nao,77.99,1.0,1,0
C02659,40.0,43.0,anual,boleto,dsl,nao,79.06,0.0,0,0
C02660,48.0,7.0,anual,pix,fibra,nao,114.03,1.0,0,0
C02661,29.0,6.0,mensal,boleto,dsl,sim,99.26,2.0,4,1
C02662,33.0,31.0,bianual,pix,dsl,nao,80.52,2.0,0,0
C02663,37.0,7.0,mensal,boleto,fibra,nao,114.74,0.0,2,0
C02664,23.0,15.0,anual,boleto,fibra,sim,151.07,2.0,3,0
C02665,37.0,34.0,mensal,cartao,sem_internet,nao,46.41,0.0,0,0
C02666,44.0,18.0,mensal,cartao,fibra,nao,118.96,1.0,0,0
C02667,37.0,23.0,mensal,pix,fibra,nao,121.08,2.0,1,0
C02668,38.0,14.0,anual,boleto,fibra,sim,149.04,2.0,1,1
C02669,42.0,40.0,mensal,boleto,dsl,sim,120.4,1.0,1,0
C02670,33.0,43.0,mensal,debito_automatico,sem_internet,nao,34.23,1.0,0,0
C02671,51.0,27.0,anual,pix,fibra,nao,103.68,2.0,1,0
C02672,61.0,43.0,anual,cartao,dsl,sim,101.65,0.0,2,0
C02673,36.0,72.0,anual,pix,dsl,sim,104.85,3.0,0,0
C02674,48.0,33.0,anual,boleto,fibra,nao,100.68,5.0,0,0
C02675,39.0,16.0,anual,pix,dsl,sim,89.61,1.0,1,0
C02676,47.0,24.0,anual,debito_automatico,sem_internet,nao,52.55,2.0,1,0
C02677,62.0,47.0,mensal,pix,sem_internet,nao,64.11,1.0,0,0
C02678,49.0,11.0,mensal,debito_automatico,dsl,sim,123.37,1.0,0,1
C02679,19.0,10.0,mensal,pix,fibra,nao,112.75,0.0,0,0
C02680,48.0,23.0,mensal,cartao,fibra,nao,94.25,0.0,3,0
C02681,58.0,16.0,mensal,debito_automatico,fibra,sim,157.88,1.0,1,0
C02682,39.0,6.0,mensal,debito_automatico,dsl,nao,55.89,1.0,1,0
C02683,55.0,20.0,mensal,cartao,fibra,nao,118.7,1.0,0,1
C02684,33.0,55.0,anual,pix,dsl,nao,68.01,0.0,0,0
C02685,23.0,27.0,anual,pix,dsl,nao,45.79,2.0,1,0
C02686,44.0,4.0,anual,pix,fibra,nao,142.21,1.0,0,1
C02687,19.0,31.0,bianual,cartao,sem_internet,sim,61.16,1.0,2,0
C02688,39.0,13.0,mensal,pix,fibra,nao,114.66,0.0,0,0
C02689,59.0,72.0,mensal,cartao,fibra,nao,118.07,3.0,0,0
C02690,18.0,28.0,mensal,pix,dsl,sim,107.94,1.0,0,1
C02691,25.0,9.0,mensal,boleto,fibra,sim,161.97,2.0,2,1
C02692,29.0,33.0,mensal,debito_automatico,fibra,sim,143.89,2.0,0,0
C02693,41.0,22.0,bianual,boleto,sem_internet,nao,50.73,1.0,0,0
C02694,37.0,51.0,mensal,debito_automatico,sem_internet,nao,49.78,2.0,0,0
C02695,60.0,10.0,mensal,cartao,dsl,nao,59.33,2.0,1,0
C02696,54.0,28.0,mensal,pix,fibra,sim,158.54,5.0,1,1
C02697,48.0,2.0,mensal,pix,fibra,sim,139.19,2.0,0,0
C02698,44.0,19.0,anual,cartao,fibra,nao,102.52,1.0,0,0
C02699,47.0,4.0,anual,pix,fibra,nao,124.36,3.0,0,0
C02700,31.0,21.0,anual,debito_automatico,sem_internet,nao,38.87,0.0,1,0
C02701,53.0,25.0,anual,cartao,fibra,sim,160.59,5.0,3,0
C02702,28.0,27.0,mensal,cartao,dsl,sim,120.73,0.0,0,1
C02703,53.0,10.0,mensal,boleto,fibra,sim,133.58,1.0,1,1
C02704,57.0,20.0,anual,boleto,dsl,nao,91.11,1.0,1,0
C02705,45.0,46.0,mensal,cartao,fibra,sim,159.28,2.0,0,0
C02706,40.0,68.0,mensal,cartao,fibra,sim,146.2,3.0,0,0
C02707,47.0,21.0,mensal,cartao,fibra,nao,117.96,0.0,0,0
C02708,,47.0,anual,pix,sem_internet,nao,56.54,1.0,0,0
C02709,46.0,7.0,mensal,boleto,dsl,nao,75.21,1.0,2,0
C02710,41.0,12.0,bianual,pix,dsl,nao,111.73,0.0,0,0
C02711,,23.0,mensal,pix,fibra,sim,177.36,,0,0
C02712,51.0,16.0,mensal,pix,dsl,sim,116.75,2.0,0,0
C02713,41.0,15.0,mensal,cartao,dsl,nao,76.58,1.0,0,0
C02714,27.0,43.0,mensal,boleto,fibra,nao,117.23,1.0,0,0
C02715,40.0,5.0,mensal,pix,dsl,nao,70.99,0.0,2,0
C02716,43.0,6.0,anual,debito_automatico,sem_internet,nao,46.88,1.0,0,0
C02717,43.0,3.0,mensal,pix,sem_internet,nao,55.31,0.0,1,1
C02718,44.0,23.0,mensal,boleto,sem_internet,nao,24.76,0.0,2,1
C02719,56.0,13.0,mensal,debito_automatico,fibra,sim,164.64,0.0,3,1
C02720,28.0,40.0,mensal,cartao,fibra,sim,169.0,2.0,0,1
C02721,44.0,22.0,bianual,debito_automatico,fibra,nao,128.58,2.0,0,0
C02722,59.0,10.0,mensal,pix,fibra,sim,153.05,3.0,1,1
C02723,19.0,8.0,anual,boleto,fibra,nao,127.96,5.0,0,0
C02724,44.0,15.0,mensal,boleto,fibra,nao,139.49,2.0,1,1
C02725,34.0,4.0,mensal,boleto,dsl,sim,114.13,1.0,2,1
C02726,37.0,44.0,bianual,boleto,dsl,nao,80.35,1.0,0,0
C02727,30.0,12.0,mensal,boleto,dsl,nao,111.99,3.0,2,1
C02728,40.0,3.0,bianual,boleto,sem_internet,sim,84.61,1.0,1,0
C02729,66.0,51.0,mensal,cartao,fibra,nao,104.89,3.0,0,1
C02730,26.0,16.0,mensal,debito_automatico,fibra,nao,133.09,4.0,1,1
C02731,27.0,30.0,bianual,pix,dsl,nao,86.03,0.0,2,0
C02732,25.0,10.0,mensal,cartao,dsl,sim,105.17,1.0,2,1
C02733,64.0,52.0,bianual,boleto,fibra,nao,103.44,2.0,0,0
C02734,36.0,7.0,bianual,pix,sem_internet,nao,48.58,2.0,1,1
C02735,42.0,13.0,mensal,cartao,fibra,sim,154.1,1.0,0,1
C02736,37.0,1.0,mensal,cartao,dsl,sim,96.34,2.0,0,0
C02737,30.0,51.0,bianual,cartao,sem_internet,nao,43.67,2.0,0,0
C02738,39.0,9.0,mensal,pix,fibra,sim,152.73,2.0,1,1
C02739,74.0,24.0,anual,cartao,dsl,nao,79.06,3.0,0,0
C02740,60.0,27.0,mensal,pix,fibra,sim,162.37,3.0,0,0
C02741,31.0,45.0,mensal,cartao,fibra,nao,93.57,2.0,1,0
C02742,50.0,22.0,mensal,boleto,fibra,nao,103.32,3.0,2,1
C02743,31.0,16.0,anual,boleto,dsl,sim,107.7,0.0,1,0
C02744,19.0,41.0,anual,pix,dsl,nao,99.89,0.0,1,1
C02745,55.0,27.0,anual,cartao,sem_internet,sim,115.52,2.0,0,0
C02746,57.0,14.0,mensal,debito_automatico,dsl,nao,80.07,0.0,0,0
C02747,56.0,53.0,mensal,pix,fibra,nao,120.68,1.0,1,0
C02748,36.0,29.0,mensal,cartao,dsl,nao,43.35,2.0,0,0
C02749,40.0,61.0,mensal,boleto,fibra,nao,133.57,2.0,2,0
C02750,52.0,10.0,mensal,debito_automatico,dsl,nao,86.74,2.0,0,1
C02751,47.0,45.0,anual,boleto,fibra,nao,124.25,2.0,3,1
C02752,37.0,3.0,mensal,debito_automatico,dsl,sim,96.31,1.0,0,0
C02753,21.0,41.0,mensal,pix,sem_internet,nao,74.7,1.0,0,0
C02754,43.0,4.0,anual,cartao,fibra,sim,177.81,3.0,0,1
C02755,56.0,22.0,mensal,cartao,dsl,nao,84.42,0.0,0,0
C02756,26.0,28.0,bianual,debito_automatico,dsl,nao,94.88,0.0,1,1
C02757,50.0,14.0,mensal,boleto,fibra,nao,120.77,2.0,1,1
C02758,46.0,18.0,mensal,cartao,fibra,sim,167.32,2.0,0,1
C02759,52.0,6.0,bianual,cartao,dsl,nao,60.39,2.0,0,0
C02760,53.0,37.0,anual,cartao,fibra,sim,120.89,0.0,0,0
C02761,33.0,23.0,bianual,boleto,fibra,nao,100.96,1.0,1,0
C02762,21.0,7.0,mensal,debito_automatico,dsl,nao,67.9,1.0,0,0
C02763,35.0,24.0,mensal,cartao,dsl,sim,105.35,0.0,0,0
C02764,54.0,24.0,anual,cartao,fibra,sim,161.72,0.0,0,0
C02765,35.0,19.0,mensal,pix,sem_internet,sim,76.14,0.0,0,0
C02766,33.0,0.0,anual,boleto,sem_internet,nao,44.57,2.0,1,0
C02767,18.0,12.0,mensal,boleto,sem_internet,nao,27.23,0.0,1,1
C02768,65.0,37.0,mensal,pix,dsl,nao,60.93,1.0,0,0
C02769,53.0,29.0,mensal,boleto,fibra,nao,120.62,2.0,0,1
C02770,52.0,28.0,anual,pix,fibra,nao,111.87,3.0,0,0
C02771,55.0,23.0,mensal,debito_automatico,sem_internet,nao,45.07,2.0,0,1
C02772,49.0,41.0,bianual,cartao,sem_internet,nao,53.17,0.0,0,0
C02773,39.0,10.0,mensal,cartao,dsl,nao,104.59,0.0,1,1
C02774,40.0,8.0,mensal,cartao,dsl,sim,114.69,1.0,0,0
C02775,36.0,72.0,mensal,pix,fibra,nao,147.2,2.0,0,0
C02776,76.0,9.0,anual,boleto,dsl,nao,86.09,1.0,1,0
C02777,49.0,4.0,bianual,pix,fibra,nao,130.34,1.0,0,0
C02778,36.0,14.0,mensal,pix,dsl,nao,95.8,0.0,0,1
C02779,48.0,20.0,mensal,debito_automatico,dsl,nao,90.8,3.0,2,1
C02780,29.0,41.0,anual,boleto,dsl,sim,102.97,0.0,0,0
C02781,62.0,12.0,mensal,debito_automatico,fibra,sim,171.25,1.0,2,0
C02782,33.0,12.0,anual,debito_automatico,dsl,nao,74.39,4.0,0,1
C02783,49.0,18.0,anual,boleto,fibra,nao,124.53,2.0,0,0
C02784,56.0,10.0,mensal,pix,fibra,sim,156.99,2.0,0,1
C02785,47.0,3.0,anual,boleto,fibra,nao,137.16,1.0,0,1
C02786,43.0,4.0,anual,pix,fibra,nao,125.9,1.0,0,0
C02787,42.0,50.0,mensal,boleto,fibra,nao,99.21,2.0,0,1
C02788,41.0,34.0,mensal,boleto,fibra,sim,186.37,1.0,1,0
C02789,35.0,18.0,mensal,debito_automatico,fibra,sim,167.52,1.0,0,0
C02790,,29.0,anual,boleto,fibra,nao,111.74,3.0,1,0
C02791,61.0,35.0,anual,boleto,fibra,sim,137.94,2.0,0,0
C02792,41.0,9.0,mensal,boleto,dsl,nao,94.24,0.0,1,0
C02793,32.0,46.0,mensal,pix,fibra,nao,104.71,4.0,0,0
C02794,35.0,30.0,mensal,boleto,fibra,nao,132.01,0.0,1,1
C02795,56.0,21.0,mensal,debito_automatico,fibra,nao,136.04,2.0,0,1
C02796,51.0,42.0,mensal,debito_automatico,fibra,nao,110.25,2.0,1,0
C02797,49.0,31.0,mensal,cartao,dsl,nao,68.92,1.0,0,0
C02798,39.0,29.0,mensal,cartao,sem_internet,sim,72.95,0.0,1,0
C02799,49.0,6.0,anual,cartao,fibra,sim,140.17,1.0,0,1
C02800,34.0,36.0,anual,pix,fibra,nao,123.44,1.0,0,0
C02801,39.0,26.0,mensal,pix,fibra,sim,160.58,1.0,0,1
C02802,55.0,7.0,anual,pix,fibra,sim,165.91,2.0,2,1
C02803,53.0,22.0,mensal,debito_automatico,sem_internet,sim,67.5,2.0,0,0
C02804,29.0,5.0,mensal,pix,dsl,sim,127.6,0.0,0,0
C02805,31.0,15.0,bianual,pix,dsl,nao,65.18,2.0,0,0
C02806,43.0,72.0,mensal,cartao,sem_internet,nao,57.59,1.0,0,0
C02807,64.0,6.0,mensal,pix,dsl,sim,92.7,0.0,1,1
C02808,18.0,3.0,mensal,boleto,fibra,sim,178.52,0.0,1,1
C02809,46.0,4.0,anual,boleto,dsl,nao,72.18,0.0,2,0
C02810,24.0,15.0,mensal,cartao,dsl,sim,123.99,2.0,1,0
C02811,34.0,32.0,bianual,cartao,fibra,nao,130.18,0.0,1,0
C02812,37.0,19.0,mensal,cartao,dsl,nao,60.96,1.0,0,0
C02813,37.0,3.0,mensal,cartao,fibra,sim,167.53,3.0,0,1
C02814,35.0,32.0,mensal,cartao,fibra,nao,111.74,2.0,0,1
C02815,42.0,4.0,anual,pix,dsl,nao,75.41,1.0,1,0
C02816,35.0,10.0,mensal,cartao,fibra,nao,109.95,2.0,0,1
C02817,23.0,45.0,bianual,cartao,fibra,sim,179.21,0.0,0,0
C02818,52.0,20.0,bianual,debito_automatico,fibra,sim,137.45,1.0,0,0
C02819,52.0,20.0,mensal,debito_automatico,dsl,sim,121.45,3.0,0,0
C02820,53.0,3.0,mensal,pix,sem_internet,nao,35.65,1.0,1,1
C02821,22.0,11.0,mensal,cartao,dsl,sim,131.37,0.0,0,1
C02822,46.0,40.0,anual,boleto,dsl,sim,149.82,0.0,1,0
C02823,51.0,25.0,anual,pix,fibra,nao,110.54,2.0,2,0
C02824,29.0,33.0,mensal,boleto,dsl,nao,82.1,1.0,0,0
C02825,42.0,18.0,bianual,debito_automatico,fibra,sim,149.22,2.0,1,0
C02826,40.0,40.0,mensal,cartao,fibra,nao,135.57,2.0,1,0
C02827,66.0,3.0,bianual,cartao,dsl,nao,76.27,1.0,1,0
C02828,67.0,15.0,bianual,pix,fibra,nao,133.58,1.0,0,0
C02829,20.0,28.0,mensal,cartao,sem_internet,sim,74.03,1.0,0,1
C02830,74.0,2.0,mensal,boleto,fibra,nao,153.66,,0,0
C02831,,0.0,mensal,pix,dsl,nao,47.13,,1,1
C02832,55.0,72.0,bianual,boleto,fibra,nao,125.65,1.0,1,0
C02833,55.0,20.0,mensal,cartao,dsl,sim,114.84,1.0,0,0
C02834,29.0,2.0,bianual,cartao,dsl,sim,114.3,1.0,1,0
C02835,48.0,19.0,mensal,cartao,fibra,nao,124.28,2.0,1,1
C02836,41.0,4.0,mensal,debito_automatico,sem_internet,nao,45.88,2.0,0,0
C02837,49.0,6.0,bianual,cartao,dsl,sim,118.29,3.0,1,0
C02838,45.0,46.0,mensal,cartao,fibra,sim,161.12,2.0,0,1
C02839,,10.0,anual,cartao,dsl,sim,141.23,1.0,0,0
C02840,43.0,10.0,mensal,pix,fibra,nao,78.52,1.0,2,1
C02841,40.0,4.0,mensal,boleto,dsl,sim,142.71,0.0,3,1
C02842,56.0,13.0,mensal,pix,fibra,nao,158.4,2.0,0,1
C02843,50.0,21.0,mensal,cartao,dsl,sim,88.73,3.0,2,0
C02844,52.0,10.0,anual,cartao,fibra,nao,120.72,0.0,0,0
C02845,33.0,72.0,mensal,debito_automatico,dsl,nao,100.57,2.0,1,0
C02846,28.0,5.0,mensal,cartao,sem_internet,sim,93.78,0.0,2,1
C02847,35.0,5.0,mensal,debito_automatico,sem_internet,nao,70.14,1.0,0,0
C02848,34.0,12.0,anual,pix,dsl,nao,85.58,1.0,0,0
C02849,52.0,72.0,bianual,pix,dsl,nao,49.51,0.0,2,0
C02850,55.0,34.0,anual,cartao,dsl,sim,134.57,0.0,3,0
C02851,40.0,10.0,bianual,debito_automatico,fibra,nao,129.53,2.0,1,0
C02852,61.0,10.0,mensal,cartao,dsl,sim,137.0,1.0,0,1
C02853,60.0,5.0,mensal,pix,dsl,nao,56.99,1.0,1,0
C02854,45.0,12.0,mensal,boleto,fibra,nao,101.76,3.0,0,1
C02855,31.0,14.0,mensal,boleto,dsl,nao,80.25,4.0,0,1
C02856,62.0,32.0,anual,cartao,fibra,nao,140.0,2.0,0,0
C02857,41.0,27.0,anual,boleto,dsl,sim,139.17,0.0,2,0
C02858,44.0,11.0,mensal,debito_automatico,fibra,nao,109.11,1.0,0,0
C02859,38.0,59.0,bianual,boleto,sem_internet,nao,38.9,1.0,2,0
C02860,,8.0,mensal,boleto,fibra,sim,198.08,3.0,3,1
C02861,23.0,3.0,anual,debito_automatico,fibra,sim,146.71,0.0,1,1
C02862,50.0,22.0,mensal,cartao,dsl,nao,90.13,0.0,0,0
C02863,32.0,43.0,anual,pix,fibra,sim,148.22,5.0,1,0
C02864,82.0,17.0,mensal,boleto,fibra,nao,127.12,0.0,0,0
C02865,28.0,4.0,bianual,boleto,dsl,sim,102.01,1.0,0,0
C02866,26.0,20.0,bianual,boleto,sem_internet,nao,32.43,5.0,0,0
C02867,49.0,23.0,mensal,cartao,dsl,nao,74.44,1.0,0,1
C02868,62.0,25.0,mensal,boleto,fibra,sim,146.82,1.0,1,1
C02869,43.0,21.0,anual,pix,fibra,sim,150.44,2.0,0,0
C02870,,48.0,anual,boleto,dsl,sim,122.89,1.0,2,0
C02871,18.0,5.0,mensal,pix,dsl,nao,108.36,2.0,1,1
C02872,33.0,1.0,anual,cartao,sem_internet,sim,71.14,1.0,1,0
C02873,28.0,3.0,bianual,debito_automatico,fibra,sim,140.17,2.0,0,0
C02874,18.0,37.0,anual,boleto,dsl,nao,80.14,0.0,1,0
C02875,44.0,13.0,mensal,boleto,sem_internet,nao,32.23,0.0,0,0
C02876,18.0,62.0,bianual,cartao,fibra,sim,130.47,1.0,0,0
C02877,25.0,4.0,mensal,cartao,sem_internet,nao,60.96,1.0,0,1
C02878,35.0,61.0,mensal,debito_automatico,fibra,nao,121.21,3.0,0,0
C02879,31.0,6.0,bianual,cartao,dsl,nao,82.68,2.0,1,0
C02880,47.0,14.0,mensal,cartao,fibra,nao,91.09,0.0,0,1
C02881,46.0,2.0,mensal,pix,dsl,nao,71.23,0.0,0,0
C02882,54.0,55.0,anual,cartao,sem_internet,nao,23.76,1.0,0,0
C02883,52.0,16.0,bianual,boleto,fibra,nao,119.69,3.0,1,0
C02884,,72.0,mensal,cartao,dsl,sim,117.01,1.0,1,0
C02885,42.0,45.0,mensal,cartao,fibra,nao,122.0,2.0,1,1
C02886,46.0,14.0,mensal,cartao,fibra,nao,110.0,0.0,1,1
C02887,49.0,8.0,mensal,debito_automatico,dsl,sim,102.21,0.0,3,1
C02888,44.0,39.0,mensal,debito_automatico,dsl,nao,77.1,0.0,0,0
C02889,37.0,18.0,mensal,debito_automatico,fibra,nao,125.36,2.0,0,0
C02890,38.0,7.0,bianual,boleto,fibra,sim,146.31,2.0,3,0
C02891,31.0,19.0,anual,boleto,fibra,nao,105.94,1.0,0,0
C02892,47.0,25.0,bianual,pix,fibra,sim,141.58,0.0,0,0
C02893,41.0,30.0,bianual,boleto,fibra,sim,145.12,3.0,2,0
C02894,33.0,4.0,bianual,cartao,fibra,nao,113.21,1.0,0,0
C02895,33.0,49.0,anual,cartao,dsl,sim,98.53,1.0,0,0
C02896,26.0,41.0,mensal,debito_automatico,fibra,nao,113.32,2.0,0,0
C02897,55.0,23.0,bianual,boleto,sem_internet,sim,98.54,3.0,1,0
C02898,43.0,6.0,mensal,pix,fibra,nao,115.58,0.0,1,0
C02899,31.0,32.0,mensal,cartao,fibra,nao,101.42,3.0,1,0
C02900,53.0,12.0,mensal,pix,fibra,sim,121.12,1.0,1,0
C02901,35.0,21.0,mensal,cartao,fibra,sim,182.55,1.0,0,0
C02902,24.0,34.0,mensal,debito_automatico,dsl,sim,132.09,2.0,0,0
C02903,55.0,3.0,anual,cartao,fibra,sim,159.27,2.0,1,0
C02904,35.0,2.0,mensal,pix,fibra,nao,137.44,2.0,0,0
C02905,37.0,11.0,mensal,cartao,fibra,nao,127.91,,0,0
C02906,43.0,72.0,mensal,pix,dsl,nao,78.86,1.0,1,0
C02907,57.0,72.0,bianual,pix,fibra,nao,101.4,1.0,2,0
C02908,42.0,25.0,mensal,debito_automatico,fibra,nao,148.63,3.0,0,0
C02909,26.0,42.0,mensal,boleto,fibra,nao,113.44,2.0,0,1
C02910,49.0,17.0,anual,cartao,dsl,nao,74.26,2.0,0,0
C02911,36.0,19.0,bianual,pix,sem_internet,nao,45.56,0.0,0,0
C02912,67.0,14.0,mensal,pix,fibra,nao,120.82,0.0,0,0
C02913,42.0,46.0,anual,boleto,fibra,sim,163.62,3.0,3,1
C02914,18.0,63.0,mensal,boleto,fibra,sim,161.89,2.0,1,0
C02915,,19.0,bianual,boleto,sem_internet,sim,71.35,2.0,0,0
C02916,67.0,19.0,anual,boleto,fibra,sim,155.39,0.0,0,1
C02917,62.0,15.0,anual,cartao,dsl,nao,88.15,0.0,3,0
C02918,66.0,64.0,mensal,pix,dsl,nao,70.07,1.0,1,0
C02919,29.0,38.0,anual,boleto,fibra,sim,176.7,4.0,1,0
C02920,54.0,6.0,mensal,pix,dsl,nao,79.7,1.0,0,0
C02921,33.0,72.0,mensal,pix,dsl,sim,138.98,1.0,0,0
C02922,45.0,0.0,anual,cartao,fibra,nao,99.12,1.0,0,0
C02923,25.0,59.0,anual,cartao,fibra,sim,164.82,3.0,1,0
C02924,34.0,43.0,mensal,cartao,fibra,sim,141.64,1.0,1,0
C02925,33.0,19.0,bianual,boleto,fibra,sim,145.48,2.0,1,0
C02926,54.0,19.0,mensal,debito_automatico,dsl,sim,128.57,1.0,0,0
C02927,52.0,16.0,anual,debito_automatico,dsl,sim,111.57,2.0,0,0
C02928,46.0,6.0,mensal,boleto,dsl,nao,118.96,0.0,0,0
C02929,24.0,72.0,mensal,pix,dsl,sim,122.77,1.0,1,0
C02930,38.0,18.0,bianual,cartao,fibra,sim,144.56,1.0,1,0
C02931,32.0,6.0,mensal,boleto,fibra,sim,162.8,,2,1
C02932,53.0,70.0,bianual,pix,dsl,nao,76.44,0.0,0,0
C02933,57.0,28.0,mensal,boleto,fibra,nao,132.48,2.0,0,1
C02934,56.0,29.0,anual,boleto,fibra,sim,150.56,0.0,0,0
C02935,32.0,72.0,mensal,boleto,dsl,sim,121.1,1.0,3,0
C02936,18.0,33.0,anual,cartao,dsl,nao,82.98,,0,0
C02937,19.0,9.0,bianual,cartao,fibra,nao,121.18,4.0,0,0
C02938,60.0,33.0,anual,debito_automatico,dsl,nao,95.63,3.0,2,0
C02939,37.0,7.0,mensal,cartao,fibra,nao,92.95,1.0,0,0
C02940,32.0,11.0,anual,debito_automatico,dsl,sim,116.46,0.0,1,0
C02941,63.0,24.0,anual,boleto,dsl,nao,69.48,2.0,4,0
C02942,58.0,41.0,mensal,cartao,dsl,nao,59.77,0.0,0,0
C02943,42.0,10.0,anual,pix,fibra,nao,107.43,1.0,1,0
C02944,38.0,15.0,anual,pix,dsl,sim,105.7,1.0,0,0
C02945,40.0,15.0,anual,debito_automatico,fibra,nao,116.47,0.0,1,0
C02946,45.0,47.0,mensal,cartao,fibra,nao,125.06,3.0,1,0
C02947,63.0,19.0,mensal,cartao,sem_internet,nao,53.13,2.0,0,0
C02948,47.0,72.0,bianual,pix,fibra,nao,113.86,0.0,0,0
C02949,51.0,11.0,anual,pix,dsl,nao,103.77,1.0,0,0
C02950,57.0,10.0,mensal,debito_automatico,fibra,sim,149.43,1.0,0,0
C02951,27.0,58.0,bianual,cartao,dsl,sim,85.8,0.0,0,0
C02952,52.0,30.0,mensal,boleto,dsl,sim,109.83,0.0,2,0
C02953,38.0,57.0,mensal,boleto,fibra,nao,120.71,2.0,1,0
C02954,18.0,4.0,anual,boleto,dsl,nao,30.91,2.0,2,0
C02955,18.0,18.0,anual,cartao,sem_internet,nao,63.11,0.0,1,1
C02956,,24.0,bianual,boleto,dsl,nao,78.51,1.0,3,0
C02957,49.0,23.0,anual,cartao,sem_internet,nao,27.71,0.0,0,0
C02958,43.0,16.0,mensal,debito_automatico,fibra,nao,105.6,4.0,0,1
C02959,44.0,22.0,mensal,debito_automatico,sem_internet,sim,91.43,5.0,0,0
C02960,67.0,23.0,mensal,debito_automatico,fibra,sim,168.26,2.0,0,0
C02961,26.0,10.0,bianual,boleto,fibra,sim,145.27,1.0,0,0
C02962,42.0,46.0,mensal,cartao,fibra,nao,99.67,0.0,1,0
C02963,46.0,71.0,mensal,pix,fibra,sim,156.96,0.0,0,0
C02964,32.0,35.0,mensal,cartao,dsl,sim,119.72,1.0,1,0
C02965,42.0,27.0,mensal,pix,fibra,sim,163.48,0.0,0,0
C02966,21.0,17.0,mensal,cartao,dsl,nao,71.55,3.0,1,0
C02967,,24.0,anual,debito_automatico,fibra,nao,118.17,4.0,1,1
C02968,33.0,26.0,mensal,cartao,fibra,nao,120.3,0.0,2,0
C02969,68.0,6.0,bianual,debito_automatico,sem_internet,sim,94.5,0.0,0,0
C02970,42.0,44.0,bianual,pix,dsl,nao,99.94,2.0,1,0
C02971,55.0,12.0,mensal,cartao,fibra,sim,179.01,1.0,0,0
C02972,41.0,61.0,bianual,pix,dsl,nao,99.54,0.0,0,0
C02973,42.0,22.0,mensal,pix,sem_internet,sim,107.2,1.0,1,1
C02974,34.0,45.0,mensal,pix,fibra,sim,170.2,1.0,1,1
C02975,44.0,35.0,mensal,boleto,fibra,nao,111.16,0.0,2,1
C02976,46.0,4.0,bianual,boleto,sem_internet,nao,68.0,1.0,5,0
C02977,32.0,57.0,anual,pix,fibra,nao,99.35,2.0,1,0
C02978,40.0,8.0,mensal,debito_automatico,fibra,sim,190.47,2.0,1,1
C02979,34.0,11.0,anual,pix,fibra,nao,105.37,1.0,0,0
C02980,72.0,12.0,anual,cartao,fibra,sim,168.31,0.0,0,0
C02981,41.0,2.0,anual,pix,sem_internet,sim,101.66,1.0,0,0
C02982,62.0,22.0,mensal,pix,sem_internet,nao,51.89,0.0,1,0
C02983,39.0,47.0,bianual,pix,dsl,nao,49.24,0.0,0,0
C02984,45.0,60.0,anual,debito_automatico,dsl,nao,65.78,0.0,0,0
C02985,25.0,16.0,mensal,boleto,dsl,nao,85.35,0.0,0,0
C02986,36.0,18.0,bianual,debito_automatico,dsl,nao,89.53,,0,0
C02987,45.0,37.0,mensal,debito_automatico,dsl,sim,112.32,,1,0
C02988,63.0,16.0,anual,cartao,sem_internet,nao,46.12,1.0,0,0
C02989,45.0,51.0,anual,boleto,fibra,nao,97.97,4.0,3,0
C02990,60.0,18.0,mensal,pix,fibra,nao,146.62,2.0,1,1
C02991,50.0,7.0,mensal,boleto,dsl,nao,74.33,1.0,0,1
C02992,63.0,23.0,anual,cartao,dsl,sim,126.83,0.0,0,0
C02993,41.0,3.0,bianual,debito_automatico,fibra,nao,141.05,1.0,0,0
C02994,73.0,23.0,bianual,pix,fibra,nao,102.67,3.0,2,0
C02995,36.0,27.0,anual,debito_automatico,dsl,nao,81.92,0.0,0,0
C02996,32.0,8.0,mensal,cartao,fibra,nao,124.17,2.0,0,0
C02997,26.0,26.0,mensal,boleto,sem_internet,nao,41.13,1.0,1,0
C02998,72.0,14.0,anual,cartao,dsl,nao,93.91,0.0,0,0
C02999,53.0,8.0,mensal,cartao,fibra,nao,109.99,2.0,1,0
C03000,38.0,2.0,anual,pix,dsl,sim,115.82,0.0,0,0
C03001,58.0,3.0,mensal,cartao,dsl,nao,74.44,2.0,1,1
C03002,51.0,66.0,mensal,boleto,fibra,nao,154.88,1.0,0,1
C03003,68.0,14.0,anual,pix,fibra,nao,110.06,2.0,0,0
C03004,22.0,26.0,anual,boleto,fibra,nao,131.17,2.0,0,0
C03005,39.0,16.0,anual,boleto,sem_internet,sim,106.95,0.0,3,1
C03006,36.0,67.0,mensal,cartao,sem_internet,sim,66.22,1.0,0,0
C03007,18.0,8.0,bianual,boleto,fibra,sim,156.43,3.0,1,0
C03008,56.0,20.0,mensal,boleto,dsl,nao,65.2,0.0,0,0
C03009,38.0,11.0,anual,pix,dsl,nao,49.81,4.0,0,0
C03010,52.0,44.0,anual,pix,fibra,nao,108.22,3.0,2,0
C03011,73.0,26.0,mensal,pix,fibra,nao,111.44,1.0,0,0
C03012,37.0,19.0,anual,debito_automatico,sem_internet,nao,37.34,1.0,1,0
C03013,37.0,4.0,anual,boleto,fibra,nao,115.51,3.0,1,0
C03014,44.0,72.0,mensal,pix,dsl,nao,80.09,0.0,0,0
C03015,55.0,16.0,anual,cartao,dsl,sim,97.05,2.0,0,0
C03016,,6.0,mensal,boleto,dsl,nao,85.27,1.0,1,1
C03017,34.0,2.0,bianual,cartao,fibra,sim,173.2,2.0,0,1
C03018,56.0,3.0,mensal,cartao,fibra,sim,174.96,2.0,1,1
C03019,47.0,19.0,mensal,boleto,sem_internet,nao,41.1,,1,0
C03020,18.0,45.0,anual,cartao,fibra,sim,168.41,0.0,0,0
C03021,26.0,24.0,mensal,cartao,fibra,nao,109.78,2.0,0,1
C03022,62.0,3.0,bianual,cartao,fibra,sim,149.85,1.0,0,0
C03023,47.0,19.0,mensal,boleto,dsl,sim,120.98,1.0,1,0
C03024,32.0,56.0,mensal,debito_automatico,fibra,sim,149.98,2.0,1,0
C03025,40.0,13.0,mensal,boleto,dsl,nao,61.04,0.0,2,1
C03026,42.0,25.0,mensal,debito_automatico,fibra,nao,132.5,2.0,1,0
C03027,52.0,14.0,mensal,boleto,dsl,nao,67.57,0.0,1,0
C03028,24.0,30.0,mensal,cartao,sem_internet,nao,37.2,1.0,0,0
C03029,31.0,8.0,mensal,debito_automatico,dsl,sim,130.87,0.0,0,0
C03030,46.0,5.0,mensal,debito_automatico,dsl,nao,88.06,1.0,0,1
C03031,41.0,11.0,mensal,boleto,dsl,sim,117.64,3.0,0,1
C03032,49.0,17.0,mensal,cartao,dsl,sim,92.96,0.0,1,0
C03033,26.0,12.0,mensal,pix,fibra,nao,102.55,1.0,1,1
C03034,47.0,12.0,mensal,boleto,dsl,nao,85.96,1.0,2,0
C03035,56.0,45.0,mensal,cartao,fibra,nao,129.45,1.0,0,0
C03036,48.0,6.0,mensal,cartao,fibra,sim,158.8,1.0,0,1
C03037,44.0,19.0,mensal,pix,fibra,nao,112.89,2.0,0,1
C03038,41.0,3.0,mensal,cartao,fibra,nao,112.4,3.0,1,1
C03039,31.0,35.0,bianual,pix,fibra,nao,123.24,0.0,0,0
C03040,41.0,24.0,mensal,debito_automatico,dsl,nao,61.22,1.0,1,0
C03041,58.0,72.0,mensal,debito_automatico,dsl,nao,81.38,1.0,1,0
C03042,40.0,5.0,anual,cartao,fibra,sim,134.17,3.0,1,1
C03043,30.0,70.0,mensal,debito_automatico,fibra,nao,104.21,0.0,1,0
C03044,36.0,6.0,mensal,boleto,dsl,nao,82.67,2.0,3,1
C03045,45.0,13.0,anual,cartao,dsl,nao,88.75,1.0,0,0
C03046,37.0,4.0,anual,cartao,dsl,nao,85.13,3.0,0,0
C03047,48.0,72.0,bianual,debito_automatico,fibra,nao,103.28,3.0,0,0
C03048,49.0,27.0,bianual,pix,dsl,sim,86.93,0.0,0,0
C03049,54.0,28.0,anual,pix,fibra,nao,119.88,2.0,1,0
C03050,61.0,7.0,anual,boleto,dsl,sim,86.51,1.0,0,0
C03051,55.0,0.0,mensal,pix,fibra,nao,134.17,4.0,2,1
C03052,30.0,12.0,bianual,pix,fibra,nao,103.78,2.0,1,0
C03053,30.0,10.0,anual,pix,sem_internet,nao,78.51,1.0,0,0
C03054,41.0,13.0,mensal,debito_automatico,sem_internet,nao,30.57,0.0,1,0
C03055,,19.0,mensal,cartao,fibra,sim,161.94,4.0,0,0
C03056,27.0,29.0,anual,pix,fibra,sim,143.95,1.0,1,1
C03057,36.0,1.0,mensal,debito_automatico,sem_internet,nao,42.48,0.0,0,0
C03058,36.0,4.0,bianual,debito_automatico,fibra,nao,122.76,1.0,0,1
C03059,33.0,7.0,mensal,boleto,sem_internet,sim,92.9,0.0,1,1
C03060,38.0,47.0,bianual,boleto,fibra,nao,135.29,0.0,0,0
C03061,57.0,46.0,mensal,cartao,fibra,nao,130.91,1.0,0,1
C03062,45.0,26.0,anual,cartao,fibra,sim,170.56,4.0,1,0
C03063,74.0,13.0,mensal,cartao,dsl,sim,105.76,0.0,2,0
C03064,44.0,49.0,mensal,pix,fibra,sim,164.73,2.0,0,0
C03065,38.0,23.0,mensal,boleto,fibra,nao,114.89,1.0,1,1
C03066,42.0,47.0,mensal,boleto,sem_internet,nao,59.79,1.0,1,0
C03067,45.0,27.0,mensal,cartao,fibra,nao,121.73,2.0,0,0
C03068,48.0,2.0,bianual,boleto,dsl,sim,124.3,2.0,0,0
C03069,69.0,0.0,mensal,cartao,fibra,nao,124.37,1.0,1,1
C03070,31.0,12.0,anual,debito_automatico,dsl,sim,126.41,0.0,0,0
C03071,53.0,39.0,anual,pix,fibra,nao,107.89,3.0,0,0
C03072,45.0,10.0,mensal,boleto,dsl,nao,56.42,0.0,3,1
C03073,22.0,57.0,bianual,cartao,dsl,nao,94.83,1.0,1,0
C03074,52.0,36.0,anual,pix,sem_internet,nao,65.17,0.0,1,0
C03075,58.0,53.0,anual,cartao,sem_internet,sim,78.26,1.0,0,0
C03076,31.0,12.0,bianual,debito_automatico,fibra,sim,167.17,1.0,1,0
C03077,42.0,6.0,anual,debito_automatico,fibra,sim,130.56,0.0,2,0
C03078,20.0,5.0,bianual,pix,fibra,sim,145.68,2.0,0,0
C03079,26.0,29.0,mensal,boleto,dsl,sim,116.23,0.0,1,0
C03080,56.0,2.0,mensal,pix,fibra,nao,93.97,1.0,0,1
C03081,36.0,2.0,anual,pix,dsl,nao,57.06,3.0,0,0
C03082,28.0,9.0,mensal,boleto,sem_internet,sim,82.37,1.0,1,0
C03083,45.0,22.0,anual,cartao,fibra,nao,110.91,2.0,3,1
C03084,35.0,7.0,mensal,cartao,fibra,nao,114.8,4.0,0,0
C03085,36.0,46.0,mensal,cartao,dsl,nao,73.91,1.0,0,0
C03086,52.0,54.0,bianual,pix,fibra,nao,100.75,4.0,0,0
C03087,27.0,28.0,mensal,boleto,fibra,nao,116.74,4.0,2,0
C03088,30.0,10.0,mensal,cartao,fibra,nao,119.79,1.0,0,1
C03089,44.0,40.0,anual,boleto,sem_internet,nao,36.26,0.0,1,0
C03090,55.0,28.0,anual,debito_automatico,dsl,nao,72.48,1.0,0,0
C03091,58.0,21.0,bianual,pix,fibra,sim,151.94,4.0,1,0
C03092,33.0,16.0,mensal,debito_automatico,fibra,sim,167.3,1.0,1,0
C03093,54.0,2.0,bianual,debito_automatico,dsl,nao,78.58,0.0,0,0
C03094,32.0,72.0,anual,boleto,fibra,sim,126.11,2.0,1,0
C03095,66.0,4.0,bianual,debito_automatico,sem_internet,sim,62.09,1.0,2,0
C03096,27.0,70.0,mensal,cartao,dsl,sim,128.98,3.0,0,0
C03097,59.0,33.0,mensal,cartao,sem_internet,nao,34.72,0.0,0,0
C03098,33.0,11.0,mensal,debito_automatico,dsl,nao,78.67,0.0,0,0
C03099,68.0,9.0,anual,pix,sem_internet,nao,73.87,4.0,0,0
C03100,50.0,2.0,mensal,debito_automatico,dsl,sim,124.48,1.0,0,1
C03101,29.0,19.0,mensal,debito_automatico,dsl,nao,47.78,2.0,0,0
C03102,35.0,2.0,anual,cartao,fibra,sim,176.67,2.0,0,1
C03103,52.0,48.0,mensal,boleto,dsl,sim,117.24,0.0,1,0
C03104,56.0,23.0,mensal,cartao,dsl,nao,85.54,1.0,2,1
C03105,41.0,18.0,mensal,debito_automatico,fibra,sim,159.56,3.0,0,1
C03106,43.0,20.0,bianual,debito_automatico,dsl,nao,93.7,1.0,0,0
C03107,52.0,24.0,anual,debito_automatico,fibra,nao,118.8,1.0,0,0
C03108,44.0,13.0,anual,cartao,fibra,nao,97.78,1.0,0,0
C03109,25.0,15.0,bianual,boleto,fibra,nao,124.85,1.0,2,0
C03110,31.0,72.0,anual,boleto,fibra,nao,99.27,2.0,1,0
C03111,45.0,44.0,mensal,debito_automatico,fibra,sim,182.25,1.0,1,0
C03112,58.0,32.0,anual,pix,sem_internet,nao,39.57,1.0,1,0
C03113,63.0,11.0,bianual,cartao,dsl,sim,114.22,2.0,0,0
C03114,52.0,1.0,mensal,debito_automatico,sem_internet,nao,34.86,1.0,0,0
C03115,46.0,29.0,anual,debito_automatico,sem_internet,nao,50.09,0.0,0,0
C03116,52.0,20.0,mensal,boleto,fibra,sim,161.82,1.0,0,1
C03117,33.0,14.0,bianual,boleto,dsl,nao,69.82,2.0,0,0
C03118,40.0,17.0,anual,boleto,fibra,nao,126.8,0.0,2,0
C03119,31.0,4.0,bianual,pix,sem_internet,nao,46.02,0.0,0,0
C03120,26.0,6.0,anual,boleto,fibra,sim,153.56,1.0,3,1
C03121,46.0,45.0,mensal,cartao,fibra,nao,108.73,0.0,0,0
C03122,44.0,0.0,mensal,cartao,fibra,sim,189.72,0.0,1,1
C03123,51.0,39.0,bianual,debito_automatico,dsl,sim,132.74,2.0,1,0
C03124,49.0,59.0,mensal,boleto,fibra,nao,130.93,2.0,0,0
C03125,45.0,28.0,mensal,pix,fibra,nao,136.9,3.0,1,1
C03126,49.0,27.0,anual,cartao,sem_internet,nao,49.5,0.0,0,0
C03127,41.0,6.0,mensal,pix,fibra,nao,114.76,2.0,1,1
C03128,47.0,7.0,mensal,debito_automatico,dsl,nao,40.35,0.0,0,0
C03129,33.0,12.0,mensal,cartao,dsl,nao,61.72,0.0,0,0
C03130,47.0,3.0,mensal,debito_automatico,fibra,sim,187.48,0.0,0,0
C03131,51.0,7.0,anual,debito_automatico,fibra,nao,137.4,3.0,0,0
C03132,33.0,20.0,mensal,boleto,fibra,nao,123.03,2.0,0,1
C03133,43.0,11.0,mensal,debito_automatico,sem_internet,sim,56.34,1.0,0,0
C03134,34.0,22.0,bianual,debito_automatico,dsl,nao,89.52,1.0,2,0
C03135,35.0,44.0,mensal,debito_automatico,fibra,sim,150.83,2.0,1,1
C03136,27.0,21.0,anual,debito_automatico,dsl,nao,90.47,1.0,0,0
C03137,58.0,28.0,mensal,debito_automatico,fibra,sim,138.32,1.0,1,0
C03138,56.0,2.0,mensal,cartao,fibra,nao,112.65,2.0,1,1
C03139,49.0,44.0,anual,cartao,fibra,nao,133.28,1.0,1,0
C03140,68.0,2.0,anual,cartao,dsl,nao,108.92,2.0,2,0
C03141,40.0,10.0,bianual,debito_automatico,fibra,nao,110.12,4.0,0,1
C03142,81.0,5.0,mensal,cartao,dsl,nao,65.01,1.0,1,0
C03143,39.0,1.0,mensal,boleto,fibra,nao,135.34,4.0,1,1
C03144,45.0,20.0,mensal,pix,dsl,sim,96.1,1.0,0,0
C03145,37.0,30.0,mensal,boleto,dsl,sim,97.18,3.0,2,1
C03146,47.0,60.0,mensal,boleto,fibra,sim,158.99,1.0,1,1
C03147,53.0,23.0,bianual,pix,fibra,sim,186.29,2.0,0,0
C03148,41.0,7.0,anual,debito_automatico,dsl,nao,67.27,0.0,1,1
C03149,65.0,11.0,mensal,pix,fibra,sim,149.45,2.0,1,1
C03150,,1.0,mensal,cartao,fibra,nao,121.67,2.0,0,1
C03151,46.0,12.0,mensal,debito_automatico,dsl,sim,107.91,0.0,0,0
C03152,30.0,17.0,mensal,pix,dsl,sim,88.5,0.0,0,0
C03153,47.0,29.0,anual,cartao,dsl,nao,92.03,,1,0
C03154,40.0,36.0,bianual,boleto,fibra,nao,122.79,4.0,1,0
C03155,34.0,28.0,mensal,boleto,fibra,nao,125.5,3.0,1,0
C03156,32.0,6.0,mensal,pix,dsl,nao,77.87,0.0,1,1
C03157,77.0,4.0,mensal,cartao,dsl,nao,102.7,0.0,0,0
C03158,39.0,34.0,mensal,cartao,fibra,sim,147.43,0.0,0,0
C03159,23.0,1.0,bianual,cartao,fibra,nao,103.84,3.0,0,0
C03160,33.0,72.0,anual,pix,fibra,sim,179.96,2.0,0,0
C03161,41.0,7.0,bianual,cartao,fibra,nao,87.02,3.0,2,0
C03162,49.0,49.0,bianual,cartao,sem_internet,sim,77.69,1.0,1,0
C03163,49.0,9.0,mensal,pix,fibra,nao,118.87,1.0,1,1
C03164,51.0,30.0,anual,boleto,dsl,sim,113.28,1.0,1,0
C03165,34.0,4.0,anual,debito_automatico,fibra,nao,96.73,1.0,1,0
C03166,46.0,18.0,mensal,boleto,fibra,sim,137.22,2.0,0,0
C03167,31.0,1.0,mensal,cartao,dsl,nao,94.37,1.0,0,0
C03168,34.0,24.0,anual,boleto,dsl,nao,100.78,1.0,1,0
C03169,30.0,4.0,bianual,cartao,fibra,sim,148.74,2.0,1,1
C03170,27.0,5.0,mensal,boleto,fibra,nao,106.04,1.0,2,1
C03171,56.0,11.0,bianual,pix,fibra,sim,128.23,4.0,1,0
C03172,51.0,14.0,bianual,cartao,fibra,nao,134.11,5.0,0,0
C03173,55.0,29.0,bianual,cartao,dsl,sim,129.99,1.0,1,0
C03174,43.0,26.0,mensal,debito_automatico,fibra,nao,77.84,6.0,1,1
C03175,52.0,20.0,mensal,pix,fibra,sim,118.64,0.0,0,0
C03176,19.0,39.0,anual,cartao,dsl,nao,82.05,2.0,1,0
C03177,53.0,25.0,mensal,boleto,sem_internet,nao,48.99,,0,0
C03178,44.0,27.0,mensal,boleto,fibra,sim,147.84,2.0,1,0
C03179,50.0,5.0,anual,pix,dsl,sim,114.51,1.0,0,1
C03180,47.0,42.0,mensal,pix,fibra,sim,151.29,2.0,1,0
C03181,29.0,38.0,mensal,cartao,fibra,sim,155.4,4.0,0,1
C03182,23.0,21.0,bianual,boleto,fibra,nao,106.49,4.0,3,0
C03183,33.0,36.0,mensal,cartao,dsl,sim,114.82,2.0,0,0
C03184,49.0,17.0,bianual,debito_automatico,fibra,nao,109.88,0.0,0,0
C03185,51.0,63.0,mensal,cartao,sem_internet,nao,33.63,3.0,0,0
C03186,24.0,19.0,mensal,boleto,fibra,sim,127.0,0.0,2,1
C03187,29.0,16.0,mensal,cartao,dsl,nao,77.37,1.0,1,0
C03188,33.0,26.0,mensal,debito_automatico,fibra,nao,132.04,2.0,0,0
C03189,37.0,72.0,mensal,pix,fibra,nao,115.12,1.0,0,0
C03190,24.0,10.0,bianual,boleto,dsl,sim,109.7,0.0,1,0
C03191,24.0,24.0,bianual,pix,fibra,nao,138.84,5.0,0,0
C03192,31.0,10.0,mensal,cartao,dsl,nao,95.37,0.0,1,1
C03193,43.0,16.0,mensal,debito_automatico,dsl,nao,106.02,0.0,0,0
C03194,27.0,7.0,anual,pix,dsl,nao,113.86,0.0,1,0
C03195,40.0,27.0,mensal,debito_automatico,dsl,nao,80.89,,0,0
C03196,56.0,18.0,mensal,boleto,fibra,nao,102.64,1.0,0,1
C03197,25.0,36.0,mensal,cartao,dsl,sim,107.18,2.0,1,1
C03198,39.0,45.0,mensal,pix,dsl,nao,88.6,1.0,2,0
C03199,55.0,50.0,mensal,debito_automatico,dsl,sim,136.6,1.0,1,0
C03200,37.0,11.0,mensal,cartao,dsl,nao,64.27,2.0,0,1
C03201,35.0,26.0,anual,debito_automatico,dsl,sim,118.83,0.0,1,0
C03202,57.0,53.0,mensal,cartao,dsl,nao,68.11,2.0,1,0
C03203,38.0,7.0,mensal,boleto,fibra,nao,117.8,2.0,0,1
C03204,56.0,20.0,mensal,pix,fibra,nao,117.58,3.0,0,0
C03205,48.0,7.0,mensal,cartao,fibra,sim,160.72,3.0,0,1
C03206,38.0,72.0,bianual,cartao,fibra,nao,150.48,3.0,1,0
C03207,48.0,53.0,anual,cartao,dsl,sim,122.13,0.0,1,0
C03208,,30.0,bianual,pix,fibra,sim,148.55,1.0,1,0
C03209,55.0,29.0,mensal,boleto,fibra,nao,111.08,4.0,2,0
C03210,35.0,8.0,mensal,boleto,sem_internet,nao,42.14,2.0,1,1
C03211,43.0,58.0,mensal,cartao,sem_internet,nao,31.92,0.0,0,0
C03212,41.0,13.0,mensal,boleto,dsl,nao,82.09,3.0,0,0
C03213,51.0,9.0,anual,boleto,fibra,nao,83.83,4.0,0,0
C03214,29.0,47.0,mensal,boleto,fibra,sim,151.83,0.0,1,0
C03215,55.0,12.0,mensal,boleto,fibra,sim,153.02,0.0,3,1
C03216,48.0,9.0,mensal,debito_automatico,fibra,nao,102.59,1.0,0,1
C03217,25.0,38.0,mensal,boleto,fibra,nao,114.27,1.0,2,1
C03218,58.0,4.0,mensal,cartao,dsl,nao,96.8,2.0,0,1
C03219,71.0,30.0,anual,debito_automatico,fibra,sim,172.88,1.0,1,0
C03220,55.0,20.0,bianual,boleto,fibra,sim,147.0,3.0,0,1
C03221,61.0,35.0,mensal,boleto,dsl,sim,122.85,0.0,0,1
C03222,43.0,27.0,mensal,pix,fibra,nao,97.52,1.0,0,0
C03223,20.0,72.0,mensal,debito_automatico,fibra,sim,150.56,1.0,0,0
C03224,18.0,22.0,mensal,debito_automatico,fibra,nao,123.46,3.0,0,1
C03225,45.0,12.0,anual,cartao,fibra,nao,142.9,1.0,2,0
C03226,34.0,18.0,mensal,pix,dsl,sim,132.89,3.0,0,1
C03227,30.0,27.0,bianual,boleto,fibra,sim,158.13,3.0,3,0
C03228,41.0,70.0,bianual,boleto,fibra,nao,106.33,1.0,0,0
C03229,50.0,32.0,mensal,pix,dsl,sim,135.38,1.0,0,0
C03230,23.0,7.0,bianual,boleto,dsl,nao,74.9,0.0,1,0
C03231,36.0,43.0,anual,debito_automatico,fibra,nao,126.73,2.0,1,0
C03232,62.0,7.0,bianual,boleto,dsl,sim,113.16,3.0,0,1
C03233,28.0,5.0,mensal,cartao,fibra,sim,184.88,4.0,2,1
C03234,53.0,4.0,bianual,debito_automatico,fibra,nao,110.85,2.0,0,0
C03235,36.0,17.0,mensal,cartao,dsl,nao,93.74,1.0,0,1
C03236,49.0,18.0,mensal,debito_automatico,fibra,nao,118.7,1.0,0,0
C03237,56.0,9.0,bianual,boleto,fibra,sim,163.54,4.0,1,1
C03238,52.0,3.0,mensal,cartao,sem_internet,nao,69.3,0.0,0,0
C03239,54.0,5.0,mensal,debito_automatico,fibra,nao,89.93,2.0,0,1
C03240,27.0,32.0,mensal,boleto,fibra,sim,154.02,,3,1
C03241,56.0,13.0,mensal,debito_automatico,fibra,nao,106.59,4.0,1,0
C03242,31.0,6.0,mensal,cartao,sem_internet,nao,51.69,0.0,0,0
C03243,,20.0,mensal,cartao,fibra,sim,165.37,1.0,0,0
C03244,45.0,24.0,mensal,cartao,sem_internet,sim,72.94,0.0,0,0
C03245,48.0,26.0,bianual,pix,fibra,sim,147.17,2.0,0,0
C03246,46.0,19.0,mensal,cartao,dsl,nao,83.06,0.0,1,0
C03247,31.0,17.0,bianual,boleto,fibra,sim,135.9,2.0,1,1
C03248,24.0,50.0,anual,pix,fibra,sim,160.0,4.0,0,0
C03249,53.0,5.0,anual,boleto,fibra,sim,142.73,6.0,1,1
C03250,44.0,14.0,anual,pix,fibra,nao,131.0,1.0,1,0
C03251,57.0,13.0,bianual,boleto,fibra,nao,100.23,1.0,2,0
C03252,41.0,21.0,mensal,cartao,fibra,sim,146.49,,2,0
C03253,24.0,37.0,anual,cartao,dsl,nao,68.73,1.0,1,0
C03254,55.0,1.0,bianual,boleto,dsl,nao,75.53,1.0,1,1
C03255,37.0,21.0,anual,debito_automatico,fibra,nao,140.65,2.0,2,0
C03256,46.0,72.0,mensal,cartao,dsl,nao,92.69,0.0,0,0
C03257,34.0,28.0,anual,cartao,dsl,nao,72.8,2.0,0,0
C03258,63.0,4.0,anual,pix,sem_internet,nao,37.79,0.0,1,0
C03259,31.0,13.0,mensal,debito_automatico,fibra,nao,133.28,3.0,0,1
C03260,38.0,29.0,anual,cartao,fibra,nao,102.54,1.0,1,0
C03261,43.0,9.0,bianual,cartao,sem_internet,nao,45.34,1.0,0,0
C03262,,23.0,mensal,boleto,sem_internet,nao,35.91,2.0,2,0
C03263,46.0,22.0,mensal,pix,sem_internet,nao,42.42,0.0,0,0
C03264,63.0,17.0,mensal,debito_automatico,dsl,nao,92.14,3.0,0,0
C03265,36.0,3.0,anual,debito_automatico,dsl,nao,69.96,0.0,1,0
C03266,47.0,8.0,mensal,cartao,sem_internet,nao,59.61,1.0,0,0
C03267,18.0,72.0,anual,cartao,fibra,nao,152.99,0.0,1,0
C03268,41.0,12.0,mensal,boleto,fibra,sim,164.06,3.0,0,1
C03269,38.0,13.0,bianual,boleto,sem_internet,nao,43.74,1.0,1,0
C03270,31.0,13.0,anual,cartao,dsl,sim,132.36,2.0,2,1
C03271,56.0,37.0,bianual,boleto,fibra,sim,138.37,2.0,0,0
C03272,38.0,14.0,mensal,boleto,fibra,sim,177.82,4.0,0,0
C03273,40.0,17.0,mensal,cartao,sem_internet,sim,68.7,0.0,0,0
C03274,37.0,21.0,anual,cartao,fibra,nao,152.52,0.0,1,0
C03275,18.0,40.0,mensal,cartao,dsl,sim,104.24,2.0,0,1
C03276,27.0,17.0,mensal,pix,fibra,sim,164.93,2.0,0,0
C03277,54.0,19.0,mensal,debito_automatico,fibra,sim,131.61,0.0,0,0
C03278,18.0,10.0,mensal,boleto,dsl,sim,111.8,4.0,3,1
C03279,32.0,24.0,anual,pix,sem_internet,nao,28.8,1.0,0,0
C03280,37.0,30.0,mensal,cartao,dsl,nao,58.38,2.0,1,0
C03281,65.0,32.0,mensal,cartao,fibra,sim,173.08,3.0,0,0
C03282,52.0,72.0,mensal,pix,fibra,nao,101.59,1.0,2,0
C03283,35.0,7.0,mensal,boleto,fibra,nao,108.97,0.0,4,0
C03284,59.0,18.0,mensal,debito_automatico,sem_internet,nao,32.23,1.0,0,0
C03285,32.0,14.0,bianual,cartao,fibra,sim,172.09,2.0,0,0
C03286,,64.0,bianual,boleto,sem_internet,nao,60.26,0.0,3,0
C03287,24.0,33.0,bianual,cartao,sem_internet,sim,99.05,1.0,1,0
C03288,56.0,2.0,mensal,cartao,fibra,sim,143.2,5.0,1,1
C03289,37.0,9.0,mensal,boleto,fibra,nao,140.24,1.0,1,1
C03290,29.0,12.0,mensal,cartao,sem_internet,nao,33.08,3.0,1,0
C03291,39.0,3.0,anual,cartao,fibra,sim,143.68,1.0,0,0
C03292,46.0,19.0,anual,cartao,sem_internet,sim,69.52,0.0,1,0
C03293,36.0,10.0,anual,boleto,fibra,nao,110.07,2.0,1,0
C03294,49.0,72.0,mensal,cartao,fibra,sim,153.64,1.0,1,1
C03295,34.0,23.0,anual,cartao,fibra,sim,142.42,4.0,0,0
C03296,50.0,12.0,bianual,cartao,fibra,sim,158.47,1.0,0,0
C03297,48.0,6.0,mensal,debito_automatico,dsl,sim,75.86,0.0,0,0
C03298,41.0,17.0,bianual,pix,dsl,nao,83.42,1.0,0,0
C03299,36.0,60.0,anual,boleto,fibra,sim,138.65,,0,0
C03300,44.0,14.0,mensal,cartao,dsl,nao,69.96,1.0,0,1
C03301,49.0,17.0,bianual,pix,fibra,sim,145.32,2.0,0,0
C03302,69.0,45.0,bianual,debito_automatico,sem_internet,nao,59.15,1.0,0,0
C03303,54.0,23.0,anual,pix,sem_internet,nao,52.57,2.0,0,1
C03304,55.0,36.0,mensal,debito_automatico,dsl,sim,112.52,1.0,0,0
C03305,82.0,25.0,mensal,debito_automatico,sem_internet,sim,69.27,2.0,1,0
C03306,49.0,24.0,anual,boleto,fibra,nao,131.74,3.0,0,0
C03307,48.0,2.0,mensal,cartao,fibra,nao,146.92,2.0,0,1
C03308,51.0,5.0,mensal,debito_automatico,fibra,sim,154.58,6.0,0,0
C03309,29.0,21.0,mensal,cartao,dsl,sim,91.03,1.0,0,1
C03310,36.0,6.0,mensal,pix,fibra,nao,109.46,2.0,0,0
C03311,35.0,17.0,anual,pix,sem_internet,sim,88.39,0.0,2,0
C03312,50.0,4.0,mensal,boleto,fibra,sim,148.36,1.0,2,1
C03313,40.0,45.0,mensal,cartao,fibra,sim,142.12,1.0,2,1
C03314,44.0,7.0,mensal,pix,dsl,nao,66.47,1.0,1,1
C03315,56.0,6.0,mensal,pix,dsl,sim,116.38,1.0,1,0
C03316,53.0,3.0,mensal,pix,fibra,sim,131.99,2.0,1,1
C03317,40.0,32.0,mensal,debito_automatico,dsl,sim,114.48,1.0,1,1
C03318,33.0,17.0,mensal,pix,dsl,nao,81.33,1.0,0,0
C03319,57.0,44.0,mensal,cartao,fibra,nao,113.26,3.0,0,0
C03320,52.0,10.0,anual,boleto,dsl,nao,64.36,0.0,1,0
C03321,21.0,5.0,mensal,boleto,fibra,nao,135.28,2.0,0,1
C03322,38.0,16.0,anual,cartao,dsl,nao,60.01,0.0,2,0
C03323,,51.0,mensal,pix,fibra,nao,122.59,1.0,1,0
C03324,52.0,2.0,anual,cartao,dsl,nao,90.92,1.0,1,0
C03325,54.0,22.0,anual,debito_automatico,fibra,nao,122.39,0.0,0,0
C03326,46.0,25.0,mensal,cartao,fibra,sim,173.47,0.0,2,0
C03327,,58.0,anual,debito_automatico,dsl,nao,62.97,0.0,0,0
C03328,43.0,7.0,anual,boleto,fibra,sim,143.14,0.0,1,0
C03329,33.0,2.0,mensal,cartao,dsl,sim,108.08,0.0,0,0
C03330,39.0,11.0,anual,boleto,dsl,sim,164.36,0.0,0,0
C03331,42.0,35.0,anual,cartao,fibra,nao,127.62,2.0,0,0
C03332,42.0,18.0,mensal,cartao,fibra,nao,130.43,2.0,2,1
C03333,18.0,27.0,bianual,debito_automatico,dsl,nao,89.8,1.0,1,0
C03334,37.0,5.0,mensal,cartao,fibra,nao,121.18,1.0,0,0
C03335,43.0,13.0,anual,pix,fibra,sim,170.74,1.0,0,0
C03336,38.0,18.0,bianual,pix,fibra,nao,91.95,5.0,0,0
C03337,39.0,2.0,bianual,cartao,fibra,sim,159.15,1.0,1,0
C03338,48.0,18.0,anual,boleto,dsl,nao,86.42,2.0,0,1
C03339,28.0,12.0,anual,boleto,sem_internet,sim,95.28,0.0,2,0
C03340,21.0,72.0,mensal,boleto,dsl,sim,97.66,1.0,1,0
C03341,37.0,17.0,mensal,boleto,dsl,nao,63.77,0.0,3,1
C03342,52.0,60.0,bianual,pix,fibra,sim,139.72,3.0,1,0
C03343,64.0,27.0,mensal,pix,dsl,sim,122.83,0.0,1,1
C03344,52.0,15.0,bianual,boleto,dsl,nao,88.05,0.0,2,1
C03345,23.0,53.0,mensal,pix,fibra,nao,105.75,0.0,0,0
C03346,39.0,4.0,mensal,pix,dsl,sim,143.71,1.0,0,0
C03347,45.0,11.0,mensal,cartao,fibra,nao,124.3,2.0,0,0
C03348,44.0,37.0,mensal,pix,fibra,nao,121.86,2.0,1,1
C03349,49.0,0.0,mensal,pix,fibra,sim,151.89,3.0,0,1
C03350,30.0,16.0,mensal,pix,fibra,nao,133.96,3.0,1,1
C03351,43.0,16.0,bianual,debito_automatico,fibra,nao,125.84,0.0,2,0
C03352,47.0,22.0,anual,cartao,fibra,nao,148.35,1.0,0,1
C03353,53.0,14.0,anual,boleto,fibra,nao,101.79,3.0,3,0
C03354,32.0,36.0,mensal,pix,fibra,nao,96.82,1.0,1,0
C03355,38.0,7.0,mensal,cartao,fibra,nao,108.9,2.0,1,1
C03356,18.0,40.0,anual,cartao,fibra,nao,128.3,0.0,0,0
C03357,,5.0,mensal,cartao,dsl,nao,73.58,1.0,0,0
C03358,35.0,23.0,mensal,cartao,dsl,nao,99.07,1.0,1,1
C03359,29.0,48.0,bianual,boleto,fibra,sim,149.1,3.0,3,0
C03360,44.0,6.0,mensal,pix,fibra,nao,136.23,2.0,0,1
C03361,41.0,9.0,bianual,cartao,fibra,nao,107.54,1.0,1,0
C03362,18.0,42.0,mensal,cartao,fibra,nao,137.75,1.0,1,0
C03363,45.0,20.0,mensal,cartao,fibra,nao,140.54,4.0,0,0
C03364,30.0,2.0,mensal,debito_automatico,fibra,sim,146.53,4.0,1,1
C03365,48.0,21.0,bianual,pix,fibra,nao,127.34,0.0,0,0
C03366,25.0,31.0,anual,pix,dsl,nao,84.02,2.0,0,0
C03367,42.0,43.0,anual,pix,fibra,sim,162.75,4.0,1,1
C03368,38.0,23.0,mensal,cartao,fibra,sim,174.27,1.0,0,0
C03369,46.0,28.0,bianual,pix,fibra,nao,134.6,0.0,0,0
C03370,44.0,65.0,anual,cartao,sem_internet,nao,52.71,2.0,1,0
C03371,39.0,38.0,anual,debito_automatico,dsl,nao,89.95,2.0,2,0
C03372,22.0,13.0,anual,debito_automatico,dsl,sim,95.96,1.0,1,0
C03373,23.0,15.0,anual,cartao,sem_internet,nao,44.39,3.0,0,0
C03374,34.0,47.0,anual,cartao,dsl,sim,98.48,1.0,1,0
C03375,42.0,22.0,mensal,debito_automatico,fibra,nao,119.73,0.0,0,0
C03376,34.0,19.0,bianual,cartao,dsl,nao,96.75,2.0,0,0
C03377,50.0,13.0,mensal,debito_automatico,fibra,nao,119.89,3.0,1,0
C03378,38.0,45.0,bianual,cartao,dsl,nao,42.42,1.0,0,0
C03379,29.0,7.0,mensal,debito_automatico,fibra,sim,139.3,1.0,1,1
C03380,38.0,11.0,mensal,pix,fibra,nao,128.72,2.0,2,1
C03381,45.0,45.0,mensal,boleto,fibra,nao,111.91,3.0,0,1
C03382,46.0,45.0,anual,boleto,fibra,nao,131.76,0.0,5,0
C03383,66.0,72.0,mensal,debito_automatico,dsl,nao,61.89,1.0,0,0
C03384,33.0,16.0,bianual,boleto,fibra,nao,125.73,,1,0
C03385,41.0,13.0,anual,boleto,fibra,nao,126.48,3.0,0,0
C03386,48.0,14.0,mensal,debito_automatico,fibra,sim,166.85,2.0,0,1
C03387,42.0,2.0,mensal,boleto,dsl,sim,105.17,1.0,4,0
C03388,35.0,1.0,anual,debito_automatico,dsl,nao,91.7,4.0,2,0
C03389,22.0,23.0,bianual,boleto,dsl,sim,137.6,1.0,0,0
C03390,35.0,12.0,mensal,boleto,fibra,nao,85.91,1.0,2,1
C03391,28.0,8.0,bianual,cartao,fibra,nao,120.78,0.0,0,0
C03392,20.0,19.0,mensal,pix,fibra,nao,92.9,1.0,2,1
C03393,32.0,23.0,anual,cartao,fibra,sim,142.1,2.0,0,0
C03394,28.0,15.0,anual,cartao,fibra,nao,108.32,2.0,0,0
C03395,50.0,16.0,mensal,cartao,sem_internet,sim,79.0,1.0,3,1
C03396,50.0,12.0,mensal,debito_automatico,fibra,nao,125.66,3.0,0,0
C03397,30.0,33.0,anual,debito_automatico,fibra,nao,133.57,1.0,0,0
C03398,39.0,10.0,mensal,cartao,dsl,nao,83.96,1.0,0,1
C03399,18.0,6.0,mensal,boleto,fibra,sim,165.1,2.0,1,1
C03400,36.0,11.0,mensal,cartao,fibra,sim,138.82,2.0,0,0
C03401,47.0,22.0,anual,debito_automatico,dsl,nao,95.85,0.0,1,0
C03402,53.0,35.0,mensal,pix,dsl,nao,30.56,0.0,0,0
C03403,33.0,72.0,mensal,debito_automatico,dsl,nao,102.9,0.0,1,0
C03404,56.0,19.0,bianual,debito_automatico,sem_internet,nao,65.21,3.0,1,0
C03405,22.0,61.0,anual,cartao,fibra,sim,166.25,,0,0
C03406,26.0,9.0,mensal,debito_automatico,dsl,sim,148.43,0.0,1,1
C03407,51.0,7.0,mensal,debito_automatico,sem_internet,nao,20.0,0.0,1,0
C03408,64.0,26.0,mensal,boleto,fibra,nao,131.69,2.0,1,0
C03409,48.0,30.0,mensal,pix,dsl,nao,82.03,0.0,0,0
C03410,41.0,21.0,mensal,cartao,sem_internet,sim,83.66,1.0,0,0
C03411,18.0,72.0,mensal,debito_automatico,dsl,sim,97.55,0.0,2,0
C03412,18.0,10.0,mensal,debito_automatico,fibra,nao,125.92,2.0,0,1
C03413,44.0,52.0,anual,pix,fibra,nao,125.22,3.0,0,0
C03414,37.0,7.0,mensal,boleto,dsl,nao,69.66,3.0,4,1
C03415,28.0,32.0,mensal,pix,sem_internet,nao,43.97,0.0,1,0
C03416,43.0,18.0,bianual,boleto,fibra,nao,100.28,3.0,0,1
C03417,43.0,23.0,mensal,boleto,fibra,nao,114.07,3.0,1,0
C03418,54.0,27.0,anual,pix,fibra,nao,134.41,2.0,2,1
C03419,44.0,19.0,mensal,cartao,fibra,sim,169.71,0.0,0,0
C03420,58.0,16.0,anual,debito_automatico,dsl,sim,126.53,1.0,1,0
C03421,42.0,1.0,mensal,cartao,dsl,nao,94.41,,0,0
C03422,41.0,40.0,mensal,pix,dsl,nao,94.6,1.0,3,0
C03423,56.0,4.0,bianual,pix,dsl,nao,70.35,0.0,1,0
C03424,29.0,12.0,mensal,cartao,dsl,sim,120.09,1.0,0,0
C03425,79.0,24.0,mensal,pix,dsl,nao,96.3,0.0,0,0
C03426,47.0,5.0,mensal,boleto,fibra,sim,134.31,3.0,1,1
C03427,47.0,16.0,mensal,debito_automatico,fibra,sim,134.22,1.0,0,1
C03428,49.0,36.0,mensal,pix,dsl,nao,58.39,0.0,0,0
C03429,66.0,12.0,mensal,debito_automatico,fibra,nao,93.22,1.0,0,0
C03430,52.0,16.0,mensal,debito_automatico,fibra,sim,139.24,0.0,1,1
C03431,21.0,6.0,anual,pix,fibra,nao,112.12,2.0,0,0
C03432,,13.0,bianual,debito_automatico,dsl,nao,102.68,0.0,1,0
C03433,38.0,4.0,mensal,pix,fibra,sim,148.44,3.0,0,0
C03434,43.0,22.0,bianual,boleto,dsl,sim,92.25,2.0,0,0
C03435,25.0,3.0,mensal,cartao,fibra,nao,122.49,3.0,1,0
C03436,49.0,9.0,mensal,pix,sem_internet,nao,42.17,0.0,0,0
C03437,34.0,19.0,anual,cartao,dsl,nao,68.27,1.0,0,0
C03438,43.0,15.0,anual,cartao,dsl,sim,106.17,1.0,1,0
C03439,38.0,25.0,mensal,pix,dsl,nao,96.01,0.0,0,0
C03440,67.0,16.0,bianual,cartao,dsl,nao,58.85,1.0,0,0
C03441,68.0,5.0,bianual,boleto,fibra,sim,130.01,1.0,1,1
C03442,43.0,18.0,mensal,boleto,fibra,nao,127.0,6.0,1,1
C03443,43.0,44.0,anual,cartao,sem_internet,nao,35.79,0.0,1,0
C03444,37.0,38.0,anual,cartao,sem_internet,nao,68.28,1.0,0,0
C03445,56.0,72.0,bianual,boleto,sem_internet,sim,77.69,0.0,4,0
C03446,38.0,10.0,anual,pix,sem_internet,sim,78.49,0.0,0,0
C03447,37.0,35.0,mensal,cartao,dsl,sim,126.8,1.0,1,0
C03448,55.0,33.0,anual,pix,dsl,nao,54.92,1.0,0,0
C03449,35.0,63.0,mensal,pix,dsl,sim,120.06,0.0,0,0
C03450,42.0,50.0,anual,cartao,fibra,nao,114.52,1.0,2,1
C03451,21.0,23.0,anual,pix,dsl,nao,95.4,0.0,1,0
C03452,51.0,30.0,anual,boleto,dsl,sim,105.3,0.0,1,0
C03453,67.0,25.0,mensal,debito_automatico,dsl,sim,117.65,2.0,1,0
C03454,51.0,17.0,mensal,pix,fibra,sim,149.62,5.0,0,1
C03455,61.0,28.0,anual,pix,dsl,nao,86.19,0.0,0,0
C03456,31.0,21.0,mensal,boleto,sem_internet,sim,76.23,0.0,0,1
C03457,45.0,20.0,mensal,cartao,fibra,nao,123.93,3.0,1,1
C03458,30.0,65.0,mensal,cartao,fibra,nao,146.3,3.0,1,0
C03459,39.0,23.0,bianual,pix,dsl,sim,110.71,2.0,0,1
C03460,52.0,19.0,mensal,boleto,dsl,nao,86.04,,0,0
C03461,43.0,15.0,anual,cartao,dsl,nao,114.3,1.0,0,0
C03462,24.0,14.0,mensal,cartao,dsl,nao,85.85,1.0,0,0
C03463,25.0,5.0,bianual,cartao,fibra,sim,118.49,0.0,0,0
C03464,,17.0,mensal,cartao,fibra,sim,145.01,2.0,0,1
C03465,48.0,46.0,mensal,cartao,sem_internet,sim,61.94,0.0,0,0
C03466,69.0,10.0,mensal,debito_automatico,fibra,nao,133.83,3.0,0,0
C03467,60.0,1.0,mensal,cartao,fibra,nao,118.59,1.0,1,1
C03468,18.0,27.0,bianual,cartao,fibra,nao,135.95,0.0,0,0
C03469,60.0,22.0,anual,cartao,fibra,sim,164.17,1.0,1,0
C03470,54.0,64.0,anual,cartao,fibra,sim,164.11,1.0,0,0
C03471,22.0,9.0,anual,pix,dsl,sim,96.65,3.0,0,0
C03472,38.0,4.0,bianual,cartao,fibra,sim,162.57,0.0,0,0
C03473,56.0,14.0,bianual,cartao,dsl,sim,135.5,1.0,1,0
C03474,49.0,12.0,anual,boleto,fibra,nao,98.29,1.0,1,0
C03475,25.0,2.0,mensal,boleto,sem_internet,nao,40.24,1.0,1,0
C03476,50.0,19.0,mensal,pix,fibra,sim,160.32,2.0,0,1
C03477,18.0,11.0,anual,pix,fibra,sim,156.47,0.0,0,0
C03478,39.0,55.0,anual,boleto,fibra,nao,141.55,3.0,3,1
C03479,57.0,20.0,anual,cartao,sem_internet,sim,90.93,2.0,1,0
C03480,42.0,8.0,mensal,cartao,dsl,nao,86.09,0.0,0,0
C03481,36.0,17.0,anual,debito_automatico,dsl,nao,92.26,1.0,1,0
C03482,54.0,21.0,mensal,boleto,fibra,nao,131.46,0.0,1,0
C03483,55.0,30.0,mensal,pix,fibra,nao,120.62,0.0,0,0
C03484,59.0,18.0,bianual,boleto,sem_internet,sim,74.68,0.0,1,0
C03485,53.0,72.0,anual,pix,fibra,sim,169.85,1.0,0,0
C03486,56.0,4.0,mensal,boleto,dsl,nao,68.85,1.0,1,1
C03487,52.0,11.0,mensal,cartao,dsl,sim,113.92,0.0,0,0
C03488,45.0,8.0,anual,cartao,dsl,sim,97.65,0.0,0,0
C03489,43.0,13.0,mensal,cartao,fibra,nao,130.98,2.0,0,1
C03490,39.0,24.0,mensal,pix,fibra,nao,138.49,0.0,2,0
C03491,26.0,22.0,anual,cartao,fibra,sim,140.97,0.0,0,0
C03492,30.0,29.0,anual,boleto,sem_internet,nao,42.69,0.0,2,0
C03493,38.0,20.0,mensal,pix,dsl,sim,107.8,4.0,1,1
C03494,45.0,21.0,mensal,boleto,fibra,nao,136.13,3.0,2,1
C03495,61.0,20.0,anual,boleto,sem_internet,nao,66.25,2.0,0,0
C03496,41.0,12.0,mensal,boleto,fibra,nao,112.81,0.0,0,0
C03497,55.0,11.0,mensal,cartao,fibra,nao,73.63,1.0,0,0
C03498,56.0,7.0,mensal,pix,fibra,sim,172.29,1.0,1,1
C03499,39.0,30.0,mensal,boleto,sem_internet,nao,45.68,1.0,1,0
C03500,50.0,1.0,bianual,debito_automatico,fibra,sim,155.73,2.0,0,1
C03501,39.0,20.0,mensal,cartao,fibra,nao,134.46,2.0,0,0
C03502,59.0,35.0,bianual,boleto,fibra,sim,149.54,1.0,2,0
C03503,50.0,43.0,mensal,debito_automatico,fibra,sim,145.55,4.0,0,0
C03504,27.0,0.0,anual,debito_automatico,fibra,sim,149.66,0.0,0,0
C03505,44.0,12.0,mensal,debito_automatico,fibra,sim,162.34,4.0,1,0
C03506,63.0,8.0,anual,boleto,dsl,nao,93.18,1.0,2,0
C03507,40.0,11.0,bianual,boleto,sem_internet,nao,69.5,0.0,0,0
C03508,48.0,51.0,mensal,debito_automatico,fibra,nao,126.05,1.0,0,0
C03509,49.0,8.0,mensal,debito_automatico,sem_internet,nao,42.83,2.0,1,1
C03510,29.0,35.0,bianual,cartao,dsl,nao,93.29,2.0,1,0
C03511,49.0,21.0,bianual,boleto,sem_internet,sim,65.43,2.0,0,0
C03512,24.0,10.0,bianual,pix,fibra,nao,141.29,3.0,0,0
C03513,34.0,9.0,mensal,boleto,dsl,nao,83.17,3.0,1,0
C03514,56.0,23.0,mensal,debito_automatico,dsl,sim,111.57,0.0,1,0
C03515,47.0,17.0,mensal,debito_automatico,fibra,sim,140.48,4.0,0,1
C03516,38.0,2.0,anual,boleto,dsl,sim,124.4,1.0,2,0
C03517,48.0,6.0,mensal,cartao,fibra,sim,150.79,1.0,1,1
C03518,41.0,23.0,mensal,cartao,dsl,nao,78.59,3.0,0,1
C03519,42.0,4.0,anual,debito_automatico,dsl,sim,89.93,1.0,3,0
C03520,51.0,40.0,mensal,pix,fibra,nao,113.48,4.0,1,1
C03521,33.0,3.0,anual,cartao,fibra,sim,146.47,2.0,0,1
C03522,43.0,14.0,mensal,boleto,sem_internet,sim,86.28,0.0,1,0
C03523,38.0,31.0,bianual,cartao,fibra,sim,150.99,5.0,1,0
C03524,21.0,5.0,mensal,debito_automatico,dsl,sim,75.27,1.0,0,0
C03525,30.0,4.0,anual,cartao,dsl,nao,73.77,3.0,0,0
C03526,62.0,27.0,mensal,pix,fibra,nao,98.18,,1,1
C03527,47.0,36.0,mensal,boleto,dsl,nao,64.36,3.0,1,0
C03528,25.0,15.0,mensal,boleto,sem_internet,sim,95.06,0.0,1,0
C03529,22.0,12.0,bianual,boleto,sem_internet,nao,20.0,0.0,0,0
C03530,41.0,2.0,mensal,pix,fibra,nao,124.42,1.0,0,1
C03531,62.0,19.0,mensal,debito_automatico,fibra,nao,112.39,2.0,1,0
C03532,40.0,1.0,anual,cartao,fibra,nao,109.5,2.0,0,0
C03533,59.0,51.0,mensal,cartao,dsl,nao,65.31,0.0,0,0
C03534,47.0,15.0,mensal,pix,fibra,sim,159.79,1.0,1,1
C03535,48.0,6.0,mensal,pix,fibra,sim,161.48,5.0,0,1
C03536,25.0,9.0,mensal,cartao,fibra,nao,94.12,1.0,0,1
C03537,54.0,20.0,mensal,pix,sem_internet,sim,97.26,0.0,0,0
C03538,38.0,11.0,mensal,pix,fibra,sim,137.21,0.0,2,1
C03539,53.0,17.0,mensal,cartao,dsl,sim,120.83,0.0,0,0
C03540,31.0,5.0,mensal,cartao,fibra,sim,137.29,0.0,0,1
C03541,44.0,44.0,anual,cartao,dsl,nao,73.11,0.0,0,0
C03542,47.0,9.0,anual,cartao,dsl,sim,95.82,2.0,1,0
C03543,40.0,1.0,mensal,pix,sem_internet,nao,37.07,0.0,3,0
C03544,47.0,12.0,mensal,cartao,dsl,nao,76.99,2.0,1,1
C03545,39.0,8.0,anual,boleto,fibra,sim,137.76,4.0,0,0
C03546,34.0,42.0,mensal,cartao,fibra,sim,159.72,0.0,1,0
C03547,63.0,6.0,bianual,debito_automatico,fibra,sim,161.68,3.0,0,0
C03548,56.0,11.0,mensal,boleto,fibra,sim,195.59,0.0,2,0
C03549,32.0,21.0,mensal,cartao,sem_internet,sim,93.93,2.0,0,0
C03550,49.0,29.0,mensal,boleto,fibra,nao,137.65,2.0,0,1
C03551,32.0,54.0,anual,pix,sem_internet,sim,53.46,0.0,0,0
C03552,27.0,7.0,mensal,boleto,fibra,nao,90.62,0.0,0,0
C03553,55.0,50.0,mensal,boleto,sem_internet,nao,40.55,1.0,1,0
C03554,20.0,40.0,mensal,pix,sem_internet,sim,106.8,0.0,0,0
C03555,54.0,8.0,anual,boleto,dsl,sim,152.12,1.0,1,1
C03556,39.0,7.0,mensal,debito_automatico,fibra,sim,144.69,4.0,1,1
C03557,39.0,25.0,anual,cartao,sem_internet,sim,71.21,0.0,0,0
C03558,47.0,17.0,mensal,pix,sem_internet,sim,88.16,1.0,2,1
C03559,50.0,25.0,mensal,boleto,fibra,nao,117.04,1.0,1,0
C03560,31.0,12.0,mensal,boleto,sem_internet,sim,77.42,2.0,2,1
C03561,51.0,19.0,bianual,boleto,sem_internet,sim,89.52,0.0,1,0
C03562,43.0,15.0,mensal,pix,fibra,sim,195.73,1.0,0,1
C03563,26.0,25.0,mensal,pix,fibra,nao,139.57,1.0,1,0
C03564,40.0,6.0,bianual,cartao,fibra,sim,183.04,2.0,0,1
C03565,60.0,20.0,mensal,boleto,fibra,nao,92.34,2.0,0,1
C03566,64.0,53.0,mensal,boleto,sem_internet,nao,61.12,0.0,2,0
C03567,51.0,51.0,mensal,boleto,sem_internet,sim,65.75,0.0,2,0
C03568,27.0,22.0,anual,boleto,fibra,nao,145.15,1.0,2,0
C03569,48.0,6.0,mensal,pix,dsl,sim,135.36,0.0,0,0
C03570,53.0,72.0,bianual,boleto,dsl,nao,89.06,,1,0
C03571,51.0,25.0,anual,pix,fibra,sim,143.86,2.0,0,1
C03572,52.0,69.0,mensal,boleto,dsl,nao,72.74,0.0,2,0
C03573,47.0,26.0,mensal,pix,dsl,nao,73.96,1.0,1,0
C03574,41.0,0.0,anual,cartao,fibra,nao,131.44,1.0,0,0
C03575,34.0,72.0,bianual,boleto,fibra,nao,126.06,3.0,1,0
C03576,18.0,36.0,bianual,pix,sem_internet,sim,101.3,0.0,0,0
C03577,46.0,18.0,mensal,cartao,fibra,nao,144.16,0.0,2,0
C03578,44.0,2.0,anual,pix,fibra,sim,142.32,0.0,0,0
C03579,49.0,39.0,anual,pix,sem_internet,sim,87.13,2.0,0,0
C03580,25.0,25.0,bianual,pix,sem_internet,sim,86.95,1.0,1,0
C03581,50.0,72.0,mensal,pix,dsl,nao,78.57,1.0,0,0
C03582,69.0,63.0,anual,boleto,fibra,nao,134.13,1.0,0,0
C03583,43.0,22.0,anual,cartao,dsl,nao,87.36,0.0,0,0
C03584,41.0,21.0,bianual,debito_automatico,dsl,nao,71.38,3.0,1,0
C03585,46.0,26.0,anual,cartao,fibra,nao,117.87,1.0,2,0
C03586,68.0,9.0,bianual,cartao,fibra,nao,114.76,1.0,1,1
C03587,29.0,18.0,mensal,boleto,fibra,sim,144.09,3.0,2,1
C03588,45.0,15.0,mensal,debito_automatico,dsl,nao,78.72,1.0,0,0
C03589,32.0,48.0,mensal,cartao,sem_internet,sim,60.55,1.0,2,0
C03590,35.0,56.0,bianual,boleto,dsl,sim,122.11,1.0,1,0
C03591,41.0,32.0,mensal,pix,fibra,nao,141.06,4.0,0,0
C03592,60.0,7.0,anual,pix,fibra,sim,155.76,1.0,0,0
C03593,65.0,72.0,bianual,cartao,dsl,nao,94.2,1.0,2,0
C03594,48.0,39.0,bianual,boleto,fibra,nao,122.33,1.0,0,0
C03595,37.0,24.0,anual,debito_automatico,fibra,nao,104.67,2.0,0,0
C03596,74.0,30.0,anual,boleto,sem_internet,nao,75.11,0.0,0,0
C03597,36.0,3.0,mensal,debito_automatico,sem_internet,nao,20.0,2.0,0,1
C03598,35.0,15.0,mensal,pix,sem_internet,nao,45.15,,1,0
C03599,19.0,52.0,mensal,cartao,fibra,nao,108.47,2.0,1,1
C03600,60.0,3.0,anual,cartao,dsl,nao,103.73,2.0,0,1
C03601,55.0,39.0,mensal,boleto,dsl,sim,118.24,2.0,2,1
C03602,73.0,28.0,mensal,cartao,dsl,nao,118.33,1.0,0,1
C03603,24.0,3.0,anual,debito_automatico,fibra,nao,120.54,2.0,1,1
C03604,61.0,14.0,mensal,boleto,fibra,sim,143.59,0.0,1,0
C03605,43.0,24.0,bianual,pix,fibra,nao,94.35,1.0,1,1
C03606,,22.0,mensal,debito_automatico,sem_internet,sim,96.6,0.0,0,0
C03607,21.0,26.0,bianual,boleto,dsl,sim,102.48,0.0,0,0
C03608,61.0,13.0,mensal,cartao,sem_internet,nao,38.7,0.0,1,0
C03609,52.0,23.0,anual,cartao,dsl,nao,98.42,0.0,0,0
C03610,41.0,32.0,anual,cartao,fibra,nao,135.8,4.0,1,0
C03611,50.0,30.0,mensal,debito_automatico,fibra,sim,145.86,1.0,0,1
C03612,32.0,13.0,mensal,boleto,fibra,sim,148.19,2.0,0,0
C03613,34.0,35.0,bianual,boleto,sem_internet,nao,20.0,1.0,1,0
C03614,36.0,6.0,mensal,boleto,fibra,nao,89.17,5.0,3,1
C03615,18.0,9.0,anual,boleto,fibra,nao,131.46,2.0,5,1
C03616,53.0,39.0,mensal,debito_automatico,dsl,sim,128.11,2.0,0,0
C03617,57.0,34.0,anual,pix,dsl,nao,85.36,1.0,0,0
C03618,33.0,14.0,mensal,debito_automatico,dsl,nao,82.81,,0,0
C03619,47.0,9.0,anual,pix,fibra,nao,109.41,2.0,1,0
C03620,39.0,10.0,anual,debito_automatico,dsl,sim,137.02,1.0,0,0
C03621,46.0,31.0,mensal,cartao,fibra,nao,93.24,4.0,0,0
C03622,34.0,26.0,mensal,pix,dsl,nao,72.97,0.0,1,1
C03623,31.0,8.0,bianual,boleto,dsl,nao,82.41,6.0,3,0
C03624,56.0,34.0,anual,boleto,fibra,nao,119.99,2.0,0,1
C03625,41.0,14.0,bianual,pix,fibra,nao,119.97,1.0,0,0
C03626,68.0,6.0,anual,debito_automatico,fibra,sim,147.21,1.0,0,0
C03627,43.0,12.0,anual,pix,fibra,nao,128.11,2.0,0,0
C03628,30.0,20.0,anual,boleto,dsl,nao,61.77,1.0,1,0
C03629,58.0,33.0,bianual,pix,fibra,nao,117.84,1.0,1,0
C03630,50.0,31.0,mensal,boleto,fibra,nao,126.48,1.0,3,0
C03631,51.0,16.0,mensal,cartao,dsl,nao,75.01,1.0,0,0
C03632,57.0,22.0,bianual,pix,dsl,nao,80.07,0.0,0,0
C03633,34.0,15.0,bianual,cartao,sem_internet,sim,83.23,2.0,0,0
C03634,40.0,8.0,mensal,debito_automatico,sem_internet,nao,20.0,1.0,0,0
C03635,40.0,17.0,mensal,pix,fibra,sim,129.99,0.0,1,1
C03636,25.0,2.0,anual,pix,fibra,sim,157.01,0.0,2,0
C03637,39.0,57.0,anual,boleto,dsl,nao,70.87,0.0,1,0
C03638,59.0,21.0,mensal,boleto,dsl,sim,106.78,0.0,3,1
C03639,45.0,27.0,anual,pix,fibra,sim,163.54,2.0,1,0
C03640,25.0,9.0,mensal,debito_automatico,sem_internet,nao,30.17,1.0,0,0
C03641,22.0,21.0,mensal,cartao,dsl,sim,78.8,1.0,2,1
C03642,64.0,25.0,anual,boleto,fibra,nao,144.86,2.0,0,1
C03643,,14.0,mensal,boleto,dsl,sim,133.15,0.0,0,1
C03644,34.0,15.0,anual,pix,fibra,sim,172.96,1.0,0,1
C03645,,4.0,mensal,cartao,sem_internet,sim,63.19,0.0,0,0
C03646,23.0,72.0,bianual,pix,fibra,nao,118.84,4.0,1,0
C03647,61.0,9.0,mensal,boleto,dsl,nao,60.97,2.0,0,0
C03648,37.0,10.0,bianual,boleto,dsl,sim,114.1,0.0,0,0
C03649,60.0,60.0,anual,debito_automatico,fibra,sim,149.78,3.0,0,0
C03650,43.0,28.0,mensal,pix,dsl,sim,98.83,1.0,0,0
C03651,61.0,33.0,bianual,cartao,fibra,nao,127.55,2.0,0,0
C03652,45.0,4.0,mensal,cartao,fibra,nao,116.12,2.0,0,1
C03653,53.0,21.0,mensal,debito_automatico,fibra,sim,180.84,6.0,0,1
C03654,51.0,4.0,bianual,boleto,dsl,sim,116.29,1.0,0,0
C03655,50.0,7.0,bianual,cartao,sem_internet,nao,20.0,0.0,0,0
C03656,47.0,72.0,anual,debito_automatico,fibra,sim,127.82,0.0,0,0
C03657,39.0,6.0,bianual,boleto,dsl,nao,111.43,2.0,0,0
C03658,67.0,32.0,mensal,debito_automatico,sem_internet,sim,74.61,0.0,1,0
C03659,30.0,7.0,mensal,boleto,fibra,nao,123.6,3.0,5,1
C03660,42.0,7.0,mensal,debito_automatico,sem_internet,nao,45.15,0.0,0,0
C03661,42.0,72.0,mensal,pix,fibra,nao,141.24,1.0,0,0
C03662,47.0,17.0,anual,pix,dsl,sim,86.4,2.0,0,0
C03663,36.0,3.0,mensal,debito_automatico,dsl,nao,99.94,4.0,1,0
C03664,46.0,33.0,anual,debito_automatico,sem_internet,sim,98.91,1.0,0,0
C03665,40.0,49.0,mensal,cartao,fibra,nao,120.09,1.0,1,1
C03666,21.0,35.0,mensal,cartao,fibra,sim,161.2,1.0,0,0
C03667,42.0,15.0,anual,boleto,dsl,nao,74.44,2.0,0,0
C03668,28.0,16.0,mensal,debito_automatico,dsl,nao,54.72,0.0,2,0
C03669,19.0,11.0,anual,boleto,dsl,nao,88.7,1.0,1,0
C03670,44.0,5.0,anual,cartao,dsl,nao,83.7,0.0,0,0
C03671,48.0,24.0,anual,cartao,dsl,nao,84.01,1.0,0,0
C03672,49.0,14.0,bianual,debito_automatico,fibra,nao,127.23,2.0,0,0
C03673,49.0,4.0,bianual,cartao,fibra,sim,145.94,1.0,0,0
C03674,18.0,17.0,mensal,cartao,fibra,sim,177.4,1.0,0,1
C03675,24.0,9.0,anual,debito_automatico,fibra,nao,120.12,1.0,1,1
C03676,68.0,23.0,mensal,pix,dsl,sim,123.13,1.0,0,1
C03677,28.0,21.0,mensal,debito_automatico,fibra,nao,115.92,3.0,0,1
C03678,50.0,13.0,anual,cartao,fibra,sim,170.75,1.0,2,1
C03679,33.0,18.0,anual,pix,fibra,nao,121.56,1.0,0,1
C03680,43.0,19.0,bianual,boleto,sem_internet,nao,43.72,1.0,0,0
C03681,34.0,39.0,anual,cartao,fibra,nao,138.11,2.0,0,0
C03682,49.0,17.0,anual,boleto,fibra,nao,94.16,2.0,3,0
C03683,44.0,11.0,anual,cartao,dsl,nao,75.8,3.0,0,0
C03684,36.0,14.0,mensal,debito_automatico,fibra,sim,145.81,2.0,0,1
C03685,28.0,68.0,mensal,cartao,dsl,sim,120.61,1.0,0,0
C03686,45.0,7.0,mensal,pix,fibra,nao,124.74,2.0,0,1
C03687,26.0,15.0,anual,debito_automatico,dsl,sim,114.82,1.0,1,1
C03688,48.0,15.0,mensal,boleto,fibra,sim,144.29,1.0,1,1
C03689,76.0,15.0,mensal,cartao,fibra,sim,154.64,1.0,0,0
C03690,60.0,5.0,mensal,debito_automatico,fibra,sim,159.85,5.0,0,1
C03691,51.0,14.0,anual,cartao,dsl,sim,112.32,3.0,0,1
C03692,41.0,10.0,mensal,cartao,dsl,sim,131.61,1.0,0,1
C03693,18.0,23.0,mensal,cartao,fibra,sim,164.18,2.0,0,1
C03694,25.0,44.0,mensal,cartao,dsl,nao,80.29,2.0,1,0
C03695,59.0,25.0,mensal,cartao,fibra,sim,119.81,0.0,1,0
C03696,32.0,20.0,mensal,pix,dsl,sim,111.73,0.0,0,1
C03697,33.0,27.0,bianual,boleto,sem_internet,nao,54.45,4.0,3,0
C03698,40.0,22.0,mensal,boleto,fibra,nao,115.81,1.0,0,1
C03699,28.0,18.0,mensal,debito_automatico,fibra,nao,124.55,0.0,0,0
C03700,26.0,38.0,anual,pix,dsl,nao,76.63,2.0,0,0
C03701,41.0,13.0,anual,debito_automatico,sem_internet,nao,48.49,1.0,0,0
C03702,30.0,5.0,mensal,cartao,dsl,nao,101.02,2.0,0,1
C03703,32.0,10.0,mensal,pix,fibra,sim,166.8,2.0,1,1
C03704,32.0,9.0,bianual,cartao,dsl,nao,60.57,1.0,0,0
C03705,49.0,72.0,bianual,cartao,fibra,nao,95.13,5.0,0,0
C03706,39.0,46.0,mensal,debito_automatico,sem_internet,nao,51.64,1.0,0,1
C03707,40.0,20.0,anual,cartao,dsl,sim,132.52,0.0,1,0
C03708,50.0,9.0,mensal,debito_automatico,sem_internet,nao,20.09,1.0,0,0
C03709,40.0,38.0,mensal,pix,sem_internet,nao,41.85,3.0,0,0
C03710,38.0,19.0,mensal,boleto,sem_internet,nao,80.6,2.0,0,1
C03711,48.0,13.0,anual,boleto,fibra,nao,115.97,0.0,1,0
C03712,51.0,19.0,mensal,cartao,sem_internet,nao,82.89,2.0,0,1
C03713,40.0,14.0,mensal,cartao,fibra,sim,142.65,1.0,0,1
C03714,43.0,26.0,mensal,debito_automatico,fibra,nao,110.3,1.0,1,1
C03715,32.0,4.0,mensal,pix,fibra,nao,109.46,5.0,0,1
C03716,31.0,26.0,mensal,debito_automatico,fibra,nao,100.81,2.0,2,1
C03717,52.0,14.0,mensal,pix,fibra,nao,94.63,1.0,0,0
C03718,48.0,38.0,anual,boleto,dsl,nao,76.68,2.0,2,0
C03719,48.0,47.0,mensal,boleto,fibra,nao,122.17,2.0,2,1
C03720,46.0,55.0,mensal,cartao,fibra,sim,144.25,2.0,0,1
C03721,43.0,72.0,anual,pix,fibra,sim,147.86,1.0,0,0
C03722,51.0,53.0,mensal,boleto,dsl,nao,101.69,2.0,2,1
C03723,54.0,37.0,mensal,boleto,dsl,nao,94.58,2.0,2,0
C03724,54.0,5.0,bianual,cartao,dsl,nao,76.12,2.0,0,0
C03725,41.0,1.0,anual,cartao,dsl,nao,86.45,2.0,0,0
C03726,60.0,42.0,mensal,debito_automatico,dsl,sim,90.45,2.0,1,0
C03727,45.0,7.0,mensal,pix,fibra,nao,124.04,2.0,3,1
C03728,50.0,72.0,mensal,boleto,dsl,nao,79.06,1.0,0,0
C03729,46.0,3.0,mensal,cartao,fibra,sim,149.39,2.0,1,0
C03730,45.0,36.0,bianual,boleto,fibra,sim,155.49,2.0,5,0
C03731,32.0,21.0,anual,boleto,sem_internet,nao,43.07,0.0,1,0
C03732,51.0,3.0,mensal,cartao,fibra,sim,135.3,2.0,1,1
C03733,79.0,21.0,mensal,debito_automatico,sem_internet,nao,70.2,1.0,0,0
C03734,37.0,8.0,mensal,debito_automatico,fibra,sim,169.26,2.0,0,1
C03735,43.0,17.0,mensal,debito_automatico,dsl,sim,109.18,1.0,1,0
C03736,36.0,17.0,mensal,pix,fibra,nao,93.59,1.0,1,0
C03737,36.0,8.0,mensal,boleto,sem_internet,sim,43.16,2.0,1,0
C03738,62.0,13.0,bianual,debito_automatico,dsl,sim,145.07,0.0,0,0
C03739,33.0,8.0,anual,debito_automatico,fibra,sim,152.4,3.0,1,0
C03740,36.0,2.0,bianual,boleto,fibra,nao,131.44,3.0,3,0
C03741,21.0,20.0,bianual,cartao,dsl,nao,65.77,0.0,0,0
C03742,32.0,53.0,bianual,boleto,fibra,sim,150.39,5.0,2,0
C03743,20.0,8.0,bianual,boleto,fibra,nao,116.16,2.0,0,1
C03744,50.0,72.0,mensal,cartao,sem_internet,nao,48.62,1.0,0,0
C03745,78.0,72.0,mensal,boleto,dsl,sim,116.35,2.0,0,0
C03746,37.0,12.0,mensal,pix,fibra,sim,141.17,0.0,1,1
C03747,20.0,14.0,anual,pix,fibra,nao,106.01,3.0,0,0
C03748,54.0,12.0,anual,debito_automatico,fibra,sim,153.78,5.0,0,0
C03749,33.0,5.0,mensal,debito_automatico,dsl,nao,53.69,4.0,0,0
C03750,59.0,15.0,bianual,pix,fibra,sim,142.65,5.0,0,0
C03751,,13.0,anual,cartao,fibra,nao,117.69,1.0,1,0
C03752,34.0,19.0,anual,cartao,fibra,sim,160.96,3.0,1,0
C03753,40.0,20.0,mensal,debito_automatico,sem_internet,sim,102.55,3.0,0,0
C03754,52.0,5.0,mensal,pix,fibra,sim,147.85,0.0,0,1
C03755,39.0,30.0,mensal,pix,dsl,nao,80.54,1.0,1,0
C03756,36.0,14.0,mensal,boleto,fibra,sim,126.99,4.0,2,1
C03757,39.0,6.0,anual,debito_automatico,dsl,nao,85.02,0.0,1,1
C03758,25.0,14.0,mensal,cartao,fibra,nao,106.36,2.0,0,1
C03759,47.0,21.0,mensal,cartao,sem_internet,sim,75.38,1.0,0,0
C03760,19.0,61.0,mensal,cartao,sem_internet,nao,52.14,0.0,0,0
C03761,36.0,54.0,anual,debito_automatico,fibra,sim,162.77,0.0,2,0
C03762,52.0,11.0,mensal,boleto,fibra,nao,98.19,1.0,2,1
C03763,46.0,15.0,bianual,cartao,sem_internet,nao,57.03,0.0,0,0
C03764,50.0,7.0,mensal,debito_automatico,fibra,nao,119.42,2.0,0,0
C03765,41.0,24.0,bianual,boleto,dsl,nao,99.01,1.0,0,0
C03766,,11.0,mensal,pix,dsl,sim,136.92,0.0,2,1
C03767,54.0,15.0,mensal,cartao,fibra,nao,144.09,0.0,0,1
C03768,48.0,43.0,bianual,debito_automatico,fibra,nao,98.63,1.0,1,0
C03769,54.0,5.0,anual,boleto,fibra,nao,126.03,4.0,0,1
C03770,52.0,54.0,anual,pix,dsl,nao,56.34,1.0,0,0
C03771,36.0,26.0,anual,pix,fibra,nao,139.52,2.0,1,1
C03772,25.0,52.0,mensal,boleto,dsl,nao,101.66,1.0,2,0
C03773,47.0,34.0,anual,debito_automatico,dsl,sim,129.67,0.0,0,1
C03774,49.0,40.0,mensal,pix,dsl,nao,73.63,1.0,0,0
C03775,56.0,19.0,anual,boleto,fibra,nao,128.16,1.0,0,0
C03776,30.0,6.0,bianual,debito_automatico,fibra,sim,146.72,4.0,1,1
C03777,30.0,10.0,bianual,pix,fibra,nao,120.21,3.0,0,0
C03778,48.0,8.0,anual,cartao,fibra,sim,153.62,1.0,0,0
C03779,41.0,1.0,anual,pix,fibra,sim,125.02,4.0,1,0
C03780,18.0,43.0,mensal,boleto,sem_internet,sim,67.86,2.0,0,0
C03781,47.0,17.0,mensal,pix,fibra,sim,189.06,0.0,0,1
C03782,,7.0,bianual,pix,fibra,nao,118.7,2.0,0,0
C03783,30.0,72.0,anual,boleto,dsl,sim,117.4,0.0,0,0
C03784,60.0,72.0,mensal,cartao,dsl,nao,79.87,2.0,0,0
C03785,66.0,4.0,anual,debito_automatico,fibra,nao,113.84,1.0,2,0
C03786,26.0,15.0,mensal,pix,fibra,nao,120.54,1.0,1,0
C03787,38.0,14.0,bianual,boleto,fibra,sim,148.89,0.0,3,0
C03788,43.0,6.0,bianual,cartao,fibra,sim,120.76,2.0,2,0
C03789,65.0,42.0,mensal,pix,fibra,nao,131.79,2.0,0,0
C03790,36.0,1.0,mensal,cartao,fibra,nao,144.19,2.0,0,1
C03791,36.0,68.0,anual,debito_automatico,dsl,nao,62.54,0.0,2,0
C03792,62.0,19.0,mensal,debito_automatico,sem_internet,nao,38.81,2.0,0,0
C03793,37.0,72.0,bianual,pix,fibra,nao,142.5,1.0,0,0
C03794,51.0,18.0,mensal,boleto,fibra,sim,143.43,1.0,1,0
C03795,23.0,14.0,mensal,pix,sem_internet,sim,85.82,1.0,1,0
C03796,40.0,45.0,mensal,debito_automatico,dsl,nao,144.9,1.0,0,0
C03797,20.0,72.0,anual,pix,dsl,nao,89.48,2.0,0,0
C03798,28.0,69.0,anual,boleto,sem_internet,sim,81.03,2.0,0,0
C03799,53.0,2.0,bianual,debito_automatico,dsl,nao,93.23,2.0,1,0
C03800,41.0,56.0,bianual,pix,dsl,sim,126.65,0.0,2,0
C03801,38.0,13.0,anual,pix,fibra,nao,110.07,3.0,1,0
C03802,32.0,16.0,mensal,boleto,sem_internet,nao,20.0,2.0,2,0
C03803,39.0,13.0,mensal,cartao,dsl,nao,88.91,0.0,1,0
C03804,46.0,10.0,bianual,boleto,fibra,nao,131.16,1.0,1,0
C03805,55.0,15.0,mensal,boleto,dsl,nao,75.54,2.0,1,0
C03806,18.0,6.0,bianual,debito_automatico,fibra,sim,179.68,2.0,0,1
C03807,31.0,56.0,bianual,pix,dsl,nao,101.67,3.0,0,0
C03808,44.0,34.0,anual,debito_automatico,fibra,nao,131.62,1.0,1,0
C03809,41.0,23.0,anual,boleto,dsl,nao,75.82,2.0,0,0
C03810,,13.0,bianual,boleto,fibra,sim,123.64,0.0,1,0
C03811,45.0,10.0,anual,cartao,dsl,sim,112.38,0.0,2,0
C03812,38.0,27.0,anual,boleto,dsl,nao,52.46,1.0,0,0
C03813,35.0,23.0,mensal,pix,fibra,nao,84.64,2.0,0,0
C03814,39.0,47.0,mensal,boleto,fibra,nao,129.71,1.0,1,0
C03815,57.0,11.0,mensal,boleto,fibra,nao,137.58,1.0,1,1
C03816,32.0,10.0,bianual,debito_automatico,dsl,sim,85.74,2.0,1,0
C03817,41.0,33.0,anual,boleto,sem_internet,sim,76.15,1.0,0,0
C03818,44.0,39.0,anual,cartao,fibra,sim,154.74,,1,0
C03819,62.0,2.0,mensal,cartao,dsl,sim,110.61,1.0,0,1
C03820,38.0,58.0,bianual,boleto,sem_internet,nao,24.32,0.0,0,0
C03821,54.0,21.0,mensal,debito_automatico,dsl,sim,134.97,0.0,0,0
C03822,58.0,11.0,anual,cartao,fibra,sim,134.74,4.0,0,1
C03823,41.0,28.0,mensal,debito_automatico,fibra,nao,90.76,5.0,0,0
C03824,39.0,27.0,bianual,boleto,sem_internet,nao,24.38,0.0,0,0
C03825,38.0,12.0,anual,cartao,fibra,sim,162.22,2.0,1,0
C03826,39.0,2.0,mensal,debito_automatico,fibra,sim,150.99,1.0,0,1
C03827,53.0,58.0,mensal,boleto,dsl,nao,68.45,1.0,2,0
C03828,45.0,9.0,mensal,boleto,fibra,nao,127.91,2.0,0,0
C03829,45.0,7.0,mensal,cartao,dsl,nao,84.99,0.0,0,0
C03830,27.0,10.0,mensal,boleto,sem_internet,sim,45.39,0.0,1,0
C03831,29.0,37.0,mensal,boleto,sem_internet,nao,52.76,0.0,0,0
C03832,70.0,13.0,mensal,pix,dsl,nao,97.72,1.0,1,0
C03833,40.0,10.0,mensal,cartao,sem_internet,nao,43.15,1.0,0,1
C03834,32.0,26.0,anual,cartao,dsl,nao,76.48,0.0,1,0
C03835,61.0,23.0,mensal,cartao,sem_internet,nao,73.41,2.0,0,0
C03836,46.0,10.0,mensal,boleto,sem_internet,sim,69.35,1.0,1,1
C03837,50.0,2.0,bianual,pix,sem_internet,nao,42.52,3.0,0,0
C03838,40.0,37.0,mensal,debito_automatico,fibra,nao,124.96,1.0,0,0
C03839,38.0,23.0,anual,pix,fibra,sim,155.73,1.0,1,0
C03840,40.0,1.0,bianual,boleto,fibra,sim,150.92,0.0,1,0
C03841,24.0,65.0,anual,boleto,dsl,sim,116.34,1.0,3,1
C03842,41.0,1.0,mensal,debito_automatico,sem_internet,nao,68.53,0.0,1,0
C03843,46.0,8.0,mensal,cartao,sem_internet,nao,57.11,0.0,0,0
C03844,66.0,9.0,bianual,boleto,sem_internet,nao,43.88,1.0,2,0
C03845,43.0,10.0,bianual,cartao,dsl,nao,67.04,1.0,0,0
C03846,18.0,10.0,mensal,boleto,dsl,nao,69.03,1.0,0,0
C03847,41.0,4.0,anual,pix,fibra,nao,134.25,3.0,1,1
C03848,78.0,21.0,bianual,pix,dsl,sim,91.1,0.0,0,0
C03849,53.0,42.0,bianual,debito_automatico,fibra,sim,191.05,0.0,1,1
C03850,31.0,21.0,mensal,cartao,dsl,nao,79.52,1.0,1,0
C03851,50.0,25.0,mensal,pix,dsl,nao,59.32,1.0,0,0
C03852,32.0,13.0,mensal,debito_automatico,fibra,nao,122.73,1.0,4,1
C03853,24.0,20.0,mensal,pix,dsl,nao,67.99,0.0,0,0
C03854,37.0,26.0,anual,cartao,dsl,nao,73.72,2.0,0,0
C03855,43.0,34.0,mensal,pix,dsl,sim,92.34,1.0,0,1
C03856,18.0,9.0,mensal,cartao,dsl,sim,111.42,1.0,1,0
C03857,27.0,8.0,mensal,debito_automatico,fibra,nao,88.16,0.0,0,1
C03858,42.0,1.0,bianual,pix,dsl,nao,71.0,1.0,1,0
C03859,37.0,72.0,bianual,pix,fibra,nao,107.59,2.0,0,0
C03860,47.0,72.0,bianual,pix,fibra,sim,147.47,2.0,1,0
C03861,,17.0,bianual,cartao,fibra,nao,108.54,0.0,1,0
C03862,51.0,18.0,bianual,debito_automatico,dsl,nao,80.51,0.0,1,0
C03863,27.0,62.0,mensal,cartao,sem_internet,sim,93.32,1.0,1,0
C03864,63.0,5.0,mensal,debito_automatico,fibra,nao,125.41,2.0,0,0
C03865,20.0,7.0,bianual,boleto,dsl,sim,134.49,3.0,0,0
C03866,28.0,65.0,anual,cartao,sem_internet,nao,37.52,2.0,1,0
C03867,47.0,13.0,mensal,pix,sem_internet,nao,49.87,1.0,0,0
C03868,64.0,6.0,bianual,pix,fibra,sim,160.46,2.0,2,0
C03869,46.0,28.0,mensal,cartao,fibra,nao,137.27,1.0,3,1
C03870,49.0,9.0,bianual,boleto,fibra,nao,109.04,0.0,1,0
C03871,42.0,56.0,anual,cartao,sem_internet,sim,91.83,2.0,2,0
C03872,29.0,20.0,mensal,boleto,fibra,nao,107.14,4.0,1,1
C03873,36.0,10.0,bianual,boleto,dsl,nao,71.45,1.0,1,0
C03874,26.0,10.0,anual,pix,sem_internet,nao,39.62,0.0,1,0
C03875,25.0,26.0,anual,cartao,fibra,sim,161.8,2.0,0,0
C03876,47.0,15.0,anual,boleto,dsl,nao,63.69,,2,0
C03877,27.0,13.0,mensal,debito_automatico,sem_internet,sim,65.79,0.0,0,0
C03878,46.0,35.0,mensal,boleto,fibra,sim,145.32,4.0,1,1
C03879,25.0,62.0,mensal,cartao,fibra,nao,120.73,0.0,0,0
C03880,46.0,31.0,mensal,boleto,fibra,nao,105.96,2.0,1,0
C03881,36.0,8.0,mensal,boleto,dsl,sim,118.96,0.0,1,0
C03882,60.0,5.0,mensal,cartao,fibra,nao,114.63,2.0,2,1
C03883,46.0,33.0,mensal,debito_automatico,fibra,nao,129.87,2.0,1,0
C03884,58.0,31.0,anual,cartao,fibra,nao,120.94,1.0,0,0
C03885,32.0,12.0,mensal,pix,dsl,nao,106.28,1.0,1,1
C03886,43.0,15.0,mensal,pix,dsl,sim,116.82,1.0,0,1
C03887,29.0,9.0,bianual,pix,dsl,nao,61.72,1.0,1,0
C03888,37.0,6.0,bianual,pix,dsl,sim,111.81,0.0,2,0
C03889,39.0,10.0,bianual,pix,sem_internet,sim,80.32,,0,0
C03890,33.0,0.0,mensal,pix,dsl,nao,66.37,2.0,2,0
C03891,26.0,48.0,anual,cartao,dsl,sim,137.76,1.0,0,0
C03892,24.0,4.0,mensal,boleto,fibra,sim,150.35,2.0,0,1
C03893,18.0,18.0,anual,debito_automatico,fibra,sim,145.33,0.0,1,0
C03894,28.0,1.0,bianual,pix,fibra,sim,157.72,0.0,1,0
C03895,50.0,30.0,mensal,pix,dsl,sim,101.41,0.0,0,0
C03896,21.0,38.0,bianual,debito_automatico,sem_internet,sim,94.5,1.0,2,0
C03897,24.0,19.0,anual,pix,fibra,sim,166.48,2.0,0,1
C03898,65.0,17.0,mensal,debito_automatico,fibra,nao,121.96,0.0,1,1
C03899,34.0,9.0,mensal,debito_automatico,dsl,nao,88.87,0.0,0,0
C03900,46.0,47.0,bianual,boleto,sem_internet,nao,37.5,1.0,2,0
C03901,50.0,3.0,mensal,cartao,dsl,nao,57.46,0.0,3,0
C03902,51.0,11.0,mensal,boleto,fibra,nao,115.12,0.0,1,1
C03903,22.0,8.0,mensal,boleto,dsl,nao,72.48,2.0,1,1
C03904,39.0,7.0,bianual,cartao,fibra,sim,124.45,1.0,0,0
C03905,21.0,46.0,mensal,boleto,dsl,sim,99.13,2.0,1,0
C03906,74.0,16.0,bianual,pix,dsl,nao,61.54,0.0,0,0
C03907,21.0,9.0,anual,cartao,dsl,nao,64.19,1.0,2,0
C03908,28.0,24.0,mensal,debito_automatico,fibra,nao,140.0,3.0,2,1
C03909,28.0,22.0,mensal,boleto,sem_internet,nao,52.68,1.0,1,0
C03910,23.0,38.0,anual,pix,fibra,sim,169.47,3.0,1,1
C03911,60.0,26.0,mensal,cartao,fibra,sim,162.64,2.0,1,0
C03912,73.0,16.0,mensal,debito_automatico,dsl,nao,96.25,1.0,1,1
C03913,36.0,17.0,mensal,debito_automatico,fibra,sim,155.4,2.0,0,1
C03914,25.0,25.0,bianual,cartao,fibra,nao,142.74,0.0,1,0
C03915,18.0,6.0,anual,debito_automatico,fibra,nao,101.53,2.0,0,0
C03916,39.0,22.0,mensal,debito_automatico,fibra,nao,118.98,3.0,1,0
C03917,38.0,61.0,mensal,pix,fibra,nao,104.63,4.0,0,0
C03918,,19.0,mensal,cartao,dsl,sim,133.63,0.0,0,0
C03919,45.0,13.0,anual,pix,fibra,nao,126.3,3.0,0,1
C03920,47.0,12.0,mensal,cartao,sem_internet,nao,62.8,1.0,1,0
C03921,46.0,24.0,bianual,cartao,dsl,nao,58.95,0.0,0,0
C03922,38.0,21.0,bianual,cartao,dsl,nao,70.96,5.0,0,1
C03923,28.0,31.0,mensal,cartao,sem_internet,sim,53.24,1.0,1,1
C03924,51.0,9.0,bianual,cartao,dsl,sim,120.42,2.0,0,0
C03925,42.0,15.0,anual,pix,fibra,sim,148.58,3.0,0,0
C03926,54.0,36.0,anual,debito_automatico,sem_internet,nao,56.33,0.0,1,0
C03927,52.0,38.0,mensal,pix,fibra,sim,155.47,6.0,1,1
C03928,24.0,39.0,bianual,boleto,fibra,sim,123.05,0.0,1,0
C03929,23.0,33.0,mensal,debito_automatico,dsl,sim,90.09,1.0,1,0
C03930,32.0,34.0,bianual,boleto,fibra,nao,121.24,4.0,2,1
C03931,28.0,22.0,mensal,cartao,dsl,nao,86.99,0.0,0,0
C03932,52.0,3.0,mensal,cartao,sem_internet,sim,46.76,1.0,1,0
C03933,47.0,4.0,bianual,debito_automatico,dsl,nao,78.75,0.0,1,0
C03934,56.0,19.0,mensal,debito_automatico,fibra,nao,104.74,0.0,1,0
C03935,47.0,20.0,mensal,boleto,fibra,sim,138.35,3.0,4,1
C03936,45.0,7.0,bianual,boleto,fibra,sim,145.17,0.0,2,0
C03937,58.0,8.0,mensal,cartao,fibra,sim,156.85,0.0,1,1
C03938,48.0,16.0,bianual,boleto,dsl,sim,104.4,0.0,2,0
C03939,43.0,72.0,bianual,debito_automatico,dsl,nao,50.21,1.0,1,0
C03940,61.0,6.0,mensal,cartao,dsl,nao,81.73,1.0,1,0
C03941,43.0,12.0,anual,pix,dsl,sim,109.74,2.0,0,0
C03942,38.0,38.0,bianual,pix,fibra,sim,140.93,1.0,0,0
C03943,31.0,32.0,bianual,cartao,fibra,nao,115.38,2.0,1,0
C03944,51.0,23.0,mensal,pix,dsl,nao,74.78,0.0,2,0
C03945,58.0,2.0,anual,pix,fibra,nao,120.66,0.0,0,0
C03946,41.0,14.0,anual,boleto,fibra,nao,116.28,0.0,0,0
C03947,59.0,72.0,mensal,pix,dsl,sim,117.48,0.0,1,0
C03948,18.0,7.0,anual,cartao,fibra,sim,154.27,0.0,2,1
C03949,41.0,7.0,mensal,debito_automatico,fibra,nao,132.3,0.0,0,0
C03950,41.0,59.0,mensal,debito_automatico,fibra,nao,143.77,0.0,0,0
C03951,33.0,16.0,mensal,pix,fibra,sim,154.77,1.0,1,1
C03952,73.0,2.0,bianual,pix,dsl,nao,70.68,2.0,0,0
C03953,41.0,5.0,mensal,pix,fibra,sim,133.45,2.0,0,1
C03954,37.0,10.0,mensal,cartao,sem_internet,sim,89.7,0.0,2,0
C03955,42.0,22.0,mensal,pix,fibra,nao,106.46,2.0,0,1
C03956,18.0,15.0,mensal,debito_automatico,fibra,nao,155.21,3.0,0,0
C03957,32.0,7.0,bianual,pix,fibra,nao,161.69,1.0,0,1
C03958,55.0,15.0,mensal,pix,sem_internet,sim,76.8,1.0,1,1
C03959,34.0,7.0,mensal,boleto,dsl,sim,90.02,1.0,0,0
C03960,31.0,72.0,bianual,cartao,dsl,nao,89.81,1.0,2,0
C03961,59.0,5.0,mensal,pix,sem_internet,sim,111.48,1.0,2,0
C03962,59.0,11.0,mensal,pix,fibra,nao,100.32,4.0,1,1
C03963,49.0,9.0,bianual,pix,dsl,nao,108.47,2.0,1,0
C03964,36.0,10.0,anual,cartao,dsl,sim,87.26,2.0,0,0
C03965,39.0,5.0,mensal,cartao,dsl,nao,58.19,0.0,0,0
C03966,32.0,55.0,anual,cartao,fibra,nao,124.63,0.0,0,0
C03967,,72.0,anual,cartao,sem_internet,nao,60.25,0.0,0,0
C03968,28.0,25.0,anual,pix,dsl,nao,79.0,2.0,0,0
C03969,34.0,23.0,mensal,debito_automatico,sem_internet,nao,51.74,1.0,1,1
C03970,29.0,2.0,bianual,cartao,fibra,sim,171.57,2.0,1,1
C03971,22.0,54.0,anual,cartao,fibra,sim,173.3,2.0,1,0
C03972,45.0,7.0,anual,pix,fibra,nao,110.67,,0,1
C03973,45.0,2.0,bianual,debito_automatico,sem_internet,nao,32.05,,0,0
C03974,64.0,29.0,bianual,boleto,fibra,sim,170.8,2.0,1,0
C03975,33.0,43.0,anual,cartao,dsl,nao,86.81,1.0,1,0
C03976,46.0,54.0,mensal,cartao,fibra,nao,128.83,3.0,1,0
C03977,46.0,11.0,mensal,cartao,fibra,nao,110.08,3.0,0,0
C03978,39.0,10.0,anual,debito_automatico,fibra,sim,164.57,3.0,1,1
C03979,52.0,21.0,mensal,cartao,dsl,sim,98.58,1.0,0,0
C03980,52.0,15.0,anual,cartao,fibra,nao,123.71,5.0,2,1
C03981,46.0,30.0,anual,cartao,dsl,nao,81.68,1.0,0,0
C03982,39.0,22.0,anual,cartao,dsl,sim,116.78,2.0,0,0
C03983,,7.0,mensal,debito_automatico,sem_internet,sim,91.72,1.0,0,0
C03984,24.0,55.0,bianual,debito_automatico,dsl,nao,64.7,1.0,1,0
C03985,32.0,30.0,anual,boleto,dsl,nao,90.15,0.0,3,0
C03986,34.0,43.0,mensal,cartao,dsl,nao,80.31,2.0,0,0
C03987,27.0,7.0,anual,pix,fibra,nao,108.13,1.0,0,0
C03988,48.0,29.0,mensal,pix,dsl,nao,60.17,0.0,0,0
C03989,58.0,36.0,anual,boleto,sem_internet,nao,73.33,1.0,0,0
C03990,30.0,21.0,mensal,boleto,fibra,nao,118.96,1.0,2,1
C03991,46.0,5.0,anual,pix,fibra,nao,114.68,1.0,0,0
C03992,29.0,19.0,mensal,boleto,dsl,sim,97.84,0.0,2,1
C03993,38.0,33.0,mensal,pix,dsl,nao,96.33,2.0,2,0
C03994,33.0,45.0,mensal,pix,fibra,sim,170.17,3.0,2,1
C03995,50.0,3.0,mensal,boleto,sem_internet,nao,57.28,0.0,1,0
C03996,33.0,20.0,bianual,boleto,fibra,sim,154.08,0.0,2,1
C03997,55.0,4.0,bianual,pix,fibra,sim,166.27,2.0,0,0
C03998,39.0,34.0,mensal,cartao,sem_internet,nao,32.64,0.0,0,0
C03999,34.0,41.0,mensal,cartao,fibra,nao,123.26,1.0,1,0
C04000,26.0,6.0,anual,boleto,dsl,nao,79.19,0.0,3,0
C04001,45.0,5.0,mensal,debito_automatico,sem_internet,nao,49.01,3.0,0,1
C04002,54.0,9.0,mensal,pix,fibra,sim,127.8,1.0,0,1
C04003,46.0,15.0,mensal,debito_automatico,fibra,sim,183.05,4.0,0,0
C04004,71.0,8.0,anual,boleto,sem_internet,nao,69.28,0.0,0,0
C04005,61.0,36.0,bianual,debito_automatico,dsl,nao,62.75,,0,0
C04006,38.0,45.0,mensal,debito_automatico,sem_internet,sim,88.66,1.0,0,0
C04007,38.0,20.0,bianual,boleto,sem_internet,sim,57.7,0.0,3,0
C04008,48.0,8.0,bianual,pix,dsl,sim,116.26,1.0,0,0
C04009,,15.0,bianual,debito_automatico,fibra,nao,87.06,2.0,0,0
C04010,,20.0,anual,boleto,fibra,sim,150.62,0.0,1,0
C04011,47.0,14.0,bianual,pix,fibra,sim,147.68,2.0,0,0
C04012,45.0,16.0,anual,cartao,fibra,sim,172.35,2.0,0,0
C04013,51.0,42.0,bianual,boleto,dsl,nao,105.03,2.0,2,0
C04014,64.0,8.0,mensal,boleto,sem_internet,nao,70.36,1.0,0,0
C04015,44.0,72.0,anual,cartao,sem_internet,sim,97.37,1.0,0,0
C04016,41.0,20.0,anual,cartao,sem_internet,sim,81.24,2.0,1,1
C04017,62.0,13.0,mensal,cartao,fibra,sim,160.82,1.0,0,0
C04018,55.0,8.0,mensal,pix,dsl,nao,85.75,0.0,0,0
C04019,38.0,8.0,mensal,debito_automatico,fibra,sim,137.3,2.0,0,0
C04020,42.0,18.0,mensal,boleto,dsl,nao,97.19,0.0,0,0
C04021,45.0,20.0,mensal,debito_automatico,sem_internet,sim,90.35,2.0,1,0
C04022,47.0,13.0,mensal,debito_automatico,sem_internet,nao,56.05,0.0,1,0
C04023,24.0,4.0,mensal,cartao,sem_internet,sim,45.78,2.0,1,0
C04024,22.0,18.0,anual,pix,fibra,nao,126.79,1.0,0,0
C04025,30.0,8.0,mensal,cartao,dsl,nao,95.08,0.0,0,0
C04026,29.0,2.0,mensal,boleto,fibra,sim,154.77,3.0,3,1
C04027,34.0,31.0,mensal,boleto,dsl,sim,107.49,1.0,1,0
C04028,50.0,2.0,mensal,cartao,fibra,sim,134.56,1.0,1,1
C04029,40.0,12.0,mensal,cartao,dsl,nao,58.49,0.0,0,0
C04030,45.0,16.0,bianual,boleto,fibra,nao,122.31,2.0,1,1
C04031,,50.0,mensal,debito_automatico,dsl,nao,76.48,2.0,0,0
C04032,36.0,2.0,mensal,pix,sem_internet,nao,41.27,1.0,1,0
C04033,50.0,33.0,anual,pix,fibra,sim,177.93,0.0,0,0
C04034,50.0,38.0,bianual,debito_automatico,dsl,nao,61.16,4.0,0,0
C04035,33.0,62.0,mensal,debito_automatico,dsl,nao,74.81,0.0,1,0
C04036,44.0,44.0,mensal,debito_automatico,sem_internet,sim,105.41,2.0,1,0
C04037,71.0,16.0,anual,cartao,fibra,sim,150.32,2.0,0,0
C04038,42.0,35.0,mensal,cartao,dsl,sim,115.99,1.0,0,0
C04039,33.0,52.0,mensal,cartao,fibra,sim,152.37,2.0,0,0
C04040,40.0,1.0,bianual,boleto,fibra,nao,130.59,2.0,0,0
C04041,43.0,4.0,bianual,debito_automatico,fibra,sim,124.17,3.0,0,0
C04042,,22.0,anual,cartao,dsl,sim,111.95,2.0,1,0
C04043,42.0,37.0,mensal,boleto,fibra,sim,155.82,2.0,2,1
C04044,23.0,30.0,anual,cartao,dsl,sim,100.03,1.0,0,0
C04045,29.0,24.0,bianual,pix,fibra,sim,160.15,3.0,0,0
C04046,40.0,62.0,bianual,cartao,fibra,sim,166.8,1.0,0,0
C04047,40.0,13.0,mensal,cartao,dsl,sim,121.78,0.0,1,1
C04048,35.0,8.0,mensal,boleto,fibra,sim,181.69,3.0,1,1
C04049,40.0,10.0,mensal,boleto,fibra,nao,113.5,1.0,0,1
C04050,43.0,22.0,bianual,pix,fibra,nao,127.48,1.0,1,0
C04051,54.0,16.0,mensal,boleto,fibra,nao,127.14,,1,1
C04052,41.0,39.0,mensal,cartao,fibra,sim,151.47,2.0,0,0
C04053,47.0,9.0,mensal,pix,dsl,sim,132.0,2.0,0,0
C04054,35.0,25.0,mensal,cartao,dsl,nao,84.32,1.0,0,0
C04055,49.0,35.0,bianual,debito_automatico,fibra,sim,136.98,2.0,1,0
C04056,47.0,52.0,mensal,debito_automatico,fibra,nao,131.26,1.0,0,0
C04057,53.0,5.0,mensal,boleto,dsl,sim,107.51,1.0,1,1
C04058,51.0,10.0,anual,cartao,fibra,sim,150.16,0.0,1,0
C04059,,15.0,anual,cartao,fibra,nao,116.27,2.0,1,0
C04060,41.0,3.0,anual,boleto,fibra,nao,131.03,2.0,3,0
C04061,45.0,24.0,bianual,boleto,dsl,sim,131.18,0.0,2,0
C04062,56.0,23.0,mensal,debito_automatico,dsl,nao,77.61,0.0,0,0
C04063,34.0,22.0,mensal,boleto,fibra,sim,151.75,3.0,1,0
C04064,34.0,14.0,mensal,boleto,fibra,nao,89.29,1.0,0,0
C04065,44.0,48.0,anual,debito_automatico,dsl,nao,69.35,2.0,1,0
C04066,47.0,10.0,bianual,cartao,fibra,nao,105.8,2.0,0,0
C04067,31.0,44.0,mensal,debito_automatico,fibra,sim,159.67,0.0,0,0
C04068,41.0,10.0,anual,boleto,dsl,sim,113.39,1.0,2,0
C04069,41.0,4.0,anual,debito_automatico,fibra,nao,106.37,2.0,0,0
C04070,18.0,17.0,bianual,pix,fibra,sim,157.29,2.0,0,1
C04071,39.0,20.0,mensal,cartao,dsl,nao,78.99,2.0,2,0
C04072,40.0,25.0,mensal,pix,dsl,nao,41.89,1.0,2,0
C04073,40.0,12.0,anual,cartao,fibra,sim,171.62,0.0,1,0
C04074,60.0,72.0,bianual,boleto,fibra,nao,135.16,1.0,2,0
C04075,26.0,9.0,anual,cartao,fibra,sim,151.43,2.0,0,1
C04076,31.0,38.0,bianual,cartao,fibra,sim,160.29,4.0,0,1
C04077,18.0,72.0,mensal,pix,fibra,nao,115.12,2.0,0,0
C04078,36.0,72.0,anual,cartao,fibra,nao,95.93,3.0,0,0
C04079,37.0,5.0,mensal,cartao,fibra,nao,152.46,4.0,0,1
C04080,35.0,35.0,mensal,pix,fibra,nao,131.25,4.0,1,0
C04081,56.0,37.0,mensal,cartao,fibra,sim,169.11,3.0,1,1
C04082,53.0,31.0,mensal,debito_automatico,dsl,nao,75.73,0.0,0,0
C04083,43.0,4.0,mensal,cartao,dsl,nao,96.89,0.0,1,1
C04084,,21.0,anual,pix,sem_internet,nao,24.45,0.0,0,0
C04085,55.0,21.0,bianual,boleto,dsl,nao,76.32,1.0,0,0
C04086,42.0,4.0,mensal,debito_automatico,dsl,sim,126.1,1.0,1,1
C04087,31.0,13.0,mensal,debito_automatico,fibra,nao,110.6,1.0,0,1
C04088,20.0,22.0,mensal,pix,dsl,sim,128.66,0.0,0,0
C04089,36.0,16.0,mensal,pix,dsl,nao,84.56,0.0,2,1
C04090,52.0,33.0,mensal,pix,sem_internet,sim,83.14,1.0,1,0
C04091,72.0,13.0,anual,boleto,sem_internet,sim,69.2,1.0,1,1
C04092,43.0,19.0,bianual,cartao,fibra,sim,161.07,1.0,0,0
C04093,32.0,40.0,mensal,pix,sem_internet,nao,73.99,1.0,0,0
C04094,,69.0,anual,debito_automatico,dsl,sim,117.63,0.0,2,1
C04095,49.0,4.0,anual,pix,dsl,sim,123.34,1.0,0,0
C04096,19.0,32.0,mensal,pix,fibra,nao,130.55,4.0,0,0
C04097,49.0,11.0,mensal,cartao,fibra,sim,137.83,2.0,0,1
C04098,53.0,26.0,mensal,boleto,dsl,nao,78.01,2.0,2,1
C04099,48.0,4.0,mensal,cartao,fibra,nao,117.55,2.0,0,1
C04100,39.0,48.0,bianual,debito_automatico,dsl,nao,48.13,1.0,0,0
C04101,49.0,7.0,mensal,cartao,fibra,nao,131.83,0.0,0,1
C04102,44.0,41.0,mensal,boleto,fibra,nao,106.02,1.0,2,0
C04103,32.0,5.0,mensal,debito_automatico,dsl,nao,90.19,1.0,2,1
C04104,,3.0,mensal,boleto,dsl,nao,68.63,1.0,2,0
C04105,37.0,14.0,bianual,cartao,sem_internet,sim,110.63,1.0,0,0
C04106,52.0,22.0,mensal,cartao,dsl,nao,75.82,2.0,0,1
C04107,18.0,72.0,anual,cartao,dsl,sim,143.82,1.0,1,0
C04108,59.0,21.0,mensal,boleto,sem_internet,nao,42.41,0.0,0,0
C04109,61.0,5.0,mensal,debito_automatico,dsl,nao,79.2,1.0,0,0
C04110,42.0,35.0,mensal,pix,dsl,nao,103.5,0.0,0,0
C04111,49.0,55.0,bianual,debito_automatico,sem_internet,nao,31.24,0.0,0,0
C04112,49.0,7.0,mensal,pix,dsl,nao,80.75,1.0,1,1
C04113,34.0,39.0,anual,cartao,dsl,sim,123.09,1.0,0,1
C04114,49.0,50.0,mensal,boleto,dsl,nao,86.06,0.0,3,0
C04115,31.0,36.0,anual,boleto,dsl,nao,80.65,2.0,1,1
C04116,34.0,9.0,anual,debito_automatico,dsl,nao,78.59,0.0,2,0
C04117,57.0,22.0,anual,boleto,dsl,sim,127.7,3.0,3,0
C04118,55.0,26.0,mensal,pix,dsl,nao,82.65,0.0,2,0
C04119,33.0,47.0,mensal,debito_automatico,fibra,sim,169.5,1.0,0,1
C04120,32.0,10.0,bianual,pix,fibra,nao,125.88,2.0,1,0
C04121,34.0,40.0,anual,cartao,fibra,sim,164.75,0.0,0,0
C04122,52.0,16.0,mensal,debito_automatico,fibra,nao,137.0,0.0,0,0
C04123,29.0,12.0,mensal,cartao,fibra,nao,115.35,0.0,0,0
C04124,47.0,19.0,mensal,cartao,fibra,sim,171.6,2.0,0,1
C04125,52.0,0.0,mensal,pix,fibra,nao,117.65,,1,0
C04126,41.0,1.0,mensal,boleto,dsl,sim,93.99,1.0,1,1
C04127,55.0,1.0,mensal,pix,dsl,sim,110.06,1.0,0,0
C04128,38.0,27.0,mensal,debito_automatico,dsl,nao,69.16,2.0,0,1
C04129,39.0,14.0,anual,debito_automatico,fibra,nao,125.63,1.0,0,0
C04130,29.0,9.0,bianual,boleto,fibra,nao,115.71,0.0,1,0
C04131,55.0,17.0,anual,boleto,fibra,sim,156.92,3.0,1,0
C04132,32.0,41.0,mensal,boleto,fibra,sim,170.21,2.0,1,1
C04133,47.0,16.0,anual,debito_automatico,fibra,nao,142.29,1.0,0,0
C04134,41.0,5.0,mensal,boleto,dsl,nao,84.39,0.0,1,1
C04135,28.0,72.0,anual,pix,fibra,nao,136.28,0.0,1,0
C04136,34.0,18.0,mensal,pix,dsl,nao,77.34,0.0,0,0
C04137,60.0,50.0,mensal,boleto,dsl,nao,56.55,3.0,2,1
C04138,45.0,36.0,anual,debito_automatico,fibra,sim,137.31,1.0,0,0
C04139,29.0,12.0,mensal,cartao,dsl,nao,77.06,0.0,1,1
C04140,46.0,68.0,anual,cartao,dsl,nao,91.93,0.0,0,0
C04141,40.0,10.0,anual,boleto,fibra,sim,152.11,1.0,1,1
C04142,85.0,26.0,mensal,pix,dsl,sim,132.79,2.0,0,0
C04143,46.0,23.0,mensal,pix,dsl,nao,107.47,1.0,0,0
C04144,37.0,25.0,anual,boleto,dsl,nao,66.68,0.0,1,0
C04145,60.0,59.0,anual,cartao,sem_internet,sim,111.87,0.0,0,0
C04146,18.0,19.0,bianual,cartao,fibra,sim,130.48,1.0,1,0
C04147,,22.0,mensal,cartao,fibra,nao,147.73,0.0,0,0
C04148,68.0,23.0,bianual,boleto,sem_internet,nao,44.5,0.0,1,0
C04149,40.0,72.0,mensal,pix,dsl,nao,76.51,3.0,0,0
C04150,19.0,47.0,mensal,pix,sem_internet,nao,44.88,0.0,0,0
C04151,37.0,3.0,anual,cartao,dsl,nao,68.0,1.0,1,1
C04152,61.0,10.0,mensal,pix,dsl,nao,102.52,0.0,2,1
C04153,47.0,20.0,mensal,debito_automatico,dsl,sim,104.62,2.0,0,0
C04154,31.0,58.0,mensal,debito_automatico,fibra,nao,111.53,1.0,1,0
C04155,33.0,63.0,bianual,pix,fibra,nao,99.31,1.0,0,0
C04156,35.0,18.0,bianual,cartao,fibra,nao,109.04,1.0,0,0
C04157,47.0,10.0,bianual,cartao,fibra,nao,109.5,1.0,1,0
C04158,59.0,15.0,mensal,cartao,dsl,sim,103.49,1.0,0,0
C04159,56.0,20.0,mensal,debito_automatico,dsl,sim,112.36,0.0,2,0
C04160,48.0,14.0,bianual,boleto,sem_internet,nao,28.28,4.0,1,0
C04161,25.0,51.0,mensal,boleto,fibra,sim,178.92,3.0,0,1
C04162,25.0,13.0,mensal,cartao,fibra,sim,152.71,4.0,0,1
C04163,49.0,7.0,mensal,cartao,fibra,nao,125.61,0.0,1,0
C04164,25.0,15.0,anual,boleto,dsl,sim,127.93,0.0,1,0
C04165,39.0,24.0,anual,boleto,fibra,sim,185.37,2.0,2,1
C04166,46.0,52.0,mensal,pix,fibra,sim,168.65,2.0,3,1
C04167,27.0,6.0,mensal,debito_automatico,dsl,sim,111.28,0.0,2,0
C04168,29.0,25.0,anual,cartao,fibra,sim,138.91,2.0,0,1
C04169,41.0,25.0,anual,pix,dsl,sim,120.07,2.0,0,0
C04170,49.0,29.0,mensal,pix,fibra,nao,135.93,1.0,1,0
C04171,56.0,13.0,mensal,boleto,fibra,nao,122.13,4.0,0,0
C04172,50.0,29.0,bianual,debito_automatico,sem_internet,nao,45.98,1.0,0,0
C04173,43.0,36.0,anual,cartao,fibra,nao,123.2,0.0,1,0
C04174,32.0,13.0,anual,cartao,fibra,nao,91.95,3.0,1,0
C04175,28.0,22.0,anual,debito_automatico,sem_internet,nao,47.2,0.0,0,0
C04176,35.0,16.0,bianual,boleto,fibra,nao,130.98,5.0,1,1
C04177,47.0,8.0,mensal,cartao,fibra,nao,119.31,3.0,2,1
C04178,46.0,4.0,mensal,cartao,fibra,sim,171.85,3.0,0,0
C04179,18.0,10.0,mensal,cartao,dsl,nao,97.35,0.0,0,0
C04180,32.0,10.0,bianual,boleto,dsl,nao,72.44,2.0,1,1
C04181,58.0,4.0,mensal,pix,dsl,nao,86.63,0.0,1,0
C04182,43.0,27.0,mensal,cartao,sem_internet,nao,45.64,0.0,1,0
C04183,24.0,38.0,mensal,boleto,fibra,nao,89.57,0.0,1,0
C04184,73.0,15.0,anual,pix,fibra,nao,117.19,2.0,0,0
C04185,42.0,18.0,anual,boleto,sem_internet,nao,29.54,1.0,1,0
C04186,47.0,11.0,mensal,debito_automatico,fibra,nao,122.01,4.0,1,0
C04187,47.0,17.0,mensal,cartao,sem_internet,nao,55.24,4.0,1,0
C04188,37.0,29.0,anual,boleto,sem_internet,sim,76.74,1.0,1,0
C04189,33.0,25.0,mensal,boleto,sem_internet,nao,31.5,0.0,2,0
C04190,70.0,17.0,anual,boleto,fibra,nao,123.51,,2,0
C04191,55.0,10.0,mensal,debito_automatico,dsl,sim,151.66,1.0,0,0
C04192,53.0,35.0,bianual,debito_automatico,dsl,sim,82.42,0.0,0,0
C04193,49.0,12.0,mensal,boleto,fibra,nao,123.49,2.0,0,1
C04194,29.0,4.0,anual,boleto,dsl,sim,106.84,1.0,1,0
C04195,59.0,21.0,mensal,pix,fibra,sim,148.61,1.0,0,1
C04196,31.0,2.0,mensal,boleto,fibra,sim,153.43,2.0,0,1
C04197,46.0,24.0,anual,cartao,sem_internet,sim,74.84,2.0,1,0
C04198,21.0,25.0,anual,debito_automatico,sem_internet,nao,54.03,2.0,1,0
C04199,,10.0,anual,boleto,fibra,nao,116.37,3.0,1,1
C04200,46.0,11.0,anual,pix,fibra,nao,87.57,2.0,0,0
C04201,31.0,39.0,anual,boleto,dsl,sim,134.2,0.0,1,0
C04202,18.0,72.0,bianual,pix,fibra,nao,136.94,2.0,0,0
C04203,49.0,19.0,mensal,cartao,dsl,sim,105.9,1.0,1,0
C04204,70.0,10.0,bianual,boleto,dsl,nao,80.75,1.0,0,0
C04205,60.0,25.0,mensal,cartao,fibra,nao,138.26,2.0,0,0
C04206,39.0,16.0,mensal,pix,dsl,nao,95.5,0.0,1,0
C04207,42.0,24.0,anual,cartao,fibra,nao,140.36,3.0,0,0
C04208,54.0,21.0,mensal,boleto,fibra,nao,125.62,3.0,3,0
C04209,57.0,21.0,mensal,pix,dsl,nao,91.54,0.0,0,0
C04210,38.0,1.0,mensal,boleto,fibra,nao,141.13,1.0,0,0
C04211,42.0,11.0,mensal,boleto,fibra,nao,114.85,2.0,1,1
C04212,46.0,10.0,anual,boleto,dsl,nao,86.61,1.0,3,0
C04213,49.0,10.0,mensal,pix,fibra,nao,87.8,1.0,0,0
C04214,40.0,31.0,mensal,boleto,fibra,nao,96.3,2.0,0,1
C04215,40.0,5.0,mensal,boleto,dsl,nao,87.5,0.0,1,0
C04216,60.0,1.0,mensal,pix,fibra,nao,129.79,1.0,1,1
C04217,58.0,10.0,mensal,debito_automatico,fibra,sim,149.19,2.0,1,1
C04218,48.0,8.0,mensal,cartao,fibra,sim,145.9,1.0,0,0
C04219,64.0,19.0,bianual,debito_automatico,dsl,nao,74.67,2.0,0,0
C04220,37.0,14.0,anual,boleto,fibra,nao,122.88,4.0,1,0
C04221,63.0,12.0,mensal,cartao,sem_internet,nao,20.0,0.0,0,1
C04222,49.0,50.0,mensal,cartao,fibra,nao,126.98,2.0,0,0
C04223,85.0,8.0,mensal,debito_automatico,dsl,nao,80.49,0.0,1,0
C04224,26.0,30.0,mensal,pix,dsl,nao,83.71,1.0,0,0
C04225,33.0,17.0,mensal,cartao,dsl,nao,78.14,1.0,1,0
C04226,47.0,40.0,bianual,boleto,dsl,nao,59.25,1.0,1,0
C04227,47.0,62.0,anual,cartao,fibra,sim,138.53,0.0,0,0
C04228,67.0,16.0,mensal,pix,fibra,nao,142.85,2.0,0,0
C04229,33.0,2.0,mensal,pix,fibra,sim,145.36,4.0,1,1
C04230,54.0,5.0,anual,pix,fibra,nao,132.12,1.0,0,0
C04231,57.0,3.0,bianual,pix,fibra,nao,103.76,0.0,0,0
C04232,51.0,11.0,mensal,pix,dsl,nao,79.78,1.0,0,0
C04233,30.0,9.0,bianual,pix,fibra,sim,148.39,1.0,0,0
C04234,60.0,22.0,mensal,debito_automatico,sem_internet,nao,40.69,0.0,2,0
C04235,58.0,38.0,anual,boleto,dsl,nao,74.9,0.0,1,1
C04236,50.0,2.0,mensal,debito_automatico,fibra,nao,141.66,3.0,0,1
C04237,45.0,18.0,anual,boleto,fibra,sim,183.91,2.0,0,1
C04238,45.0,8.0,mensal,boleto,dsl,nao,83.56,2.0,1,1
C04239,41.0,18.0,mensal,cartao,fibra,nao,113.81,0.0,1,0
C04240,50.0,11.0,anual,cartao,fibra,sim,135.06,1.0,1,0
C04241,42.0,32.0,anual,debito_automatico,dsl,nao,59.03,0.0,1,0
C04242,31.0,5.0,anual,cartao,dsl,nao,101.74,4.0,0,1
C04243,,9.0,mensal,boleto,fibra,nao,97.97,3.0,2,1
C04244,32.0,15.0,anual,pix,fibra,nao,113.39,2.0,1,1
C04245,45.0,12.0,mensal,debito_automatico,fibra,nao,122.33,3.0,0,1
C04246,42.0,15.0,anual,boleto,fibra,nao,80.98,3.0,1,0
C04247,45.0,2.0,mensal,cartao,fibra,nao,101.24,2.0,1,0
C04248,49.0,55.0,mensal,boleto,dsl,sim,94.92,0.0,0,0
C04249,34.0,10.0,mensal,pix,dsl,sim,105.01,1.0,0,0
C04250,61.0,6.0,bianual,boleto,fibra,nao,123.88,4.0,1,1
C04251,39.0,16.0,anual,pix,sem_internet,sim,95.42,1.0,0,0
C04252,36.0,18.0,mensal,cartao,dsl,sim,105.05,2.0,0,0
C04253,48.0,72.0,anual,pix,fibra,nao,113.08,2.0,1,0
C04254,18.0,43.0,mensal,boleto,dsl,sim,113.21,0.0,2,0
C04255,32.0,12.0,mensal,cartao,dsl,sim,102.92,1.0,0,1
C04256,55.0,64.0,mensal,cartao,dsl,nao,86.27,1.0,0,0
C04257,19.0,55.0,anual,cartao,fibra,sim,161.73,1.0,0,1
C04258,57.0,6.0,bianual,pix,dsl,nao,39.18,1.0,0,0
C04259,62.0,72.0,bianual,debito_automatico,fibra,sim,164.59,3.0,0,0
C04260,37.0,11.0,mensal,cartao,fibra,nao,121.91,3.0,0,0
C04261,46.0,20.0,mensal,pix,dsl,nao,83.88,1.0,0,1
C04262,57.0,48.0,bianual,boleto,dsl,nao,97.69,0.0,2,0
C04263,36.0,2.0,mensal,pix,dsl,sim,88.21,0.0,2,0
C04264,53.0,15.0,anual,cartao,fibra,nao,101.17,2.0,1,1
C04265,33.0,23.0,bianual,boleto,fibra,sim,153.95,1.0,0,0
C04266,36.0,41.0,mensal,cartao,sem_internet,nao,20.0,0.0,1,0
C04267,32.0,17.0,mensal,boleto,dsl,sim,111.83,4.0,2,0
C04268,46.0,2.0,bianual,pix,dsl,sim,127.69,1.0,0,0
C04269,57.0,72.0,anual,cartao,fibra,sim,160.95,0.0,0,0
C04270,40.0,18.0,bianual,boleto,sem_internet,sim,81.18,0.0,0,0
C04271,25.0,24.0,anual,pix,fibra,sim,151.51,1.0,0,0
C04272,28.0,3.0,mensal,boleto,fibra,sim,148.58,1.0,2,1
C04273,47.0,53.0,bianual,boleto,dsl,nao,72.72,1.0,0,0
C04274,66.0,11.0,anual,debito_automatico,fibra,nao,123.43,0.0,1,0
C04275,47.0,8.0,bianual,boleto,dsl,nao,56.74,0.0,4,0
C04276,37.0,44.0,mensal,pix,dsl,sim,136.95,1.0,0,0
C04277,52.0,3.0,mensal,debito_automatico,sem_internet,sim,68.94,0.0,1,0
C04278,39.0,24.0,mensal,boleto,fibra,nao,128.37,0.0,2,1
C04279,37.0,8.0,mensal,cartao,fibra,sim,156.21,3.0,1,0
C04280,30.0,27.0,bianual,cartao,dsl,nao,62.7,2.0,1,0
C04281,60.0,33.0,bianual,cartao,dsl,nao,99.39,2.0,0,0
C04282,18.0,10.0,mensal,debito_automatico,sem_internet,nao,61.22,2.0,2,0
C04283,,51.0,bianual,pix,fibra,nao,96.44,0.0,0,0
C04284,36.0,18.0,mensal,cartao,dsl,nao,78.9,0.0,0,0
C04285,37.0,72.0,bianual,pix,fibra,nao,123.11,0.0,0,0
C04286,64.0,44.0,anual,boleto,fibra,nao,88.93,0.0,0,0
C04287,33.0,20.0,anual,pix,fibra,sim,123.19,2.0,1,1
C04288,33.0,20.0,anual,boleto,fibra,nao,107.5,5.0,1,1
C04289,40.0,4.0,anual,pix,fibra,sim,135.3,0.0,1,1
C04290,,44.0,bianual,cartao,fibra,sim,139.35,2.0,0,0
C04291,36.0,9.0,mensal,boleto,fibra,nao,100.3,4.0,0,1
C04292,22.0,22.0,bianual,cartao,sem_internet,sim,78.16,0.0,0,0
C04293,31.0,72.0,mensal,pix,fibra,nao,106.62,1.0,2,0
C04294,59.0,50.0,mensal,pix,dsl,nao,96.71,3.0,2,0
C04295,43.0,6.0,anual,debito_automatico,sem_internet,sim,82.7,1.0,0,0
C04296,48.0,18.0,anual,cartao,fibra,sim,166.91,4.0,0,0
C04297,39.0,24.0,bianual,debito_automatico,dsl,nao,54.68,0.0,1,0
C04298,33.0,55.0,mensal,boleto,fibra,sim,145.58,1.0,1,1
C04299,64.0,48.0,mensal,debito_automatico,fibra,sim,157.04,1.0,1,0
C04300,40.0,29.0,mensal,cartao,dsl,nao,86.79,0.0,0,0
C04301,36.0,27.0,bianual,pix,dsl,sim,105.28,2.0,0,0
C04302,56.0,18.0,bianual,debito_automatico,fibra,sim,147.48,1.0,0,0
C04303,33.0,23.0,bianual,cartao,sem_internet,nao,39.13,0.0,0,0
C04304,34.0,14.0,mensal,debito_automatico,dsl,sim,110.53,0.0,0,0
C04305,42.0,36.0,bianual,cartao,fibra,nao,152.46,2.0,0,0
C04306,42.0,28.0,mensal,boleto,fibra,nao,124.7,2.0,0,1
C04307,45.0,43.0,bianual,boleto,sem_internet,sim,80.6,1.0,1,0
C04308,69.0,42.0,anual,cartao,sem_internet,sim,61.11,0.0,0,0
C04309,46.0,9.0,mensal,boleto,dsl,nao,61.47,0.0,0,1
C04310,18.0,1.0,anual,debito_automatico,dsl,nao,76.8,2.0,0,0
C04311,46.0,8.0,anual,debito_automatico,dsl,nao,96.96,1.0,1,0
C04312,42.0,23.0,mensal,cartao,fibra,sim,152.01,3.0,0,1
C04313,43.0,14.0,mensal,pix,sem_internet,nao,42.66,0.0,1,0
C04314,45.0,13.0,anual,pix,dsl,sim,103.84,1.0,1,0
C04315,42.0,8.0,bianual,boleto,dsl,nao,53.87,1.0,0,0
C04316,41.0,26.0,anual,cartao,dsl,nao,86.55,0.0,0,0
C04317,50.0,29.0,mensal,pix,dsl,nao,76.18,2.0,0,0
C04318,35.0,30.0,anual,boleto,fibra,nao,126.69,3.0,1,0
C04319,,42.0,mensal,cartao,dsl,nao,82.32,1.0,1,0
C04320,81.0,72.0,mensal,pix,fibra,nao,105.54,2.0,1,0
C04321,33.0,0.0,mensal,pix,fibra,nao,123.38,2.0,1,1
C04322,43.0,29.0,mensal,pix,fibra,sim,135.63,2.0,0,0
C04323,23.0,34.0,mensal,pix,fibra,nao,123.26,2.0,1,1
C04324,44.0,8.0,mensal,boleto,sem_internet,nao,44.06,0.0,2,0
C04325,30.0,15.0,mensal,debito_automatico,fibra,sim,178.11,,1,1
C04326,36.0,11.0,anual,pix,fibra,nao,107.0,0.0,1,0
C04327,56.0,30.0,mensal,boleto,dsl,nao,60.1,2.0,3,0
C04328,48.0,46.0,mensal,boleto,sem_internet,nao,38.8,0.0,0,0
C04329,49.0,5.0,mensal,boleto,dsl,sim,124.14,0.0,2,0
C04330,19.0,26.0,anual,debito_automatico,sem_internet,nao,20.0,1.0,3,0
C04331,66.0,53.0,bianual,debito_automatico,dsl,sim,128.13,0.0,0,0
C04332,27.0,9.0,mensal,pix,dsl,sim,111.87,3.0,0,1
C04333,62.0,7.0,anual,cartao,fibra,sim,137.87,2.0,2,1
C04334,55.0,6.0,bianual,debito_automatico,fibra,nao,114.48,0.0,0,0
C04335,50.0,7.0,anual,boleto,fibra,nao,108.88,0.0,1,0
C04336,31.0,72.0,mensal,pix,dsl,nao,61.62,2.0,0,0
C04337,44.0,72.0,mensal,debito_automatico,dsl,sim,85.92,0.0,1,0
C04338,36.0,59.0,mensal,debito_automatico,dsl,nao,90.96,1.0,0,0
C04339,42.0,14.0,mensal,cartao,dsl,nao,71.61,3.0,1,1
C04340,39.0,61.0,mensal,boleto,dsl,nao,74.13,2.0,2,0
C04341,,6.0,bianual,boleto,fibra,sim,167.67,1.0,0,1
C04342,57.0,36.0,mensal,pix,fibra,sim,155.84,2.0,1,0
C04343,41.0,10.0,mensal,boleto,dsl,sim,91.61,0.0,1,0
C04344,36.0,5.0,bianual,pix,fibra,nao,130.09,1.0,2,1
C04345,35.0,25.0,anual,cartao,sem_internet,nao,67.26,1.0,0,0
C04346,47.0,26.0,mensal,cartao,fibra,nao,127.55,2.0,2,1
C04347,30.0,28.0,bianual,cartao,fibra,nao,107.02,1.0,1,0
C04348,18.0,31.0,mensal,boleto,dsl,sim,92.91,1.0,0,0
C04349,47.0,24.0,mensal,cartao,fibra,sim,141.48,1.0,1,0
C04350,49.0,16.0,mensal,cartao,dsl,sim,116.55,0.0,0,0
C04351,39.0,19.0,mensal,cartao,fibra,nao,141.39,1.0,0,1
C04352,27.0,37.0,bianual,debito_automatico,fibra,nao,108.61,2.0,0,0
C04353,43.0,24.0,mensal,cartao,dsl,sim,105.27,0.0,1,1
C04354,23.0,11.0,bianual,debito_automatico,fibra,nao,135.32,4.0,1,0
C04355,29.0,8.0,mensal,debito_automatico,dsl,sim,108.49,1.0,1,0
C04356,32.0,19.0,bianual,boleto,fibra,sim,180.71,4.0,1,1
C04357,53.0,53.0,mensal,cartao,dsl,nao,77.78,2.0,0,0
C04358,37.0,32.0,bianual,boleto,fibra,sim,172.52,2.0,1,1
C04359,36.0,55.0,mensal,boleto,fibra,sim,160.74,2.0,0,0
C04360,67.0,13.0,bianual,boleto,dsl,nao,90.61,1.0,0,0
C04361,47.0,22.0,bianual,debito_automatico,dsl,nao,77.34,0.0,0,0
C04362,46.0,25.0,anual,boleto,sem_internet,sim,78.33,3.0,0,0
C04363,37.0,38.0,mensal,pix,dsl,nao,86.28,2.0,0,0
C04364,34.0,13.0,anual,pix,dsl,sim,126.97,1.0,0,1
C04365,18.0,32.0,anual,boleto,fibra,nao,127.89,2.0,4,0
C04366,,51.0,anual,debito_automatico,dsl,nao,53.49,2.0,0,0
C04367,48.0,17.0,anual,boleto,dsl,sim,118.87,4.0,0,1
C04368,40.0,7.0,bianual,boleto,dsl,nao,70.15,1.0,2,0
C04369,40.0,52.0,bianual,pix,dsl,sim,106.81,3.0,1,0
C04370,52.0,34.0,mensal,cartao,fibra,nao,126.86,0.0,0,0
C04371,22.0,3.0,mensal,boleto,dsl,sim,140.47,0.0,1,1
C04372,34.0,18.0,mensal,pix,dsl,nao,76.52,0.0,0,0
C04373,27.0,72.0,anual,pix,fibra,sim,184.59,1.0,1,0
C04374,65.0,29.0,bianual,cartao,dsl,nao,63.55,3.0,2,0
C04375,53.0,19.0,mensal,debito_automatico,dsl,nao,98.48,3.0,0,0
C04376,18.0,6.0,mensal,pix,dsl,sim,121.46,0.0,1,0
C04377,22.0,6.0,mensal,debito_automatico,sem_internet,nao,48.13,2.0,0,0
C04378,40.0,36.0,mensal,cartao,fibra,nao,140.75,0.0,0,0
C04379,36.0,7.0,bianual,pix,fibra,nao,110.45,3.0,1,0
C04380,25.0,25.0,anual,cartao,fibra,sim,174.16,1.0,1,0
C04381,67.0,17.0,mensal,cartao,sem_internet,nao,41.88,1.0,0,0
C04382,46.0,24.0,mensal,boleto,fibra,nao,110.37,2.0,0,0
C04383,48.0,16.0,mensal,cartao,dsl,nao,60.1,2.0,0,1
C04384,33.0,28.0,anual,boleto,dsl,nao,103.78,0.0,0,0
C04385,51.0,42.0,anual,boleto,dsl,nao,97.12,1.0,1,0
C04386,37.0,16.0,mensal,cartao,fibra,sim,147.83,2.0,0,0
C04387,38.0,39.0,mensal,pix,fibra,sim,163.18,3.0,0,1
C04388,50.0,57.0,bianual,boleto,sem_internet,nao,46.9,1.0,0,0
C04389,21.0,25.0,bianual,cartao,dsl,nao,74.71,1.0,1,0
C04390,63.0,35.0,anual,pix,fibra,nao,134.47,1.0,1,0
C04391,44.0,5.0,mensal,cartao,fibra,nao,110.62,2.0,0,0
C04392,59.0,16.0,bianual,pix,dsl,sim,82.13,0.0,1,0
C04393,28.0,3.0,anual,cartao,sem_internet,sim,83.9,1.0,1,0
C04394,30.0,11.0,bianual,debito_automatico,dsl,nao,81.0,1.0,0,0
C04395,27.0,17.0,mensal,boleto,fibra,sim,146.1,1.0,0,1
C04396,45.0,72.0,mensal,cartao,dsl,sim,101.61,1.0,0,0
C04397,43.0,8.0,mensal,debito_automatico,fibra,sim,131.61,0.0,1,1
C04398,36.0,18.0,bianual,boleto,sem_internet,nao,39.56,1.0,0,0
C04399,29.0,7.0,anual,boleto,fibra,sim,141.87,4.0,0,0
C04400,26.0,15.0,mensal,cartao,fibra,nao,134.47,3.0,0,1
C04401,41.0,29.0,bianual,debito_automatico,fibra,nao,127.75,5.0,0,1
C04402,36.0,33.0,bianual,cartao,fibra,sim,147.73,2.0,0,0
C04403,33.0,13.0,mensal,debito_automatico,fibra,nao,127.84,1.0,0,0
C04404,62.0,10.0,anual,debito_automatico,dsl,nao,78.39,4.0,0,1
C04405,41.0,63.0,anual,boleto,fibra,nao,115.96,0.0,2,0
C04406,59.0,12.0,mensal,pix,dsl,nao,79.18,3.0,0,1
C04407,35.0,1.0,anual,pix,fibra,sim,181.57,4.0,0,1
C04408,,51.0,mensal,cartao,fibra,sim,164.66,3.0,1,0
C04409,41.0,1.0,bianual,cartao,dsl,nao,75.52,2.0,1,0
C04410,20.0,51.0,bianual,cartao,dsl,nao,93.41,2.0,1,0
C04411,61.0,3.0,bianual,pix,fibra,nao,132.87,2.0,0,0
C04412,40.0,4.0,anual,cartao,dsl,nao,83.9,2.0,0,0
C04413,52.0,5.0,mensal,cartao,fibra,nao,115.07,0.0,0,0
C04414,32.0,11.0,mensal,pix,fibra,nao,114.08,0.0,0,0
C04415,40.0,52.0,anual,debito_automatico,fibra,nao,103.87,2.0,0,0
C04416,31.0,6.0,mensal,boleto,dsl,sim,117.71,2.0,1,1
C04417,,29.0,anual,debito_automatico,fibra,sim,145.85,4.0,2,1
C04418,46.0,23.0,mensal,pix,fibra,nao,113.45,2.0,1,0
C04419,47.0,20.0,mensal,cartao,fibra,sim,164.36,3.0,1,1
C04420,60.0,44.0,mensal,cartao,fibra,nao,145.31,2.0,1,0
C04421,57.0,21.0,anual,debito_automatico,fibra,nao,125.61,1.0,1,0
C04422,52.0,23.0,mensal,cartao,dsl,sim,113.42,0.0,1,0
C04423,24.0,35.0,anual,pix,dsl,nao,79.72,0.0,0,0
C04424,33.0,12.0,mensal,cartao,fibra,nao,137.07,3.0,1,1
C04425,29.0,18.0,anual,debito_automatico,fibra,nao,125.82,0.0,1,0
C04426,51.0,25.0,anual,pix,fibra,sim,157.91,3.0,1,1
C04427,44.0,41.0,anual,boleto,sem_internet,nao,48.97,1.0,1,0
C04428,24.0,16.0,mensal,boleto,dsl,nao,58.57,3.0,1,0
C04429,40.0,18.0,mensal,pix,fibra,nao,125.86,2.0,1,1
C04430,23.0,28.0,mensal,debito_automatico,sem_internet,nao,31.87,2.0,0,1
C04431,41.0,17.0,anual,cartao,fibra,sim,160.92,1.0,0,0
C04432,20.0,9.0,mensal,boleto,fibra,sim,143.97,0.0,1,1
C04433,49.0,35.0,bianual,boleto,sem_internet,nao,53.87,0.0,1,0
C04434,47.0,22.0,bianual,boleto,dsl,nao,77.7,1.0,0,0
C04435,67.0,13.0,mensal,cartao,dsl,nao,62.82,1.0,1,0
C04436,53.0,5.0,bianual,debito_automatico,dsl,nao,75.64,1.0,0,0
C04437,37.0,1.0,anual,boleto,sem_internet,sim,113.09,0.0,1,0
C04438,53.0,29.0,mensal,debito_automatico,fibra,sim,120.9,2.0,1,1
C04439,24.0,8.0,anual,pix,fibra,sim,157.5,2.0,1,1
C04440,29.0,3.0,bianual,pix,fibra,sim,139.84,3.0,1,0
C04441,46.0,7.0,mensal,pix,sem_internet,sim,100.65,2.0,0,0
C04442,18.0,25.0,mensal,cartao,fibra,nao,132.24,5.0,1,1
C04443,42.0,8.0,anual,cartao,fibra,nao,122.79,2.0,0,0
C04444,29.0,25.0,mensal,cartao,fibra,nao,133.76,0.0,2,1
C04445,43.0,10.0,anual,boleto,fibra,nao,123.67,2.0,4,1
C04446,28.0,18.0,anual,pix,dsl,sim,115.09,1.0,1,1
C04447,48.0,20.0,anual,debito_automatico,fibra,nao,111.02,1.0,0,0
C04448,42.0,34.0,mensal,debito_automatico,dsl,sim,109.59,0.0,0,0
C04449,60.0,34.0,mensal,boleto,dsl,sim,108.04,2.0,1,0
C04450,42.0,19.0,bianual,boleto,fibra,sim,155.16,0.0,0,0
C04451,32.0,6.0,mensal,pix,dsl,sim,86.62,1.0,1,1
C04452,39.0,48.0,mensal,boleto,fibra,nao,135.44,0.0,3,0
C04453,25.0,12.0,mensal,boleto,dsl,nao,109.2,1.0,0,1
C04454,47.0,24.0,mensal,debito_automatico,dsl,nao,73.52,0.0,1,0
C04455,50.0,25.0,mensal,debito_automatico,fibra,nao,137.62,0.0,0,1
C04456,74.0,13.0,mensal,boleto,fibra,nao,117.99,1.0,0,0
C04457,34.0,3.0,anual,boleto,dsl,nao,70.97,0.0,3,1
C04458,39.0,2.0,anual,pix,dsl,nao,74.27,1.0,0,0
C04459,35.0,14.0,bianual,pix,dsl,nao,81.29,2.0,1,0
C04460,45.0,6.0,bianual,cartao,fibra,sim,144.18,2.0,1,1
C04461,47.0,41.0,mensal,pix,fibra,nao,129.09,2.0,1,0
C04462,41.0,13.0,mensal,cartao,sem_internet,nao,37.21,2.0,0,0
C04463,56.0,12.0,bianual,debito_automatico,fibra,sim,138.9,2.0,2,0
C04464,34.0,72.0,mensal,debito_automatico,sem_internet,nao,44.7,2.0,0,0
C04465,55.0,18.0,mensal,pix,dsl,nao,69.59,0.0,0,0
C04466,49.0,2.0,mensal,pix,dsl,nao,75.09,0.0,0,0
C04467,42.0,52.0,anual,cartao,fibra,sim,154.19,2.0,0,0
C04468,38.0,3.0,mensal,boleto,sem_internet,sim,59.9,0.0,3,0
C04469,74.0,26.0,mensal,pix,sem_internet,sim,101.88,0.0,0,1
C04470,31.0,23.0,mensal,boleto,dsl,nao,92.19,,2,0
C04471,46.0,2.0,anual,debito_automatico,dsl,nao,70.55,,0,0
C04472,32.0,26.0,mensal,cartao,fibra,nao,119.71,3.0,0,1
C04473,,10.0,anual,boleto,fibra,nao,129.54,2.0,0,0
C04474,54.0,31.0,mensal,debito_automatico,sem_internet,sim,83.13,1.0,0,0
C04475,33.0,10.0,mensal,cartao,fibra,sim,183.2,2.0,0,0
C04476,49.0,26.0,mensal,pix,fibra,nao,116.42,0.0,0,1
C04477,45.0,17.0,mensal,boleto,fibra,sim,172.83,4.0,2,1
C04478,35.0,26.0,mensal,boleto,dsl,nao,59.98,2.0,0,0
C04479,52.0,30.0,bianual,boleto,dsl,nao,62.29,2.0,1,0
C04480,47.0,15.0,mensal,cartao,dsl,nao,105.27,1.0,0,0
C04481,45.0,12.0,bianual,debito_automatico,fibra,nao,113.52,2.0,0,0
C04482,41.0,29.0,mensal,cartao,fibra,sim,137.49,0.0,0,0
C04483,48.0,11.0,mensal,boleto,fibra,nao,119.28,4.0,0,1
C04484,45.0,15.0,anual,pix,sem_internet,nao,63.96,1.0,1,0
C04485,43.0,60.0,bianual,boleto,fibra,sim,143.55,1.0,0,0
C04486,34.0,18.0,mensal,cartao,sem_internet,nao,44.37,1.0,1,0
C04487,64.0,34.0,mensal,pix,fibra,nao,92.18,4.0,0,0
C04488,28.0,9.0,anual,debito_automatico,sem_internet,sim,72.97,2.0,0,0
C04489,48.0,26.0,mensal,cartao,dsl,sim,129.96,0.0,3,1
C04490,38.0,16.0,anual,pix,dsl,sim,103.23,2.0,0,0
C04491,65.0,13.0,bianual,cartao,dsl,sim,95.92,1.0,2,0
C04492,30.0,1.0,mensal,boleto,dsl,sim,103.36,1.0,1,0
C04493,32.0,6.0,bianual,boleto,dsl,sim,105.85,1.0,0,0
C04494,29.0,7.0,mensal,pix,fibra,nao,131.47,0.0,0,0
C04495,46.0,14.0,bianual,cartao,sem_internet,nao,50.7,1.0,2,0
C04496,24.0,15.0,bianual,pix,dsl,sim,123.59,2.0,0,0
C04497,36.0,37.0,anual,boleto,fibra,nao,120.43,0.0,0,0
C04498,18.0,15.0,bianual,boleto,fibra,sim,145.7,0.0,0,0
C04499,45.0,28.0,bianual,pix,dsl,nao,68.35,1.0,0,0
C04500,35.0,16.0,mensal,pix,sem_internet,sim,86.48,0.0,0,0
C04501,23.0,39.0,mensal,boleto,dsl,sim,138.84,1.0,5,1
C04502,56.0,11.0,mensal,boleto,fibra,nao,105.89,1.0,1,1
C04503,25.0,5.0,mensal,debito_automatico,dsl,nao,64.73,0.0,0,1
C04504,52.0,28.0,anual,cartao,fibra,nao,102.96,2.0,0,1
C04505,33.0,29.0,mensal,cartao,fibra,nao,132.47,1.0,1,1
C04506,63.0,19.0,anual,boleto,dsl,nao,79.37,2.0,2,1
C04507,52.0,16.0,mensal,pix,fibra,sim,163.33,4.0,0,1
C04508,29.0,29.0,mensal,boleto,fibra,nao,112.38,1.0,1,0
C04509,30.0,5.0,mensal,cartao,fibra,nao,129.27,0.0,0,1
C04510,50.0,25.0,bianual,cartao,fibra,nao,115.69,0.0,2,0
C04511,39.0,63.0,mensal,boleto,fibra,nao,96.83,4.0,0,0
C04512,40.0,9.0,mensal,cartao,fibra,sim,168.84,0.0,0,0
C04513,59.0,14.0,mensal,cartao,fibra,nao,119.46,3.0,0,1
C04514,32.0,50.0,bianual,debito_automatico,sem_internet,nao,40.35,1.0,3,0
C04515,43.0,19.0,mensal,cartao,fibra,sim,159.22,1.0,1,1
C04516,54.0,37.0,anual,boleto,sem_internet,nao,23.34,2.0,1,0
C04517,53.0,26.0,mensal,pix,dsl,sim,121.46,2.0,0,1
C04518,40.0,28.0,mensal,cartao,fibra,nao,111.06,1.0,1,1
C04519,38.0,9.0,anual,cartao,fibra,nao,117.66,2.0,0,1
C04520,19.0,8.0,anual,boleto,fibra,sim,172.09,1.0,1,1
C04521,28.0,33.0,anual,debito_automatico,dsl,nao,89.63,1.0,0,0
C04522,46.0,3.0,mensal,pix,dsl,sim,112.35,0.0,0,0
C04523,40.0,15.0,bianual,debito_automatico,fibra,sim,153.48,2.0,1,1
C04524,43.0,29.0,anual,pix,fibra,nao,81.59,1.0,1,0
C04525,56.0,14.0,bianual,boleto,fibra,nao,107.67,3.0,0,0
C04526,27.0,16.0,mensal,pix,dsl,nao,82.51,1.0,0,0
C04527,39.0,38.0,mensal,boleto,fibra,nao,108.54,1.0,0,0
C04528,44.0,55.0,mensal,cartao,dsl,nao,60.1,0.0,1,1
C04529,33.0,72.0,anual,cartao,dsl,sim,122.2,0.0,1,0
C04530,61.0,52.0,anual,boleto,dsl,nao,99.6,0.0,1,0
C04531,54.0,11.0,mensal,cartao,fibra,sim,144.18,2.0,0,0
C04532,46.0,7.0,mensal,boleto,fibra,nao,133.13,3.0,3,1
C04533,65.0,12.0,mensal,debito_automatico,fibra,nao,130.87,1.0,1,0
C04534,23.0,29.0,mensal,pix,dsl,sim,100.35,0.0,0,0
C04535,42.0,13.0,bianual,debito_automatico,fibra,nao,109.08,2.0,0,0
C04536,47.0,9.0,mensal,cartao,fibra,nao,147.05,1.0,0,1
C04537,30.0,61.0,mensal,cartao,fibra,sim,138.24,1.0,1,0
C04538,46.0,13.0,mensal,pix,dsl,nao,70.86,0.0,0,0
C04539,28.0,27.0,mensal,cartao,dsl,nao,109.49,1.0,2,0
C04540,51.0,27.0,bianual,cartao,dsl,sim,106.47,1.0,0,0
C04541,56.0,1.0,mensal,boleto,dsl,nao,100.29,0.0,2,0
C04542,46.0,58.0,bianual,boleto,sem_internet,nao,29.67,1.0,1,0
C04543,18.0,5.0,anual,cartao,sem_internet,sim,82.07,0.0,1,0
C04544,29.0,3.0,anual,debito_automatico,fibra,sim,171.29,0.0,0,1
C04545,49.0,11.0,mensal,pix,fibra,nao,112.99,3.0,2,1
C04546,42.0,7.0,anual,pix,sem_internet,nao,46.5,0.0,0,0
C04547,18.0,51.0,anual,cartao,dsl,nao,91.17,0.0,2,0
C04548,58.0,23.0,mensal,cartao,sem_internet,nao,31.47,1.0,0,0
C04549,44.0,10.0,bianual,pix,fibra,nao,153.61,1.0,0,0
C04550,31.0,3.0,mensal,cartao,sem_internet,nao,60.57,1.0,0,0
C04551,55.0,26.0,mensal,cartao,fibra,sim,149.64,1.0,1,0
C04552,33.0,14.0,mensal,debito_automatico,dsl,nao,76.48,0.0,1,0
C04553,33.0,29.0,anual,boleto,fibra,sim,183.68,2.0,0,1
C04554,47.0,23.0,mensal,cartao,fibra,nao,114.68,1.0,0,0
C04555,65.0,7.0,mensal,cartao,fibra,sim,147.92,4.0,0,0
C04556,63.0,32.0,mensal,debito_automatico,fibra,sim,172.19,1.0,1,1
C04557,47.0,4.0,mensal,cartao,fibra,nao,98.99,0.0,1,1
C04558,48.0,13.0,mensal,boleto,sem_internet,sim,78.83,1.0,2,1
C04559,52.0,15.0,bianual,boleto,sem_internet,nao,46.26,,1,0
C04560,26.0,17.0,mensal,pix,sem_internet,nao,34.44,0.0,1,1
C04561,50.0,4.0,bianual,pix,sem_internet,nao,21.52,1.0,0,0
C04562,32.0,49.0,anual,pix,dsl,sim,116.04,2.0,0,0
C04563,46.0,7.0,anual,pix,sem_internet,sim,90.32,1.0,1,0
C04564,39.0,24.0,bianual,boleto,fibra,nao,109.81,3.0,0,0
C04565,49.0,72.0,mensal,boleto,fibra,nao,102.3,2.0,1,0
C04566,44.0,1.0,anual,cartao,sem_internet,sim,98.84,1.0,0,0
C04567,18.0,39.0,mensal,cartao,fibra,sim,162.92,1.0,1,0
C04568,44.0,18.0,mensal,debito_automatico,dsl,nao,74.57,1.0,0,1
C04569,50.0,4.0,mensal,boleto,dsl,sim,128.81,0.0,1,0
C04570,48.0,15.0,anual,pix,fibra,nao,123.63,1.0,0,0
C04571,41.0,64.0,bianual,cartao,fibra,sim,181.84,0.0,0,0
C04572,63.0,53.0,mensal,debito_automatico,dsl,nao,89.96,2.0,0,0
C04573,46.0,72.0,anual,pix,dsl,nao,59.15,4.0,2,0
C04574,48.0,34.0,mensal,cartao,fibra,sim,145.12,1.0,0,0
C04575,56.0,11.0,mensal,pix,dsl,nao,70.84,0.0,0,0
C04576,47.0,38.0,mensal,debito_automatico,fibra,sim,159.64,3.0,0,0
C04577,30.0,8.0,anual,pix,fibra,nao,115.45,3.0,2,1
C04578,18.0,16.0,mensal,pix,dsl,nao,63.09,2.0,0,0
C04579,36.0,8.0,mensal,cartao,fibra,sim,163.84,1.0,0,1
C04580,52.0,33.0,mensal,cartao,sem_internet,nao,60.0,0.0,1,0
C04581,37.0,31.0,anual,pix,fibra,nao,118.46,2.0,0,0
C04582,52.0,9.0,bianual,debito_automatico,sem_internet,nao,48.14,0.0,1,0
C04583,44.0,46.0,mensal,debito_automatico,dsl,sim,100.49,1.0,1,0
C04584,59.0,58.0,anual,cartao,sem_internet,nao,37.16,2.0,0,0
C04585,38.0,11.0,anual,boleto,dsl,sim,107.78,4.0,0,1
C04586,48.0,26.0,mensal,cartao,dsl,nao,88.38,0.0,1,0
C04587,49.0,60.0,mensal,pix,dsl,sim,118.84,1.0,0,0
C04588,62.0,24.0,bianual,cartao,dsl,nao,75.05,3.0,0,0
C04589,20.0,13.0,mensal,cartao,fibra,nao,114.46,3.0,2,1
C04590,36.0,17.0,mensal,boleto,fibra,sim,125.48,0.0,1,1
C04591,53.0,11.0,bianual,cartao,fibra,nao,144.09,3.0,1,0
C04592,62.0,47.0,bianual,cartao,dsl,nao,48.72,0.0,0,0
C04593,45.0,42.0,anual,debito_automatico,fibra,sim,161.33,0.0,0,0
C04594,38.0,8.0,bianual,boleto,dsl,nao,80.57,2.0,0,0
C04595,52.0,10.0,mensal,boleto,fibra,nao,116.01,0.0,0,0
C04596,53.0,3.0,anual,boleto,fibra,sim,154.88,0.0,0,0
C04597,37.0,29.0,mensal,boleto,dsl,nao,70.06,0.0,1,0
C04598,,5.0,bianual,pix,sem_internet,nao,54.79,0.0,0,0
C04599,57.0,72.0,mensal,pix,fibra,sim,135.3,,1,0
C04600,67.0,7.0,mensal,pix,sem_internet,nao,49.92,0.0,0,0
C04601,52.0,1.0,mensal,pix,fibra,nao,109.83,3.0,0,1
C04602,,5.0,anual,boleto,fibra,sim,148.6,1.0,3,1
C04603,41.0,24.0,mensal,pix,fibra,nao,114.0,0.0,1,0
C04604,49.0,17.0,anual,cartao,fibra,nao,117.52,2.0,0,0
C04605,40.0,7.0,mensal,pix,fibra,nao,127.53,3.0,0,1
C04606,44.0,16.0,mensal,debito_automatico,fibra,nao,119.46,2.0,0,0
C04607,28.0,10.0,anual,cartao,dsl,sim,128.99,0.0,0,0
C04608,59.0,29.0,mensal,cartao,dsl,sim,130.67,2.0,0,1
C04609,27.0,5.0,anual,boleto,fibra,sim,159.63,0.0,1,0
C04610,36.0,21.0,bianual,cartao,sem_internet,nao,55.24,4.0,0,0
C04611,43.0,21.0,anual,cartao,dsl,nao,110.37,1.0,0,0
C04612,68.0,17.0,mensal,pix,fibra,nao,98.8,2.0,0,1
C04613,37.0,26.0,mensal,boleto,fibra,nao,136.14,1.0,0,1
C04614,33.0,16.0,bianual,debito_automatico,fibra,nao,143.17,3.0,0,0
C04615,35.0,33.0,anual,cartao,dsl,sim,121.51,1.0,0,1
C04616,64.0,17.0,bianual,boleto,fibra,nao,148.56,0.0,4,0
C04617,18.0,48.0,mensal,cartao,fibra,sim,181.61,2.0,2,1
C04618,29.0,21.0,anual,cartao,fibra,sim,149.94,0.0,0,0
C04619,78.0,46.0,mensal,cartao,fibra,sim,151.09,1.0,0,0
C04620,50.0,10.0,anual,boleto,fibra,nao,127.96,2.0,2,1
C04621,28.0,6.0,bianual,boleto,dsl,nao,70.64,0.0,3,0
C04622,41.0,33.0,bianual,cartao,sem_internet,sim,120.67,0.0,0,0
C04623,43.0,17.0,mensal,pix,fibra,nao,131.83,1.0,1,0
C04624,53.0,1.0,bianual,pix,fibra,nao,120.7,1.0,0,0
C04625,66.0,8.0,mensal,boleto,fibra,nao,98.85,2.0,1,1
C04626,47.0,24.0,mensal,debito_automatico,fibra,sim,158.78,3.0,0,0
C04627,35.0,16.0,anual,pix,dsl,sim,97.22,3.0,0,1
C04628,52.0,8.0,mensal,boleto,sem_internet,sim,91.4,0.0,2,0
C04629,33.0,17.0,mensal,boleto,dsl,nao,42.47,1.0,0,1
C04630,29.0,20.0,anual,boleto,fibra,nao,140.76,2.0,4,1
C04631,19.0,2.0,anual,boleto,sem_internet,sim,73.64,2.0,1,0
C04632,,45.0,anual,pix,dsl,sim,89.62,1.0,0,0
C04633,30.0,53.0,mensal,pix,fibra,nao,119.75,2.0,0,0
C04634,27.0,8.0,anual,cartao,sem_internet,nao,45.25,2.0,0,0
C04635,46.0,72.0,mensal,cartao,dsl,sim,114.04,1.0,0,0
C04636,26.0,16.0,mensal,pix,dsl,nao,100.7,3.0,0,0
C04637,18.0,9.0,mensal,boleto,fibra,nao,125.71,2.0,3,1
C04638,28.0,9.0,anual,boleto,fibra,nao,131.94,,0,0
C04639,36.0,72.0,mensal,boleto,dsl,nao,76.27,0.0,0,0
C04640,34.0,5.0,mensal,pix,fibra,nao,126.4,1.0,0,0
C04641,,20.0,bianual,debito_automatico,sem_internet,nao,25.37,3.0,0,0
C04642,34.0,23.0,bianual,debito_automatico,fibra,nao,123.87,2.0,1,0
C04643,53.0,33.0,anual,debito_automatico,fibra,sim,143.63,4.0,1,0
C04644,42.0,19.0,anual,boleto,dsl,sim,134.79,0.0,0,0
C04645,41.0,68.0,bianual,cartao,dsl,sim,116.13,0.0,1,0
C04646,31.0,72.0,anual,pix,fibra,sim,164.94,2.0,0,0
C04647,41.0,56.0,mensal,pix,dsl,nao,83.93,0.0,1,0
C04648,32.0,25.0,anual,cartao,dsl,sim,142.09,0.0,1,0
C04649,44.0,39.0,bianual,boleto,dsl,nao,56.59,3.0,2,0
C04650,39.0,13.0,anual,pix,fibra,nao,118.29,1.0,1,1
C04651,30.0,46.0,mensal,cartao,dsl,nao,65.6,1.0,0,1
C04652,55.0,10.0,bianual,cartao,dsl,sim,84.26,0.0,1,0
C04653,,6.0,anual,boleto,dsl,sim,99.62,0.0,1,0
C04654,36.0,6.0,mensal,boleto,dsl,sim,132.58,2.0,0,0
C04655,44.0,30.0,bianual,debito_automatico,fibra,nao,119.55,2.0,0,0
C04656,41.0,62.0,anual,debito_automatico,fibra,sim,151.7,1.0,0,0
C04657,31.0,66.0,bianual,boleto,fibra,sim,166.6,1.0,2,0
C04658,43.0,41.0,bianual,boleto,fibra,sim,156.73,3.0,2,0
C04659,34.0,6.0,mensal,cartao,dsl,nao,89.2,0.0,0,0
C04660,30.0,72.0,anual,cartao,dsl,nao,84.84,0.0,0,0
C04661,21.0,4.0,mensal,cartao,sem_internet,nao,53.14,0.0,0,0
C04662,37.0,2.0,bianual,boleto,dsl,sim,108.25,1.0,1,0
C04663,49.0,42.0,bianual,pix,dsl,sim,130.71,0.0,1,0
C04664,33.0,12.0,bianual,pix,dsl,nao,61.82,3.0,0,0
C04665,75.0,11.0,anual,cartao,fibra,sim,153.71,2.0,1,0
C04666,54.0,8.0,anual,debito_automatico,dsl,sim,131.45,3.0,0,0
C04667,59.0,9.0,mensal,pix,fibra,nao,117.69,4.0,0,1
C04668,52.0,43.0,mensal,boleto,fibra,nao,113.54,1.0,0,1
C04669,66.0,6.0,mensal,pix,sem_internet,nao,79.33,1.0,1,0
C04670,32.0,16.0,bianual,cartao,dsl,nao,101.28,1.0,0,0
C04671,18.0,5.0,anual,debito_automatico,fibra,sim,157.12,1.0,0,1
C04672,36.0,20.0,anual,cartao,dsl,sim,100.44,0.0,0,0
C04673,49.0,11.0,mensal,boleto,sem_internet,sim,49.47,1.0,1,0
C04674,44.0,27.0,anual,pix,fibra,sim,165.63,1.0,0,0
C04675,46.0,31.0,mensal,debito_automatico,sem_internet,nao,63.99,2.0,1,0
C04676,,63.0,bianual,boleto,sem_internet,nao,50.94,1.0,2,0
C04677,47.0,72.0,bianual,debito_automatico,dsl,nao,54.34,0.0,2,0
C04678,52.0,9.0,mensal,pix,fibra,nao,122.4,1.0,0,1
C04679,30.0,34.0,bianual,pix,fibra,nao,112.7,3.0,0,0
C04680,28.0,11.0,mensal,debito_automatico,fibra,nao,122.42,2.0,0,0
C04681,63.0,30.0,mensal,boleto,fibra,sim,184.15,0.0,2,1
C04682,43.0,29.0,anual,cartao,dsl,sim,126.84,1.0,1,1
C04683,34.0,28.0,anual,boleto,sem_internet,nao,53.64,0.0,0,0
C04684,34.0,36.0,mensal,pix,fibra,sim,154.32,2.0,0,0
C04685,34.0,21.0,mensal,pix,fibra,sim,161.22,1.0,1,0
C04686,33.0,12.0,mensal,pix,dsl,nao,69.15,3.0,0,1
C04687,25.0,20.0,mensal,boleto,fibra,sim,163.32,1.0,1,1
C04688,22.0,72.0,mensal,pix,dsl,nao,77.1,3.0,0,0
C04689,39.0,10.0,mensal,pix,sem_internet,sim,67.67,5.0,1,1
C04690,34.0,13.0,bianual,debito_automatico,fibra,nao,132.23,,0,0
C04691,56.0,8.0,mensal,pix,fibra,nao,86.53,2.0,1,0
C04692,46.0,1.0,mensal,cartao,dsl,sim,106.83,1.0,3,1
C04693,45.0,17.0,mensal,cartao,fibra,sim,164.2,1.0,0,0
C04694,32.0,32.0,mensal,boleto,sem_internet,nao,63.37,1.0,0,0
C04695,40.0,7.0,anual,boleto,sem_internet,nao,52.08,0.0,1,0
C04696,47.0,55.0,mensal,boleto,fibra,sim,144.92,0.0,1,0
C04697,51.0,27.0,mensal,debito_automatico,dsl,sim,114.24,0.0,0,0
C04698,41.0,44.0,bianual,cartao,dsl,sim,119.37,0.0,0,0
C04699,56.0,24.0,anual,boleto,fibra,sim,178.41,4.0,0,0
C04700,42.0,15.0,mensal,boleto,fibra,nao,133.81,2.0,1,1
C04701,52.0,13.0,mensal,debito_automatico,sem_internet,sim,93.92,1.0,0,0
C04702,36.0,23.0,bianual,pix,fibra,nao,120.98,2.0,1,0
C04703,18.0,25.0,anual,cartao,dsl,nao,63.94,0.0,2,0
C04704,45.0,11.0,bianual,pix,fibra,nao,98.91,3.0,0,0
C04705,51.0,15.0,mensal,pix,fibra,sim,150.48,,1,0
C04706,49.0,72.0,anual,debito_automatico,sem_internet,nao,55.49,1.0,1,0
C04707,47.0,20.0,mensal,debito_automatico,dsl,nao,72.47,1.0,2,1
C04708,37.0,22.0,mensal,debito_automatico,dsl,sim,123.58,0.0,0,0
C04709,32.0,64.0,anual,pix,fibra,sim,143.08,2.0,0,1
C04710,,26.0,anual,cartao,sem_internet,nao,35.39,1.0,0,0
C04711,48.0,18.0,mensal,pix,fibra,nao,141.12,5.0,0,0
C04712,35.0,43.0,mensal,cartao,dsl,sim,126.5,2.0,0,0
C04713,56.0,35.0,anual,boleto,fibra,nao,115.4,2.0,1,1
C04714,31.0,23.0,mensal,debito_automatico,dsl,sim,102.54,1.0,1,1
C04715,34.0,25.0,mensal,pix,dsl,sim,129.23,1.0,1,1
C04716,63.0,14.0,mensal,pix,fibra,sim,168.15,2.0,0,1
C04717,,5.0,mensal,pix,dsl,sim,124.59,2.0,1,1
C04718,37.0,31.0,bianual,debito_automatico,fibra,nao,117.33,2.0,0,0
C04719,46.0,3.0,mensal,cartao,dsl,nao,63.58,0.0,0,1
C04720,44.0,5.0,mensal,pix,dsl,sim,114.78,1.0,0,0
C04721,18.0,15.0,anual,boleto,sem_internet,nao,66.11,,1,0
C04722,30.0,13.0,mensal,boleto,fibra,nao,106.36,2.0,1,0
C04723,41.0,34.0,anual,cartao,fibra,nao,120.71,3.0,1,0
C04724,37.0,41.0,mensal,debito_automatico,fibra,sim,179.54,4.0,0,0
C04725,45.0,72.0,bianual,debito_automatico,fibra,sim,150.44,2.0,0,0
C04726,57.0,2.0,anual,pix,dsl,nao,78.09,0.0,0,0
C04727,38.0,28.0,anual,boleto,fibra,sim,134.74,3.0,2,1
C04728,28.0,27.0,mensal,pix,fibra,sim,164.35,5.0,1,1
C04729,46.0,24.0,bianual,debito_automatico,fibra,nao,108.89,2.0,1,0
C04730,38.0,31.0,anual,pix,dsl,nao,56.68,1.0,2,1
C04731,40.0,37.0,mensal,cartao,dsl,nao,65.7,3.0,1,1
C04732,38.0,57.0,mensal,debito_automatico,fibra,sim,158.13,0.0,1,1
C04733,71.0,25.0,mensal,pix,sem_internet,nao,21.3,0.0,1,0
C04734,18.0,70.0,mensal,cartao,fibra,sim,134.21,1.0,1,0
C04735,37.0,25.0,mensal,boleto,dsl,nao,88.39,2.0,0,1
C04736,42.0,12.0,bianual,boleto,fibra,sim,153.91,2.0,1,0
C04737,32.0,23.0,bianual,boleto,dsl,nao,66.29,1.0,0,0
C04738,54.0,7.0,mensal,cartao,fibra,nao,115.18,1.0,1,0
C04739,53.0,8.0,bianual,debito_automatico,sem_internet,nao,71.07,0.0,0,0
C04740,41.0,16.0,anual,debito_automatico,dsl,nao,99.23,0.0,0,0
C04741,38.0,14.0,mensal,debito_automatico,dsl,sim,113.39,0.0,0,0
C04742,41.0,55.0,bianual,boleto,dsl,nao,92.24,1.0,0,0
C04743,41.0,16.0,anual,boleto,fibra,sim,156.82,1.0,0,0
C04744,41.0,6.0,anual,pix,fibra,nao,93.39,3.0,0,0
C04745,40.0,19.0,mensal,pix,sem_internet,sim,50.7,2.0,0,0
C04746,45.0,25.0,mensal,debito_automatico,dsl,sim,101.36,0.0,0,0
C04747,52.0,21.0,bianual,debito_automatico,fibra,sim,131.36,0.0,1,0
C04748,26.0,6.0,mensal,pix,fibra,nao,124.07,3.0,1,1
C04749,28.0,60.0,mensal,pix,fibra,nao,111.75,2.0,1,0
C04750,19.0,2.0,mensal,debito_automatico,dsl,nao,86.38,,0,0
C04751,53.0,21.0,mensal,cartao,dsl,sim,121.61,2.0,0,1
C04752,45.0,5.0,mensal,boleto,dsl,sim,125.35,1.0,1,0
C04753,49.0,45.0,bianual,debito_automatico,fibra,nao,106.04,2.0,0,0
C04754,23.0,28.0,mensal,cartao,sem_internet,sim,87.74,2.0,1,0
C04755,65.0,25.0,bianual,boleto,fibra,nao,105.67,2.0,2,0
C04756,34.0,15.0,anual,boleto,fibra,nao,130.67,2.0,2,1
C04757,44.0,56.0,mensal,pix,sem_internet,nao,63.34,0.0,0,0
C04758,53.0,15.0,mensal,boleto,dsl,sim,125.85,2.0,2,1
C04759,29.0,72.0,mensal,pix,dsl,sim,112.34,0.0,1,0
C04760,35.0,7.0,bianual,pix,sem_internet,nao,53.5,2.0,1,0
C04761,44.0,19.0,anual,debito_automatico,fibra,nao,97.0,3.0,0,0
C04762,79.0,36.0,mensal,boleto,fibra,nao,93.62,2.0,2,0
C04763,46.0,30.0,bianual,pix,fibra,sim,162.0,0.0,0,0
C04764,63.0,18.0,bianual,debito_automatico,fibra,nao,139.62,2.0,0,0
C04765,58.0,2.0,mensal,cartao,dsl,nao,61.53,1.0,4,1
C04766,47.0,22.0,anual,debito_automatico,dsl,sim,115.23,0.0,1,0
C04767,29.0,13.0,anual,boleto,fibra,sim,161.58,2.0,2,0
C04768,56.0,10.0,bianual,debito_automatico,dsl,nao,70.78,1.0,0,0
C04769,23.0,38.0,mensal,pix,fibra,sim,149.91,0.0,1,0
C04770,63.0,1.0,mensal,cartao,fibra,nao,129.2,3.0,1,1
C04771,45.0,18.0,mensal,pix,fibra,sim,156.62,1.0,0,1
C04772,18.0,30.0,mensal,cartao,dsl,nao,81.69,0.0,2,0
C04773,38.0,38.0,mensal,pix,fibra,nao,105.27,0.0,0,0
C04774,51.0,22.0,anual,pix,sem_internet,nao,44.53,0.0,0,0
C04775,39.0,12.0,mensal,boleto,sem_internet,nao,39.03,4.0,2,1
C04776,51.0,55.0,mensal,pix,dsl,sim,109.83,0.0,0,0
C04777,31.0,58.0,anual,pix,dsl,sim,106.88,0.0,0,0
C04778,25.0,26.0,mensal,cartao,dsl,sim,114.59,0.0,0,0
C04779,41.0,65.0,mensal,pix,sem_internet,nao,31.98,0.0,2,0
C04780,42.0,7.0,anual,boleto,dsl,sim,115.18,0.0,3,1
C04781,37.0,17.0,bianual,boleto,fibra,nao,114.52,0.0,4,0
C04782,58.0,1.0,mensal,boleto,fibra,nao,106.02,2.0,1,1
C04783,31.0,5.0,bianual,cartao,dsl,nao,50.77,1.0,0,0
C04784,46.0,4.0,bianual,boleto,fibra,nao,134.21,0.0,1,1
C04785,43.0,30.0,anual,boleto,dsl,nao,91.19,2.0,3,0
C04786,22.0,5.0,bianual,pix,sem_internet,nao,32.93,1.0,1,0
C04787,25.0,9.0,mensal,cartao,fibra,sim,165.23,4.0,0,1
C04788,,10.0,mensal,pix,fibra,sim,139.63,2.0,1,1
C04789,68.0,4.0,bianual,boleto,fibra,nao,115.39,4.0,3,0
C04790,50.0,20.0,mensal,boleto,fibra,sim,147.05,1.0,2,0
C04791,20.0,24.0,mensal,pix,dsl,nao,75.84,1.0,0,1
C04792,18.0,3.0,mensal,cartao,fibra,nao,129.69,2.0,0,1
C04793,52.0,34.0,mensal,cartao,fibra,nao,113.97,0.0,0,0
C04794,41.0,7.0,mensal,pix,dsl,sim,109.91,0.0,1,1
C04795,57.0,10.0,mensal,cartao,fibra,sim,166.15,3.0,0,1
C04796,,28.0,bianual,cartao,fibra,nao,120.93,1.0,1,0
C04797,47.0,10.0,mensal,debito_automatico,fibra,sim,146.12,2.0,0,0
C04798,53.0,5.0,bianual,boleto,dsl,sim,118.61,2.0,2,0
C04799,36.0,19.0,mensal,debito_automatico,fibra,nao,134.89,1.0,1,0
C04800,36.0,45.0,mensal,cartao,fibra,nao,135.84,3.0,0,1
C04801,42.0,41.0,bianual,boleto,fibra,sim,135.13,1.0,1,0
C04802,49.0,9.0,mensal,cartao,dsl,nao,60.88,0.0,0,0
C04803,42.0,6.0,mensal,cartao,dsl,nao,94.99,0.0,1,1
C04804,55.0,8.0,bianual,debito_automatico,fibra,sim,150.69,3.0,1,1
C04805,36.0,41.0,mensal,pix,dsl,nao,47.0,0.0,0,0
C04806,25.0,8.0,mensal,pix,dsl,nao,69.05,2.0,0,0
C04807,68.0,63.0,bianual,cartao,sem_internet,sim,73.41,0.0,0,0
C04808,34.0,28.0,mensal,pix,dsl,nao,75.31,1.0,1,0
C04809,35.0,17.0,anual,pix,dsl,sim,126.47,2.0,0,0
C04810,41.0,9.0,mensal,boleto,fibra,nao,106.06,2.0,3,1
C04811,43.0,19.0,mensal,boleto,fibra,nao,134.03,4.0,0,1
C04812,37.0,5.0,mensal,boleto,sem_internet,nao,49.28,0.0,1,0
C04813,42.0,3.0,anual,boleto,fibra,sim,135.7,1.0,2,0
C04814,41.0,28.0,mensal,cartao,fibra,nao,115.21,1.0,0,0
C04815,44.0,17.0,bianual,cartao,dsl,nao,87.42,1.0,0,0
C04816,18.0,35.0,anual,pix,sem_internet,nao,45.59,1.0,0,0
C04817,66.0,23.0,anual,cartao,fibra,sim,160.68,2.0,0,1
C04818,40.0,9.0,mensal,boleto,sem_internet,sim,71.19,0.0,2,1
C04819,50.0,41.0,anual,pix,fibra,nao,128.32,3.0,0,0
C04820,24.0,10.0,anual,cartao,sem_internet,sim,74.02,1.0,0,0
C04821,36.0,50.0,mensal,boleto,sem_internet,nao,83.19,1.0,1,0
C04822,33.0,10.0,bianual,boleto,dsl,nao,60.21,2.0,0,0
C04823,61.0,3.0,mensal,debito_automatico,sem_internet,nao,85.47,2.0,1,0
C04824,34.0,58.0,bianual,cartao,sem_internet,sim,65.73,1.0,1,0
C04825,52.0,10.0,bianual,debito_automatico,sem_internet,nao,64.07,,2,0
C04826,34.0,10.0,mensal,pix,dsl,sim,127.41,3.0,0,1
C04827,36.0,4.0,mensal,debito_automatico,fibra,sim,141.36,2.0,3,1
C04828,39.0,16.0,mensal,pix,fibra,nao,128.99,3.0,1,1
C04829,59.0,4.0,mensal,debito_automatico,fibra,sim,147.56,1.0,0,1
C04830,18.0,55.0,bianual,debito_automatico,dsl,sim,119.12,0.0,0,0
C04831,25.0,12.0,mensal,boleto,fibra,nao,122.22,3.0,0,1
C04832,18.0,6.0,anual,cartao,sem_internet,nao,39.76,2.0,1,1
C04833,28.0,18.0,bianual,cartao,fibra,nao,113.51,0.0,1,0
C04834,31.0,72.0,bianual,cartao,fibra,sim,160.11,0.0,3,0
C04835,21.0,19.0,mensal,cartao,fibra,nao,106.44,4.0,1,1
C04836,32.0,14.0,bianual,debito_automatico,fibra,sim,142.01,1.0,2,1
C04837,18.0,18.0,mensal,cartao,fibra,sim,169.32,3.0,0,1
C04838,29.0,36.0,mensal,debito_automatico,dsl,nao,86.43,0.0,0,0
C04839,58.0,34.0,mensal,cartao,fibra,nao,100.4,3.0,0,0
C04840,47.0,23.0,anual,pix,dsl,nao,64.95,0.0,1,0
C04841,44.0,42.0,mensal,cartao,fibra,nao,87.95,2.0,0,0
C04842,29.0,19.0,mensal,debito_automatico,dsl,sim,128.65,1.0,0,0
C04843,22.0,15.0,mensal,debito_automatico,dsl,nao,90.33,1.0,2,1
C04844,27.0,19.0,bianual,cartao,fibra,sim,138.67,1.0,0,1
C04845,41.0,10.0,anual,pix,fibra,nao,129.74,1.0,0,1
C04846,53.0,37.0,anual,pix,dsl,nao,109.78,0.0,0,0
C04847,54.0,9.0,anual,pix,dsl,nao,56.91,1.0,0,0
C04848,50.0,25.0,mensal,pix,fibra,nao,110.77,0.0,0,1
C04849,32.0,8.0,mensal,cartao,dsl,nao,56.58,0.0,0,0
C04850,42.0,34.0,mensal,pix,fibra,sim,169.23,0.0,0,0
C04851,38.0,17.0,mensal,pix,fibra,nao,118.56,1.0,0,1
C04852,39.0,37.0,bianual,pix,fibra,nao,114.03,2.0,3,0
C04853,68.0,1.0,mensal,pix,dsl,sim,118.41,0.0,0,0
C04854,19.0,9.0,anual,debito_automatico,fibra,nao,111.65,1.0,0,0
C04855,39.0,6.0,bianual,cartao,dsl,sim,108.98,0.0,0,0
C04856,58.0,72.0,bianual,debito_automatico,fibra,sim,159.12,1.0,1,0
C04857,23.0,11.0,mensal,cartao,fibra,nao,110.85,0.0,0,0
C04858,34.0,3.0,bianual,debito_automatico,fibra,nao,112.97,1.0,0,0
C04859,35.0,24.0,anual,cartao,fibra,nao,117.65,1.0,0,0
C04860,39.0,6.0,mensal,debito_automatico,dsl,sim,116.37,3.0,1,0
C04861,21.0,40.0,anual,cartao,dsl,sim,124.02,2.0,0,0
C04862,50.0,46.0,mensal,cartao,fibra,sim,163.75,3.0,0,0
C04863,51.0,6.0,bianual,boleto,fibra,sim,132.51,1.0,2,0
C04864,49.0,8.0,anual,cartao,fibra,nao,141.12,2.0,1,0
C04865,31.0,22.0,anual,debito_automatico,sem_internet,nao,45.89,1.0,0,0
C04866,43.0,41.0,bianual,cartao,dsl,nao,75.03,1.0,3,0
C04867,30.0,25.0,anual,boleto,dsl,sim,101.45,2.0,1,0
C04868,38.0,11.0,mensal,cartao,fibra,nao,149.84,5.0,1,1
C04869,70.0,3.0,mensal,cartao,dsl,sim,150.4,1.0,1,1
C04870,,67.0,bianual,boleto,dsl,sim,142.99,2.0,2,0
C04871,27.0,25.0,anual,cartao,dsl,sim,116.82,1.0,1,0
C04872,44.0,72.0,bianual,debito_automatico,fibra,sim,160.16,3.0,0,0
C04873,24.0,28.0,mensal,debito_automatico,fibra,nao,142.37,4.0,0,1
C04874,26.0,71.0,mensal,pix,fibra,nao,116.39,0.0,0,0
C04875,28.0,7.0,bianual,boleto,sem_internet,nao,53.12,0.0,2,0
C04876,36.0,8.0,anual,cartao,fibra,sim,158.41,1.0,0,0
C04877,54.0,14.0,mensal,boleto,dsl,nao,108.78,1.0,1,0
C04878,50.0,7.0,mensal,debito_automatico,sem_internet,nao,66.54,1.0,0,0
C04879,,2.0,bianual,boleto,dsl,nao,77.93,1.0,0,1
C04880,28.0,9.0,anual,boleto,fibra,sim,177.88,2.0,0,0
C04881,35.0,28.0,mensal,debito_automatico,fibra,nao,119.94,0.0,0,0
C04882,46.0,4.0,mensal,cartao,dsl,nao,71.81,0.0,0,0
C04883,34.0,5.0,mensal,cartao,sem_internet,nao,40.72,1.0,0,0
C04884,38.0,10.0,mensal,debito_automatico,sem_internet,sim,82.21,2.0,1,0
C04885,48.0,6.0,mensal,pix,fibra,sim,143.22,3.0,1,0
C04886,37.0,10.0,mensal,cartao,sem_internet,nao,37.24,1.0,0,1
C04887,45.0,16.0,bianual,cartao,fibra,sim,133.35,3.0,1,0
C04888,,4.0,mensal,cartao,dsl,nao,67.66,2.0,1,1
C04889,40.0,10.0,bianual,boleto,fibra,nao,123.52,0.0,2,0
C04890,57.0,17.0,mensal,boleto,fibra,nao,135.63,1.0,1,0
C04891,49.0,7.0,mensal,cartao,dsl,sim,128.71,1.0,1,0
C04892,23.0,3.0,mensal,boleto,fibra,nao,126.45,2.0,0,1
C04893,28.0,8.0,mensal,boleto,sem_internet,sim,57.06,2.0,1,0
C04894,31.0,12.0,anual,debito_automatico,fibra,nao,107.08,3.0,0,0
C04895,31.0,2.0,bianual,pix,sem_internet,nao,42.04,1.0,1,0
C04896,41.0,28.0,anual,boleto,fibra,sim,169.44,2.0,0,0
C04897,50.0,13.0,anual,debito_automatico,fibra,sim,146.65,1.0,0,0
C04898,58.0,8.0,bianual,pix,fibra,nao,101.7,0.0,1,0
C04899,46.0,2.0,anual,cartao,dsl,nao,101.72,0.0,2,0
C04900,36.0,25.0,anual,debito_automatico,dsl,sim,103.98,2.0,0,0
C04901,18.0,46.0,anual,boleto,fibra,sim,138.08,2.0,1,0
C04902,,9.0,mensal,pix,fibra,nao,123.41,2.0,1,1
C04903,42.0,72.0,mensal,boleto,fibra,sim,154.25,1.0,0,0
C04904,44.0,16.0,anual,cartao,dsl,sim,107.5,1.0,0,0
C04905,69.0,17.0,anual,pix,dsl,nao,80.01,2.0,0,0
C04906,58.0,36.0,mensal,debito_automatico,dsl,sim,101.11,1.0,0,0
C04907,52.0,27.0,bianual,boleto,fibra,sim,147.33,1.0,3,0
C04908,29.0,4.0,mensal,pix,fibra,nao,119.46,1.0,0,1
C04909,35.0,9.0,anual,pix,fibra,nao,89.46,3.0,0,1
C04910,41.0,41.0,bianual,cartao,sem_internet,nao,59.33,2.0,1,0
C04911,32.0,27.0,mensal,boleto,dsl,sim,94.41,2.0,1,1
C04912,49.0,72.0,bianual,cartao,fibra,nao,105.92,2.0,0,0
C04913,47.0,23.0,bianual,pix,dsl,sim,130.0,1.0,0,1
C04914,28.0,28.0,anual,boleto,dsl,nao,88.54,0.0,1,0
C04915,58.0,7.0,bianual,cartao,fibra,sim,156.31,4.0,0,0
C04916,43.0,45.0,anual,boleto,fibra,sim,129.38,1.0,1,0
C04917,20.0,0.0,mensal,boleto,dsl,nao,70.91,0.0,1,0
C04918,41.0,20.0,anual,cartao,dsl,sim,111.76,3.0,0,0
C04919,46.0,29.0,mensal,cartao,fibra,nao,117.85,0.0,0,0
C04920,55.0,22.0,mensal,boleto,fibra,nao,137.12,1.0,2,1
C04921,38.0,16.0,mensal,boleto,fibra,sim,184.91,3.0,0,1
C04922,53.0,15.0,mensal,boleto,dsl,nao,89.22,2.0,0,1
C04923,44.0,17.0,bianual,boleto,fibra,nao,111.98,0.0,2,1
C04924,25.0,5.0,bianual,boleto,fibra,sim,173.22,0.0,2,0
C04925,24.0,22.0,bianual,debito_automatico,fibra,sim,146.16,1.0,0,0
C04926,57.0,8.0,mensal,boleto,sem_internet,nao,20.0,1.0,3,1
C04927,58.0,9.0,anual,cartao,fibra,sim,136.26,1.0,0,0
C04928,46.0,4.0,anual,debito_automatico,fibra,nao,84.42,2.0,2,0
C04929,61.0,72.0,mensal,debito_automatico,fibra,nao,114.24,2.0,0,0
C04930,56.0,21.0,anual,debito_automatico,dsl,sim,112.33,1.0,0,0
C04931,51.0,3.0,mensal,pix,sem_internet,nao,21.11,0.0,0,0
C04932,30.0,19.0,bianual,cartao,sem_internet,nao,32.19,1.0,0,0
C04933,65.0,45.0,mensal,boleto,fibra,sim,133.6,3.0,1,0
C04934,49.0,22.0,bianual,boleto,fibra,sim,153.09,3.0,1,1
C04935,37.0,16.0,bianual,boleto,fibra,sim,142.2,1.0,0,0
C04936,33.0,7.0,anual,pix,dsl,nao,95.15,0.0,1,0
C04937,45.0,22.0,mensal,debito_automatico,dsl,nao,82.55,4.0,1,1
C04938,20.0,33.0,mensal,pix,fibra,nao,144.07,1.0,0,0
C04939,51.0,33.0,bianual,pix,dsl,nao,73.18,1.0,0,0
C04940,30.0,20.0,mensal,pix,fibra,nao,152.17,1.0,1,1
C04941,47.0,20.0,mensal,cartao,dsl,sim,115.04,2.0,0,0
C04942,35.0,51.0,bianual,pix,fibra,nao,112.07,2.0,0,0
C04943,,47.0,anual,cartao,fibra,sim,191.13,0.0,1,1
C04944,32.0,14.0,anual,boleto,fibra,sim,127.57,0.0,1,1
C04945,40.0,69.0,mensal,cartao,fibra,sim,146.71,1.0,0,0
C04946,67.0,3.0,mensal,pix,fibra,sim,130.02,3.0,0,1
C04947,60.0,21.0,bianual,pix,dsl,nao,52.43,2.0,0,1
C04948,47.0,23.0,mensal,cartao,dsl,nao,48.99,0.0,0,0
C04949,42.0,6.0,mensal,pix,dsl,nao,89.25,0.0,0,1
C04950,53.0,2.0,mensal,cartao,fibra,sim,135.06,1.0,0,0
C04951,57.0,7.0,anual,debito_automatico,sem_internet,sim,76.18,1.0,1,0
C04952,31.0,38.0,mensal,cartao,sem_internet,nao,58.38,0.0,1,0
C04953,41.0,39.0,bianual,boleto,dsl,nao,86.95,1.0,1,0
C04954,18.0,31.0,mensal,cartao,dsl,nao,86.21,0.0,1,0
C04955,57.0,8.0,mensal,pix,dsl,sim,133.21,1.0,1,1
C04956,69.0,40.0,bianual,pix,dsl,sim,139.14,2.0,1,0
C04957,43.0,8.0,bianual,cartao,fibra,nao,101.22,1.0,1,0
C04958,18.0,22.0,anual,boleto,dsl,sim,122.25,2.0,0,1
C04959,50.0,17.0,bianual,boleto,fibra,sim,150.92,0.0,2,0
C04960,30.0,11.0,mensal,pix,dsl,nao,77.8,,0,0
C04961,33.0,30.0,mensal,cartao,dsl,nao,57.33,0.0,0,0
C04962,50.0,35.0,mensal,debito_automatico,sem_internet,sim,72.02,4.0,2,0
C04963,45.0,7.0,mensal,boleto,fibra,nao,113.66,1.0,1,1
C04964,36.0,18.0,anual,boleto,dsl,sim,136.45,1.0,0,1
C04965,34.0,33.0,bianual,pix,dsl,nao,62.67,3.0,0,0
C04966,44.0,25.0,mensal,debito_automatico,sem_internet,sim,44.22,0.0,0,0
C04967,37.0,34.0,mensal,boleto,sem_internet,nao,44.91,2.0,1,0
C04968,28.0,26.0,bianual,boleto,fibra,nao,101.15,1.0,0,0
C04969,38.0,27.0,anual,boleto,sem_internet,nao,42.91,0.0,1,0
C04970,,16.0,mensal,boleto,sem_internet,nao,54.91,1.0,0,1
C04971,40.0,32.0,mensal,boleto,sem_internet,nao,43.5,3.0,1,0
C04972,24.0,4.0,mensal,debito_automatico,dsl,nao,73.53,1.0,0,0
C04973,55.0,7.0,mensal,cartao,dsl,nao,77.65,0.0,0,1
C04974,18.0,26.0,mensal,cartao,fibra,sim,167.71,1.0,0,1
C04975,36.0,32.0,mensal,cartao,fibra,nao,102.68,3.0,0,0
C04976,34.0,45.0,mensal,cartao,fibra,nao,130.93,1.0,0,0
C04977,44.0,61.0,mensal,cartao,dsl,nao,64.93,1.0,0,0
C04978,49.0,8.0,mensal,pix,sem_internet,nao,54.03,1.0,2,0
C04979,57.0,5.0,mensal,boleto,dsl,nao,56.85,0.0,0,0
C04980,33.0,37.0,mensal,pix,fibra,nao,128.14,1.0,1,0
C04981,50.0,11.0,bianual,cartao,dsl,nao,78.47,0.0,2,0
C04982,45.0,16.0,anual,boleto,dsl,nao,81.45,1.0,1,0
C04983,20.0,34.0,mensal,boleto,fibra,nao,134.38,3.0,1,1
C04984,67.0,21.0,mensal,debito_automatico,dsl,nao,67.68,1.0,1,0
C04985,23.0,31.0,anual,cartao,dsl,nao,79.62,2.0,0,1
C04986,47.0,7.0,mensal,pix,dsl,nao,84.55,0.0,0,0
C04987,47.0,23.0,anual,boleto,dsl,nao,75.51,3.0,0,0
C04988,46.0,23.0,bianual,debito_automatico,fibra,sim,165.75,2.0,0,0
C04989,36.0,45.0,mensal,boleto,fibra,sim,159.95,1.0,0,0
C04990,53.0,53.0,mensal,boleto,dsl,nao,71.3,0.0,2,0
C04991,22.0,11.0,mensal,debito_automatico,sem_internet,nao,63.91,1.0,0,0
C04992,41.0,6.0,anual,boleto,fibra,sim,163.43,0.0,2,1
C04993,35.0,33.0,mensal,cartao,dsl,nao,67.36,1.0,0,0
C04994,33.0,2.0,anual,debito_automatico,dsl,sim,102.21,3.0,0,1
C04995,48.0,35.0,mensal,debito_automatico,fibra,nao,116.71,4.0,0,0
C04996,56.0,37.0,anual,debito_automatico,fibra,nao,126.71,3.0,0,0
C04997,38.0,10.0,anual,boleto,fibra,nao,86.8,1.0,4,1
C04998,52.0,0.0,mensal,boleto,fibra,nao,107.99,2.0,0,1
C04999,43.0,40.0,bianual,cartao,fibra,nao,111.34,3.0,2,0
C05000,30.0,56.0,bianual,boleto,dsl,sim,93.44,3.0,0,0
