id_contrato,idade,renda_mensal,tempo_emprego_anos,score_credito,dividas_ativas,possui_imovel,finalidade,prazo_meses,valor_emprestimo,inadimplente
E00001,39.0,2060.0,6.3,533.0,0,sim,veiculo,36,4400.0,0
E00002,33.0,4910.0,4.5,584.0,0,nao,educacao,24,24600.0,0
E00003,45.0,1690.0,7.4,662.0,0,nao,veiculo,60,7300.0,0
E00004,48.0,7560.0,18.5,622.0,2,sim,educacao,48,4300.0,0
E00005,55.0,1800.0,0.4,797.0,2,sim,pessoal,12,1000.0,0
E00006,60.0,1300.0,2.0,636.0,3,sim,pessoal,48,6500.0,0
E00007,37.0,5390.0,15.4,532.0,4,nao,veiculo,12,8000.0,0
E00008,34.0,3410.0,12.6,516.0,0,nao,reforma,36,9700.0,0
E00009,46.0,,8.5,853.0,2,nao,pessoal,60,7400.0,1
E00010,25.0,2740.0,2.8,688.0,0,nao,reforma,36,16400.0,0
E00011,59.0,6300.0,19.2,546.0,3,sim,veiculo,36,22600.0,0
E00012,30.0,4830.0,6.1,839.0,0,sim,negocio,24,24600.0,0
E00013,41.0,3310.0,3.4,606.0,0,sim,pessoal,36,6100.0,0
E00014,24.0,4150.0,15.2,459.0,1,nao,negocio,48,10800.0,1
E00015,32.0,3690.0,5.5,534.0,1,nao,veiculo,36,17700.0,1
E00016,48.0,2100.0,8.0,619.0,2,sim,pessoal,36,12100.0,0
E00017,29.0,1630.0,5.7,608.0,1,nao,negocio,36,4800.0,0
E00018,35.0,3750.0,10.4,671.0,2,nao,pessoal,12,9400.0,0
E00019,60.0,6160.0,3.7,865.0,3,sim,negocio,48,23100.0,0
E00020,46.0,3430.0,10.6,601.0,0,nao,veiculo,24,16100.0,0
E00021,36.0,5080.0,4.8,641.0,0,nao,negocio,36,16700.0,0
E00022,24.0,8100.0,14.5,565.0,1,nao,veiculo,48,15600.0,0
E00023,55.0,1880.0,2.1,650.0,1,nao,veiculo,24,10800.0,0
E00024,60.0,6460.0,5.7,921.0,2,nao,educacao,12,33400.0,0
E00025,18.0,1630.0,7.1,487.0,0,nao,educacao,24,9200.0,0
E00026,23.0,15410.0,11.3,408.0,0,nao,pessoal,36,79400.0,1
E00027,50.0,3060.0,4.4,515.0,0,sim,pessoal,60,6900.0,1
E00028,32.0,8100.0,2.9,501.0,1,nao,veiculo,24,15500.0,1
E00029,52.0,4440.0,6.1,662.0,2,sim,veiculo,60,22700.0,0
E00030,33.0,2330.0,10.0,766.0,1,nao,veiculo,36,13900.0,0
E00031,56.0,1300.0,6.2,661.0,0,nao,veiculo,48,3600.0,0
E00032,24.0,4950.0,1.3,709.0,2,sim,reforma,12,11400.0,1
E00033,37.0,4430.0,12.0,651.0,0,nao,pessoal,24,7000.0,0
E00034,37.0,4910.0,5.0,600.0,1,nao,pessoal,36,23700.0,0
E00035,48.0,2880.0,3.6,666.0,2,nao,veiculo,24,12600.0,0
E00036,40.0,4260.0,6.2,488.0,0,sim,reforma,48,23100.0,0
E00037,37.0,5660.0,6.2,897.0,0,nao,pessoal,48,18100.0,0
E00038,36.0,7280.0,5.7,619.0,0,sim,veiculo,24,32700.0,0
E00039,18.0,4160.0,5.3,587.0,2,nao,veiculo,60,17300.0,0
E00040,35.0,1370.0,2.3,547.0,1,sim,pessoal,24,1500.0,0
E00041,30.0,3840.0,4.7,637.0,0,nao,pessoal,24,7100.0,0
E00042,46.0,2880.0,2.7,685.0,1,nao,reforma,36,13900.0,0
E00043,32.0,4800.0,4.2,654.0,1,nao,pessoal,24,28100.0,0
E00044,48.0,4600.0,9.5,644.0,3,nao,pessoal,48,15000.0,0
E00045,34.0,6180.0,,573.0,1,nao,reforma,60,32700.0,0
E00046,38.0,2740.0,1.2,650.0,2,sim,veiculo,36,12100.0,0
E00047,40.0,2730.0,3.2,851.0,2,nao,pessoal,48,2100.0,0
E00048,32.0,7630.0,9.3,595.0,1,nao,educacao,36,28800.0,0
E00049,41.0,2200.0,6.6,766.0,2,sim,pessoal,36,9000.0,0
E00050,22.0,3860.0,2.9,599.0,0,sim,pessoal,36,7400.0,0
E00051,46.0,4210.0,8.0,634.0,0,sim,veiculo,36,8100.0,0
E00052,42.0,1300.0,11.9,753.0,3,nao,pessoal,24,7700.0,0
E00053,46.0,4290.0,4.8,371.0,1,sim,pessoal,24,3300.0,0
E00054,54.0,4200.0,2.9,717.0,0,nao,veiculo,60,9700.0,0
E00055,63.0,,3.0,545.0,2,nao,pessoal,48,20300.0,0
E00056,36.0,2390.0,3.5,635.0,1,sim,pessoal,36,3600.0,0
E00057,31.0,2060.0,7.0,668.0,2,nao,veiculo,36,4600.0,0
E00058,35.0,1880.0,0.8,780.0,2,nao,negocio,48,9200.0,0
E00059,58.0,8270.0,6.3,657.0,2,nao,reforma,24,46100.0,0
E00060,28.0,4730.0,13.6,676.0,0,sim,negocio,36,16900.0,1
E00061,71.0,2750.0,,523.0,1,sim,negocio,36,15200.0,0
E00062,42.0,2040.0,1.3,519.0,0,nao,pessoal,36,3700.0,0
E00063,44.0,1900.0,8.9,664.0,0,nao,reforma,36,7000.0,0
E00064,59.0,4220.0,10.4,704.0,2,sim,veiculo,24,4600.0,0
E00065,36.0,3950.0,6.5,765.0,2,nao,educacao,36,18700.0,0
E00066,45.0,1550.0,0.6,685.0,1,nao,reforma,24,6900.0,0
E00067,55.0,2070.0,1.0,568.0,0,sim,pessoal,60,11500.0,0
E00068,28.0,2550.0,0.0,650.0,0,nao,negocio,60,13300.0,1
E00069,20.0,6840.0,7.1,583.0,3,sim,veiculo,24,37400.0,1
E00070,43.0,2440.0,6.9,538.0,1,nao,veiculo,48,13300.0,0
E00071,26.0,3900.0,5.8,561.0,2,nao,pessoal,60,16100.0,0
E00072,45.0,7350.0,3.7,484.0,2,nao,pessoal,36,40300.0,1
E00073,38.0,7210.0,7.8,529.0,0,nao,veiculo,24,21000.0,1
E00074,52.0,,1.9,470.0,1,nao,veiculo,60,20200.0,0
E00075,51.0,9780.0,12.2,725.0,3,sim,pessoal,12,56600.0,0
E00076,21.0,4700.0,3.1,492.0,0,nao,educacao,24,6300.0,1
E00077,35.0,2570.0,3.2,560.0,1,nao,pessoal,12,7200.0,0
E00078,26.0,10950.0,2.5,574.0,0,sim,veiculo,36,37700.0,0
E00079,45.0,5550.0,8.0,696.0,2,sim,educacao,60,8200.0,0
E00080,26.0,2590.0,13.8,667.0,2,nao,pessoal,36,5600.0,0
E00081,53.0,5680.0,7.1,663.0,1,sim,pessoal,36,3100.0,0
E00082,21.0,1310.0,2.4,453.0,0,sim,pessoal,24,7400.0,1
E00083,39.0,4510.0,1.4,658.0,0,nao,veiculo,36,4000.0,0
E00084,31.0,1300.0,7.0,588.0,0,nao,reforma,36,7600.0,0
E00085,35.0,2550.0,1.2,529.0,0,nao,negocio,36,13800.0,1
E00086,34.0,2870.0,5.6,604.0,1,sim,negocio,36,8300.0,1
E00087,40.0,2070.0,3.1,563.0,0,nao,educacao,24,4300.0,1
E00088,27.0,4080.0,2.3,399.0,4,sim,pessoal,36,21600.0,1
E00089,34.0,2550.0,8.9,690.0,1,nao,veiculo,24,6000.0,0
E00090,61.0,4150.0,4.5,467.0,2,sim,pessoal,24,2600.0,0
E00091,41.0,8300.0,2.6,811.0,1,nao,negocio,12,26700.0,0
E00092,59.0,2270.0,5.0,432.0,0,nao,veiculo,24,12000.0,0
E00093,39.0,6220.0,2.8,725.0,0,sim,educacao,36,29500.0,0
E00094,34.0,15550.0,5.3,623.0,2,nao,pessoal,36,73100.0,0
E00095,26.0,4270.0,4.5,829.0,2,nao,pessoal,48,8400.0,0
E00096,46.0,1570.0,5.7,465.0,0,sim,negocio,36,1900.0,0
E00097,59.0,5120.0,17.9,766.0,2,nao,pessoal,12,15900.0,0
E00098,53.0,3570.0,7.7,746.0,0,nao,veiculo,36,9900.0,0
E00099,48.0,9450.0,1.1,627.0,3,nao,negocio,24,17600.0,0
E00100,56.0,2050.0,12.5,765.0,0,sim,reforma,12,8800.0,0
E00101,49.0,3630.0,13.6,532.0,0,sim,pessoal,36,14700.0,0
E00102,52.0,3490.0,0.3,688.0,1,nao,negocio,24,9300.0,1
E00103,50.0,3720.0,3.4,565.0,1,nao,veiculo,24,13600.0,0
E00104,51.0,2830.0,2.7,630.0,0,sim,veiculo,48,10800.0,0
E00105,28.0,4090.0,5.7,722.0,1,nao,pessoal,36,19100.0,0
E00106,33.0,6520.0,0.6,607.0,2,nao,negocio,48,19500.0,1
E00107,62.0,4070.0,1.6,573.0,4,sim,reforma,36,17400.0,0
E00108,33.0,6040.0,11.7,600.0,1,nao,pessoal,48,16700.0,0
E00109,27.0,7660.0,0.5,609.0,0,nao,reforma,24,42000.0,0
E00110,47.0,3310.0,2.1,632.0,1,nao,educacao,36,10200.0,0
E00111,38.0,1450.0,2.2,698.0,1,nao,educacao,60,8000.0,0
E00112,59.0,3210.0,20.4,654.0,1,sim,veiculo,36,16400.0,0
E00113,23.0,1970.0,4.5,723.0,2,nao,educacao,36,7400.0,0
E00114,26.0,7740.0,2.4,642.0,2,nao,pessoal,48,31200.0,1
E00115,64.0,4130.0,1.8,429.0,1,sim,pessoal,24,14200.0,0
E00116,29.0,5890.0,3.2,625.0,1,sim,educacao,36,16800.0,0
E00117,33.0,5880.0,2.4,726.0,1,sim,educacao,36,27600.0,1
E00118,36.0,8110.0,3.0,855.0,0,nao,pessoal,24,7900.0,0
E00119,18.0,7270.0,4.3,392.0,0,nao,educacao,24,27400.0,1
E00120,46.0,2140.0,7.3,614.0,2,sim,negocio,48,7900.0,0
E00121,24.0,2480.0,3.4,719.0,1,sim,veiculo,24,11400.0,0
E00122,47.0,4000.0,2.4,600.0,1,nao,veiculo,36,3600.0,0
E00123,22.0,10420.0,3.9,481.0,1,sim,pessoal,48,37000.0,1
E00124,49.0,1760.0,0.3,608.0,2,nao,pessoal,60,1600.0,0
E00125,37.0,4110.0,3.2,658.0,1,nao,veiculo,60,10100.0,1
E00126,38.0,6220.0,4.7,691.0,0,sim,pessoal,36,16200.0,0
E00127,47.0,3340.0,9.7,403.0,3,nao,reforma,48,9300.0,0
E00128,51.0,11540.0,1.7,711.0,0,nao,veiculo,24,28700.0,0
E00129,41.0,2680.0,3.7,716.0,0,nao,negocio,24,8700.0,0
E00130,40.0,3290.0,15.9,642.0,3,nao,pessoal,60,1900.0,0
E00131,34.0,6000.0,5.2,550.0,2,sim,pessoal,60,35800.0,1
E00132,45.0,3360.0,3.2,811.0,2,nao,negocio,24,4300.0,0
E00133,57.0,5650.0,3.2,601.0,1,sim,pessoal,60,5800.0,0
E00134,46.0,,6.7,657.0,0,nao,veiculo,36,49300.0,0
E00135,26.0,3300.0,5.5,671.0,1,sim,pessoal,48,9300.0,0
E00136,40.0,1300.0,6.1,720.0,0,nao,educacao,36,7300.0,0
E00137,32.0,9320.0,2.2,640.0,3,sim,veiculo,24,18800.0,0
E00138,27.0,9170.0,4.5,652.0,2,sim,veiculo,36,36100.0,1
E00139,37.0,1370.0,12.7,633.0,0,sim,pessoal,60,2700.0,0
E00140,45.0,3940.0,2.7,491.0,0,sim,pessoal,12,20100.0,1
E00141,48.0,4250.0,0.9,472.0,2,sim,veiculo,24,23300.0,0
E00142,46.0,3230.0,3.2,723.0,1,nao,pessoal,36,18000.0,0
E00143,32.0,5150.0,2.9,643.0,2,nao,negocio,12,7000.0,0
E00144,29.0,4270.0,,646.0,0,sim,negocio,36,12500.0,0
E00145,25.0,3890.0,11.9,749.0,0,nao,pessoal,24,11300.0,0
E00146,38.0,4880.0,4.7,620.0,0,nao,pessoal,12,26400.0,1
E00147,47.0,12670.0,,738.0,2,sim,pessoal,36,67300.0,0
E00148,46.0,2490.0,0.8,537.0,1,sim,veiculo,36,13300.0,0
E00149,29.0,2600.0,1.6,850.0,3,nao,reforma,60,3500.0,0
E00150,60.0,6910.0,3.0,895.0,0,sim,pessoal,24,24500.0,0
E00151,43.0,6590.0,15.2,752.0,2,nao,negocio,36,12200.0,0
E00152,49.0,2110.0,8.7,778.0,3,sim,reforma,36,3600.0,0
E00153,46.0,2680.0,1.6,643.0,1,nao,pessoal,48,7200.0,1
E00154,23.0,3130.0,4.7,763.0,0,nao,pessoal,36,9700.0,0
E00155,49.0,2900.0,2.3,602.0,0,nao,negocio,60,2400.0,0
E00156,58.0,2160.0,9.4,787.0,0,nao,pessoal,36,2600.0,0
E00157,28.0,9730.0,0.8,477.0,0,nao,pessoal,12,46800.0,1
E00158,29.0,2680.0,1.6,529.0,2,sim,reforma,36,5200.0,0
E00159,45.0,4970.0,2.5,791.0,2,sim,pessoal,36,25300.0,0
E00160,41.0,4130.0,10.3,578.0,2,sim,educacao,36,5400.0,0
E00161,46.0,4360.0,4.2,653.0,2,nao,negocio,24,19300.0,0
E00162,28.0,5120.0,,441.0,0,sim,pessoal,60,13100.0,0
E00163,48.0,2850.0,1.1,680.0,1,nao,pessoal,60,7000.0,0
E00164,21.0,4330.0,3.0,536.0,0,nao,reforma,48,26000.0,1
E00165,36.0,1300.0,6.7,539.0,1,sim,veiculo,60,3100.0,1
E00166,44.0,1920.0,6.2,571.0,0,nao,negocio,48,5500.0,0
E00167,31.0,4640.0,4.5,563.0,2,sim,pessoal,60,25800.0,1
E00168,41.0,3490.0,6.0,633.0,2,sim,veiculo,24,7500.0,0
E00169,53.0,1970.0,4.8,619.0,2,sim,reforma,12,11400.0,0
E00170,30.0,3250.0,0.8,493.0,4,nao,reforma,60,9100.0,1
E00171,35.0,7010.0,7.2,715.0,0,sim,pessoal,60,14400.0,0
E00172,18.0,14410.0,,562.0,3,nao,negocio,60,17000.0,1
E00173,42.0,1700.0,6.9,649.0,2,sim,educacao,24,5200.0,0
E00174,56.0,2050.0,6.8,781.0,2,nao,veiculo,36,4700.0,0
E00175,28.0,13110.0,6.5,553.0,1,nao,negocio,12,40300.0,1
E00176,34.0,3760.0,3.1,739.0,1,nao,pessoal,24,19800.0,1
E00177,52.0,6040.0,9.0,561.0,2,nao,reforma,12,36100.0,0
E00178,57.0,4740.0,4.2,718.0,1,nao,reforma,60,13600.0,0
E00179,39.0,5240.0,11.0,501.0,0,sim,pessoal,12,12300.0,0
E00180,29.0,2310.0,10.7,675.0,2,nao,pessoal,24,13100.0,0
E00181,35.0,4270.0,7.1,469.0,0,sim,reforma,36,2300.0,0
E00182,46.0,3560.0,4.6,588.0,0,nao,negocio,24,9600.0,0
E00183,32.0,6790.0,2.4,551.0,0,nao,pessoal,60,19200.0,0
E00184,34.0,10670.0,4.1,677.0,1,sim,reforma,36,42700.0,0
E00185,31.0,,0.4,649.0,1,sim,veiculo,12,15600.0,0
E00186,51.0,5180.0,4.7,663.0,1,nao,pessoal,48,19600.0,1
E00187,42.0,4480.0,7.2,695.0,1,sim,veiculo,60,19700.0,0
E00188,33.0,5370.0,3.4,619.0,0,nao,pessoal,36,28400.0,0
E00189,41.0,5230.0,6.4,814.0,0,sim,reforma,48,5500.0,0
E00190,46.0,7330.0,11.6,515.0,0,nao,reforma,36,40200.0,0
E00191,21.0,2980.0,4.0,612.0,0,nao,veiculo,12,17700.0,0
E00192,45.0,1510.0,9.1,654.0,3,nao,educacao,12,4700.0,0
E00193,55.0,2750.0,1.4,699.0,0,sim,pessoal,12,4200.0,0
E00194,31.0,3110.0,3.1,675.0,2,nao,reforma,48,15100.0,0
E00195,31.0,8490.0,,630.0,0,nao,negocio,24,26500.0,0
E00196,53.0,6700.0,7.4,648.0,3,sim,pessoal,24,5400.0,0
E00197,18.0,,1.4,656.0,0,nao,reforma,12,18900.0,0
E00198,67.0,4140.0,3.4,679.0,4,nao,reforma,60,23900.0,0
E00199,27.0,7250.0,7.0,642.0,1,sim,reforma,48,15300.0,0
E00200,34.0,4280.0,2.8,638.0,2,nao,pessoal,60,20800.0,1
E00201,29.0,2440.0,0.6,593.0,2,sim,veiculo,36,5600.0,1
E00202,26.0,2340.0,4.5,687.0,1,sim,negocio,60,2900.0,0
E00203,44.0,1300.0,2.3,728.0,0,sim,pessoal,60,3600.0,0
E00204,46.0,5600.0,3.5,468.0,1,nao,pessoal,36,15100.0,0
E00205,32.0,10540.0,5.9,752.0,2,sim,negocio,48,37900.0,1
E00206,23.0,6350.0,6.9,651.0,2,nao,pessoal,36,13500.0,0
E00207,34.0,5180.0,3.0,636.0,3,sim,veiculo,24,20900.0,0
E00208,46.0,8070.0,2.7,742.0,2,sim,negocio,48,36000.0,1
E00209,40.0,2370.0,6.6,759.0,0,nao,pessoal,24,5800.0,0
E00210,43.0,4520.0,6.2,583.0,1,sim,veiculo,48,16300.0,1
E00211,36.0,3590.0,5.9,764.0,4,nao,reforma,48,20900.0,0
E00212,18.0,5840.0,6.1,659.0,2,nao,pessoal,36,12400.0,0
E00213,21.0,3190.0,3.8,525.0,0,nao,reforma,60,18200.0,0
E00214,53.0,12300.0,2.2,564.0,0,nao,veiculo,48,24100.0,1
E00215,43.0,10010.0,7.3,727.0,1,nao,educacao,48,32400.0,0
E00216,27.0,1680.0,0.5,645.0,2,nao,pessoal,24,8400.0,1
E00217,39.0,14990.0,1.1,459.0,0,sim,veiculo,36,22500.0,0
E00218,61.0,4820.0,3.4,795.0,2,sim,educacao,36,9800.0,0
E00219,33.0,4530.0,18.9,751.0,1,nao,veiculo,36,14900.0,0
E00220,40.0,6060.0,1.9,718.0,1,nao,reforma,12,7300.0,1
E00221,48.0,7110.0,22.4,613.0,0,nao,pessoal,48,35300.0,0
E00222,32.0,1880.0,4.5,738.0,0,nao,veiculo,12,3100.0,0
E00223,71.0,7290.0,13.4,484.0,0,nao,educacao,24,22800.0,1
E00224,38.0,3380.0,2.1,494.0,4,nao,educacao,24,7600.0,1
E00225,54.0,15580.0,0.8,626.0,0,nao,veiculo,24,63700.0,0
E00226,49.0,1300.0,0.2,629.0,1,nao,pessoal,60,5300.0,0
E00227,50.0,3630.0,4.3,649.0,0,sim,educacao,36,7700.0,0
E00228,48.0,2770.0,1.0,390.0,2,sim,pessoal,12,5200.0,1
E00229,21.0,4740.0,1.6,650.0,0,nao,veiculo,24,3900.0,1
E00230,24.0,3640.0,6.7,406.0,0,nao,negocio,36,11900.0,1
E00231,59.0,3160.0,0.1,687.0,2,nao,veiculo,60,9700.0,0
E00232,29.0,1520.0,13.1,406.0,0,nao,negocio,36,8600.0,0
E00233,62.0,3240.0,5.3,764.0,0,nao,educacao,24,10700.0,0
E00234,23.0,6670.0,16.4,687.0,1,sim,veiculo,36,16000.0,0
E00235,35.0,5320.0,4.5,691.0,1,nao,veiculo,24,9900.0,0
E00236,42.0,3820.0,0.4,645.0,2,nao,pessoal,36,9900.0,0
E00237,36.0,,17.8,726.0,1,sim,pessoal,60,8100.0,0
E00238,49.0,2730.0,,761.0,4,sim,reforma,48,5500.0,0
E00239,64.0,2360.0,7.2,474.0,0,nao,pessoal,48,3900.0,0
E00240,31.0,3160.0,6.2,439.0,2,nao,reforma,36,16600.0,0
E00241,28.0,5100.0,16.4,741.0,1,nao,reforma,36,9100.0,0
E00242,45.0,4850.0,0.9,575.0,1,nao,pessoal,48,18500.0,1
E00243,46.0,2780.0,3.7,612.0,2,nao,negocio,36,16400.0,1
E00244,28.0,1890.0,2.5,701.0,4,nao,reforma,60,8600.0,1
E00245,61.0,10340.0,8.7,790.0,0,sim,pessoal,36,40900.0,0
E00246,30.0,3180.0,15.8,710.0,2,nao,veiculo,12,2100.0,0
E00247,49.0,2400.0,4.5,769.0,2,nao,reforma,36,13600.0,0
E00248,40.0,4610.0,6.7,680.0,1,nao,reforma,24,2800.0,0
E00249,53.0,3320.0,4.2,556.0,0,nao,pessoal,60,11000.0,1
E00250,28.0,8670.0,8.3,733.0,2,nao,veiculo,24,50200.0,0
E00251,47.0,2690.0,1.7,427.0,1,nao,veiculo,60,14900.0,0
E00252,18.0,2140.0,8.0,778.0,2,sim,veiculo,36,5000.0,0
E00253,39.0,,9.0,587.0,0,nao,negocio,12,18200.0,0
E00254,32.0,3840.0,5.2,730.0,3,nao,reforma,24,16900.0,0
E00255,45.0,2890.0,2.4,607.0,4,nao,educacao,12,4200.0,0
E00256,62.0,3210.0,6.6,480.0,1,nao,reforma,24,18500.0,0
E00257,30.0,5750.0,2.6,692.0,2,sim,veiculo,24,12800.0,0
E00258,43.0,8510.0,13.9,692.0,1,nao,educacao,24,17000.0,0
E00259,34.0,1980.0,7.3,556.0,1,sim,negocio,60,2100.0,0
E00260,57.0,3590.0,1.8,726.0,0,nao,reforma,12,18000.0,0
E00261,45.0,6170.0,1.1,670.0,1,sim,pessoal,24,18700.0,0
E00262,35.0,7450.0,2.5,589.0,1,nao,pessoal,48,44100.0,1
E00263,50.0,8800.0,4.2,689.0,2,sim,negocio,48,45000.0,0
E00264,27.0,1860.0,0.1,646.0,0,sim,reforma,24,4800.0,0
E00265,43.0,3630.0,12.5,596.0,3,sim,veiculo,60,17000.0,0
E00266,38.0,5240.0,7.4,667.0,1,sim,negocio,60,5400.0,0
E00267,48.0,,7.0,607.0,3,sim,pessoal,24,10800.0,0
E00268,18.0,4260.0,12.1,575.0,3,nao,veiculo,12,20900.0,1
E00269,31.0,1510.0,3.6,499.0,1,sim,pessoal,12,3500.0,1
E00270,37.0,2280.0,3.7,677.0,2,nao,veiculo,12,6000.0,0
E00271,21.0,1500.0,6.6,571.0,1,nao,negocio,60,1800.0,0
E00272,19.0,,12.6,691.0,4,sim,educacao,12,8200.0,1
E00273,54.0,1300.0,3.6,646.0,6,nao,educacao,36,1500.0,0
E00274,38.0,6650.0,3.8,654.0,1,nao,educacao,60,16700.0,0
E00275,56.0,4750.0,1.7,744.0,1,nao,pessoal,36,17600.0,0
E00276,40.0,3810.0,3.2,637.0,0,sim,pessoal,36,16300.0,0
E00277,54.0,2200.0,,578.0,1,sim,pessoal,24,7900.0,0
E00278,27.0,1300.0,5.8,655.0,1,nao,negocio,12,2100.0,1
E00279,48.0,,13.4,701.0,0,nao,veiculo,60,29900.0,0
E00280,23.0,2250.0,3.0,714.0,1,sim,veiculo,36,6800.0,0
E00281,45.0,3650.0,8.1,598.0,2,sim,pessoal,36,21500.0,0
E00282,67.0,6460.0,,912.0,1,sim,pessoal,24,33200.0,0
E00283,36.0,1420.0,13.5,524.0,0,nao,veiculo,36,7000.0,0
E00284,44.0,4410.0,2.9,608.0,0,nao,educacao,60,22500.0,0
E00285,37.0,4120.0,2.5,635.0,1,nao,pessoal,36,8800.0,0
E00286,45.0,34560.0,3.3,722.0,1,sim,veiculo,12,36700.0,0
E00287,39.0,2990.0,10.7,706.0,0,sim,pessoal,24,9100.0,0
E00288,69.0,1300.0,4.6,833.0,1,nao,pessoal,24,1800.0,0
E00289,44.0,2800.0,14.2,744.0,2,nao,educacao,24,11300.0,0
E00290,29.0,1480.0,0.3,642.0,1,nao,veiculo,24,6300.0,0
E00291,33.0,9500.0,2.4,768.0,2,nao,veiculo,36,12400.0,0
E00292,57.0,10790.0,0.8,636.0,2,nao,pessoal,24,49200.0,0
E00293,36.0,3560.0,5.9,520.0,0,sim,veiculo,12,4600.0,0
E00294,55.0,5710.0,3.8,824.0,1,nao,negocio,24,15700.0,0
E00295,52.0,,5.0,641.0,2,nao,pessoal,24,3500.0,0
E00296,36.0,3740.0,1.2,535.0,0,nao,pessoal,24,4200.0,0
E00297,33.0,1930.0,19.4,850.0,2,nao,reforma,36,2400.0,0
E00298,46.0,6110.0,1.3,705.0,2,nao,negocio,12,11400.0,1
E00299,27.0,4620.0,14.1,711.0,4,sim,veiculo,24,27400.0,0
E00300,54.0,18250.0,3.8,480.0,1,nao,reforma,24,74000.0,0
E00301,33.0,4010.0,5.5,798.0,0,nao,pessoal,24,17100.0,0
E00302,38.0,5500.0,6.9,485.0,3,sim,veiculo,48,10300.0,0
E00303,44.0,4700.0,7.2,831.0,1,sim,pessoal,48,7000.0,0
E00304,45.0,3090.0,1.1,569.0,1,sim,veiculo,12,15700.0,0
E00305,28.0,4640.0,1.9,505.0,0,sim,veiculo,24,11100.0,0
E00306,18.0,3730.0,5.8,808.0,1,nao,pessoal,12,21900.0,0
E00307,33.0,1990.0,5.2,429.0,0,sim,veiculo,36,5000.0,0
E00308,44.0,7870.0,,697.0,1,nao,pessoal,60,8400.0,0
E00309,52.0,2970.0,7.1,566.0,0,sim,negocio,24,17500.0,0
E00310,23.0,6850.0,5.7,811.0,2,sim,negocio,24,37800.0,0
E00311,39.0,4210.0,2.3,589.0,3,nao,veiculo,24,8900.0,0
E00312,20.0,5210.0,3.2,667.0,3,nao,pessoal,36,4400.0,0
E00313,18.0,4610.0,7.6,444.0,2,nao,pessoal,24,16200.0,1
E00314,66.0,9800.0,10.8,659.0,3,nao,pessoal,24,50900.0,0
E00315,34.0,9110.0,1.4,801.0,1,sim,educacao,24,45400.0,0
E00316,42.0,4350.0,4.7,867.0,0,nao,negocio,12,8700.0,0
E00317,49.0,7320.0,2.7,804.0,0,nao,negocio,12,19500.0,0
E00318,61.0,4460.0,4.9,840.0,1,nao,educacao,36,6200.0,0
E00319,37.0,5110.0,2.7,663.0,1,sim,reforma,36,28100.0,0
E00320,31.0,13730.0,6.1,633.0,1,sim,pessoal,36,12100.0,0
E00321,33.0,3720.0,6.3,587.0,2,sim,negocio,36,17600.0,1
E00322,37.0,7770.0,6.3,517.0,1,nao,educacao,36,22600.0,0
E00323,40.0,5690.0,2.7,704.0,1,sim,veiculo,48,9400.0,0
E00324,40.0,4040.0,4.9,699.0,0,nao,veiculo,24,5300.0,0
E00325,33.0,4850.0,3.5,671.0,0,nao,pessoal,60,26400.0,0
E00326,27.0,4860.0,,731.0,1,nao,educacao,48,4800.0,0
E00327,60.0,,,516.0,2,nao,veiculo,24,16600.0,1
E00328,40.0,5280.0,19.8,622.0,3,nao,educacao,36,15100.0,1
E00329,29.0,4650.0,1.1,749.0,1,sim,veiculo,48,2600.0,0
E00330,18.0,5170.0,1.4,490.0,1,nao,veiculo,24,7600.0,0
E00331,42.0,7640.0,3.6,565.0,3,sim,pessoal,24,20400.0,1
E00332,37.0,7820.0,3.7,737.0,0,nao,veiculo,12,20700.0,1
E00333,29.0,6150.0,3.8,541.0,0,nao,reforma,24,25000.0,1
E00334,49.0,11890.0,7.9,633.0,1,nao,educacao,36,62400.0,0
E00335,25.0,3490.0,4.1,487.0,1,sim,pessoal,36,17900.0,0
E00336,41.0,2180.0,3.5,556.0,3,sim,veiculo,36,5800.0,1
E00337,46.0,4460.0,5.1,919.0,2,nao,veiculo,12,24200.0,0
E00338,27.0,2820.0,2.1,546.0,0,sim,veiculo,36,16400.0,1
E00339,41.0,9210.0,3.0,695.0,2,nao,pessoal,24,55100.0,0
E00340,37.0,1300.0,6.2,683.0,0,nao,reforma,36,5000.0,0
E00341,47.0,3080.0,6.7,576.0,0,sim,pessoal,12,14500.0,1
E00342,49.0,1400.0,3.4,695.0,2,nao,educacao,24,1800.0,0
E00343,18.0,4710.0,8.4,378.0,1,sim,pessoal,12,16300.0,1
E00344,45.0,2120.0,11.1,846.0,1,sim,pessoal,24,2100.0,0
E00345,45.0,4330.0,7.0,571.0,1,sim,reforma,12,6000.0,0
E00346,61.0,10650.0,3.5,513.0,2,nao,reforma,60,43100.0,1
E00347,48.0,3960.0,12.2,540.0,1,nao,negocio,12,11100.0,1
E00348,42.0,7920.0,3.6,486.0,2,nao,veiculo,48,13000.0,1
E00349,35.0,8040.0,0.9,618.0,0,nao,pessoal,36,25000.0,0
E00350,26.0,7210.0,7.3,692.0,1,sim,educacao,48,35300.0,0
E00351,45.0,1500.0,3.8,570.0,1,sim,veiculo,48,8000.0,0
E00352,33.0,9930.0,10.6,600.0,0,sim,educacao,24,56300.0,0
E00353,31.0,3530.0,6.2,799.0,3,sim,educacao,24,9700.0,0
E00354,38.0,6050.0,3.5,596.0,0,nao,negocio,12,3500.0,0
E00355,44.0,4690.0,6.4,708.0,2,nao,negocio,60,10500.0,0
E00356,52.0,2620.0,5.0,432.0,0,nao,reforma,24,12400.0,0
E00357,43.0,2400.0,3.2,692.0,2,nao,pessoal,60,6800.0,0
E00358,43.0,16670.0,21.7,630.0,4,nao,veiculo,36,72300.0,0
E00359,35.0,2240.0,1.1,636.0,2,sim,pessoal,12,9800.0,0
E00360,34.0,4280.0,0.9,462.0,1,nao,negocio,24,4300.0,0
E00361,37.0,12970.0,5.9,673.0,1,nao,veiculo,48,40500.0,0
E00362,42.0,3070.0,3.9,662.0,2,nao,educacao,24,8300.0,0
E00363,26.0,10280.0,4.6,706.0,1,sim,pessoal,36,27100.0,1
E00364,28.0,6000.0,5.0,791.0,2,nao,veiculo,60,31300.0,0
E00365,52.0,10020.0,6.5,481.0,2,sim,pessoal,24,41400.0,0
E00366,41.0,12350.0,4.6,653.0,1,nao,pessoal,24,54300.0,0
E00367,18.0,4260.0,0.2,563.0,0,nao,pessoal,24,9900.0,0
E00368,46.0,1300.0,7.7,840.0,0,nao,reforma,36,2800.0,0
E00369,41.0,1300.0,3.3,618.0,2,nao,pessoal,24,1800.0,0
E00370,42.0,4620.0,3.6,773.0,0,nao,veiculo,36,2700.0,0
E00371,40.0,2800.0,1.6,557.0,0,sim,negocio,24,14700.0,0
E00372,60.0,3490.0,2.1,610.0,0,nao,veiculo,12,5300.0,0
E00373,40.0,7140.0,16.9,452.0,0,nao,veiculo,48,17100.0,0
E00374,18.0,1560.0,9.3,727.0,1,nao,veiculo,48,3700.0,0
E00375,57.0,3380.0,2.2,450.0,1,sim,veiculo,60,6000.0,0
E00376,52.0,1410.0,7.2,640.0,1,nao,veiculo,24,6200.0,0
E00377,32.0,1410.0,2.6,732.0,1,nao,pessoal,12,6900.0,0
E00378,34.0,7160.0,8.3,666.0,2,sim,veiculo,24,12400.0,0
E00379,51.0,5210.0,10.4,407.0,3,sim,pessoal,48,14000.0,0
E00380,72.0,1490.0,8.6,603.0,2,nao,pessoal,60,1600.0,0
E00381,47.0,5920.0,8.7,776.0,1,sim,reforma,12,14100.0,0
E00382,31.0,1300.0,2.1,701.0,0,nao,veiculo,24,5700.0,0
E00383,48.0,2690.0,1.7,613.0,1,nao,pessoal,24,9000.0,0
E00384,32.0,8980.0,11.5,526.0,2,sim,pessoal,48,51100.0,0
E00385,31.0,1930.0,7.2,688.0,0,nao,pessoal,60,10300.0,0
E00386,38.0,5080.0,0.5,592.0,4,nao,pessoal,36,5900.0,0
E00387,50.0,5820.0,1.0,538.0,0,nao,pessoal,36,19100.0,0
E00388,52.0,,3.8,614.0,0,nao,pessoal,24,8300.0,0
E00389,24.0,3130.0,0.2,715.0,1,nao,pessoal,12,12000.0,0
E00390,32.0,2280.0,2.9,568.0,0,nao,pessoal,24,10800.0,0
E00391,20.0,7120.0,13.0,637.0,1,sim,veiculo,48,28400.0,0
E00392,53.0,2670.0,1.8,608.0,2,sim,veiculo,48,8000.0,0
E00393,44.0,2770.0,8.3,508.0,2,sim,veiculo,24,2900.0,1
E00394,45.0,2300.0,2.5,606.0,1,nao,negocio,12,11600.0,1
E00395,40.0,20340.0,1.1,647.0,1,nao,reforma,60,87900.0,0
E00396,43.0,11170.0,7.4,654.0,1,sim,reforma,24,62700.0,0
E00397,43.0,5430.0,9.2,760.0,0,sim,veiculo,60,17600.0,0
E00398,44.0,4830.0,1.8,664.0,0,sim,veiculo,24,15300.0,0
E00399,30.0,9900.0,8.2,527.0,1,nao,pessoal,60,9200.0,0
E00400,51.0,2710.0,1.0,708.0,0,nao,educacao,12,10300.0,0
E00401,55.0,2270.0,2.6,573.0,1,sim,negocio,36,10300.0,1
E00402,43.0,8460.0,7.6,539.0,2,nao,negocio,36,12400.0,1
E00403,37.0,13340.0,2.3,823.0,2,sim,negocio,24,55500.0,1
E00404,63.0,2870.0,0.1,675.0,0,nao,educacao,36,2800.0,0
E00405,49.0,5180.0,5.2,618.0,0,nao,negocio,60,21000.0,0
E00406,21.0,6060.0,0.9,581.0,2,sim,educacao,36,14100.0,1
E00407,48.0,4700.0,2.6,739.0,2,sim,veiculo,36,17400.0,0
E00408,54.0,5560.0,4.4,801.0,0,nao,pessoal,24,4700.0,0
E00409,38.0,3900.0,2.3,755.0,1,sim,pessoal,24,4400.0,0
E00410,25.0,1300.0,8.9,741.0,3,sim,reforma,24,4700.0,0
E00411,55.0,3990.0,1.4,687.0,3,sim,veiculo,60,3200.0,0
E00412,44.0,6750.0,5.4,473.0,2,nao,reforma,12,7100.0,1
E00413,55.0,5750.0,8.4,594.0,3,nao,negocio,24,23800.0,0
E00414,43.0,3230.0,5.1,703.0,2,sim,negocio,60,8000.0,0
E00415,20.0,7770.0,5.2,589.0,0,nao,pessoal,36,23400.0,0
E00416,49.0,4250.0,1.6,556.0,2,nao,veiculo,36,23900.0,0
E00417,48.0,5360.0,3.9,615.0,2,nao,veiculo,60,21400.0,0
E00418,29.0,2930.0,24.6,510.0,0,sim,pessoal,48,8500.0,0
E00419,70.0,3320.0,13.0,439.0,1,nao,veiculo,48,15400.0,1
E00420,29.0,4950.0,1.2,621.0,2,nao,reforma,24,28900.0,1
E00421,31.0,4340.0,4.6,695.0,1,sim,veiculo,24,17000.0,0
E00422,59.0,3480.0,5.9,653.0,1,nao,reforma,36,17700.0,1
E00423,24.0,3140.0,1.6,852.0,1,nao,reforma,36,17900.0,0
E00424,39.0,1300.0,3.1,737.0,2,nao,pessoal,36,1000.0,0
E00425,32.0,2010.0,4.7,689.0,0,sim,negocio,36,7800.0,0
E00426,40.0,3880.0,5.2,742.0,0,nao,negocio,12,11300.0,0
E00427,28.0,3890.0,6.9,408.0,2,nao,negocio,24,19300.0,1
E00428,64.0,5230.0,3.5,447.0,1,nao,veiculo,12,28300.0,1
E00429,29.0,8970.0,1.5,682.0,0,nao,veiculo,12,14200.0,0
E00430,49.0,3120.0,2.3,790.0,1,sim,pessoal,60,13400.0,0
E00431,23.0,2000.0,5.3,451.0,2,sim,pessoal,36,8500.0,0
E00432,38.0,10220.0,2.5,457.0,1,sim,negocio,24,45200.0,1
E00433,56.0,5480.0,6.1,721.0,0,nao,pessoal,36,7800.0,0
E00434,42.0,2990.0,11.6,641.0,3,sim,pessoal,24,7400.0,0
E00435,56.0,1460.0,1.1,659.0,1,nao,pessoal,12,6700.0,0
E00436,38.0,17510.0,6.8,585.0,1,nao,veiculo,12,88500.0,0
E00437,48.0,3640.0,9.3,541.0,4,sim,negocio,60,18700.0,0
E00438,42.0,5320.0,8.1,584.0,0,sim,pessoal,24,10300.0,1
E00439,28.0,2390.0,9.8,623.0,2,nao,reforma,48,10700.0,0
E00440,54.0,2180.0,3.1,481.0,0,nao,reforma,48,1900.0,1
E00441,30.0,8880.0,0.8,481.0,0,nao,veiculo,24,38400.0,0
E00442,46.0,3180.0,1.6,593.0,0,nao,reforma,24,6300.0,0
E00443,38.0,2980.0,8.1,831.0,0,sim,pessoal,48,14700.0,0
E00444,44.0,4310.0,0.9,516.0,0,nao,pessoal,60,22200.0,0
E00445,41.0,,2.5,658.0,1,sim,pessoal,24,9400.0,0
E00446,65.0,7920.0,5.5,614.0,3,nao,pessoal,24,40000.0,0
E00447,49.0,3900.0,1.9,520.0,1,nao,pessoal,48,9600.0,0
E00448,36.0,6020.0,7.1,600.0,2,nao,pessoal,60,18100.0,0
E00449,38.0,2800.0,3.7,640.0,2,nao,veiculo,60,15800.0,1
E00450,40.0,2380.0,2.7,670.0,2,sim,negocio,12,12500.0,0
E00451,35.0,2400.0,16.7,589.0,1,nao,negocio,36,12500.0,0
E00452,25.0,2670.0,0.8,740.0,1,sim,reforma,24,10000.0,0
E00453,65.0,11370.0,,581.0,0,sim,reforma,12,20400.0,0
E00454,51.0,3010.0,1.3,519.0,2,nao,pessoal,60,11100.0,1
E00455,32.0,3010.0,7.9,852.0,2,nao,veiculo,12,8300.0,0
E00456,43.0,6560.0,1.3,645.0,0,nao,pessoal,36,23000.0,1
E00457,55.0,6410.0,7.0,538.0,0,nao,pessoal,48,15700.0,0
E00458,35.0,,4.4,789.0,5,sim,educacao,12,11400.0,1
E00459,18.0,3680.0,,460.0,0,nao,veiculo,24,5100.0,0
E00460,30.0,1300.0,5.9,671.0,3,nao,pessoal,36,6900.0,1
E00461,26.0,5720.0,3.6,449.0,1,sim,pessoal,12,24800.0,1
E00462,39.0,6290.0,3.1,396.0,1,sim,pessoal,36,16500.0,1
E00463,24.0,6170.0,0.9,571.0,1,sim,educacao,24,33300.0,0
E00464,50.0,14040.0,0.7,483.0,1,nao,veiculo,36,17900.0,0
E00465,42.0,,6.5,851.0,0,nao,reforma,24,10900.0,0
E00466,48.0,4430.0,2.7,576.0,3,nao,veiculo,48,10700.0,1
E00467,47.0,4670.0,2.8,592.0,0,nao,veiculo,48,25800.0,0
E00468,27.0,2940.0,0.5,630.0,1,nao,pessoal,60,16700.0,0
E00469,18.0,14690.0,2.3,643.0,1,nao,reforma,60,8500.0,0
E00470,50.0,12290.0,1.6,648.0,0,nao,pessoal,48,55500.0,0
E00471,32.0,3010.0,4.4,730.0,2,sim,pessoal,12,14400.0,0
E00472,48.0,2100.0,10.3,747.0,0,nao,veiculo,48,3300.0,0
E00473,38.0,4380.0,2.9,623.0,1,nao,negocio,36,20100.0,0
E00474,42.0,4090.0,12.1,669.0,0,sim,educacao,36,8400.0,0
E00475,51.0,4380.0,4.6,771.0,1,nao,educacao,36,16000.0,0
E00476,31.0,4740.0,12.5,616.0,1,sim,pessoal,48,9800.0,1
E00477,31.0,1490.0,11.8,595.0,0,sim,veiculo,48,6000.0,0
E00478,56.0,3650.0,1.3,579.0,0,sim,veiculo,36,14700.0,0
E00479,51.0,4570.0,8.2,545.0,2,sim,pessoal,60,3100.0,0
E00480,45.0,2280.0,4.4,678.0,2,sim,reforma,12,12500.0,1
E00481,24.0,,1.8,792.0,2,sim,negocio,60,15400.0,0
E00482,37.0,2960.0,7.0,597.0,0,sim,veiculo,60,2300.0,0
E00483,28.0,3590.0,17.0,709.0,1,nao,veiculo,60,7200.0,0
E00484,32.0,11770.0,1.5,754.0,0,nao,reforma,24,20700.0,0
E00485,30.0,1560.0,0.2,795.0,0,sim,veiculo,24,3600.0,0
E00486,27.0,3960.0,1.2,730.0,2,nao,negocio,24,22400.0,0
E00487,40.0,2290.0,4.3,678.0,0,sim,pessoal,36,4500.0,0
E00488,29.0,5250.0,13.5,589.0,1,sim,veiculo,48,11500.0,0
E00489,34.0,5530.0,0.2,560.0,1,nao,pessoal,12,31600.0,1
E00490,30.0,4310.0,1.9,661.0,1,nao,educacao,48,12600.0,0
E00491,56.0,2410.0,12.9,692.0,2,sim,veiculo,60,13600.0,0
E00492,43.0,2420.0,2.0,456.0,2,nao,pessoal,48,3700.0,1
E00493,46.0,2970.0,6.6,720.0,1,nao,educacao,48,7300.0,0
E00494,38.0,2310.0,2.5,516.0,0,nao,educacao,24,3400.0,1
E00495,40.0,5540.0,0.5,733.0,0,sim,educacao,12,11900.0,0
E00496,43.0,2990.0,4.3,620.0,1,sim,pessoal,48,1800.0,0
E00497,58.0,4580.0,0.9,689.0,2,nao,negocio,12,3400.0,0
E00498,53.0,3020.0,5.6,735.0,0,nao,veiculo,24,3300.0,0
E00499,41.0,8810.0,10.8,693.0,0,nao,veiculo,60,25300.0,0
E00500,29.0,7530.0,23.5,579.0,2,sim,pessoal,36,6500.0,0
E00501,48.0,4000.0,4.7,803.0,1,nao,pessoal,24,22000.0,0
E00502,34.0,5570.0,1.3,617.0,2,sim,veiculo,12,20100.0,1
E00503,35.0,7550.0,10.5,557.0,2,nao,reforma,36,8500.0,1
E00504,38.0,4180.0,6.4,691.0,0,sim,pessoal,24,6500.0,0
E00505,42.0,2710.0,4.9,554.0,0,nao,reforma,12,14100.0,0
E00506,52.0,6230.0,6.5,498.0,1,nao,educacao,24,4100.0,1
E00507,28.0,3880.0,20.2,568.0,1,nao,pessoal,36,7600.0,0
E00508,47.0,1580.0,8.7,640.0,2,nao,pessoal,12,1900.0,0
E00509,36.0,3240.0,2.5,563.0,0,sim,pessoal,60,2300.0,1
E00510,77.0,8540.0,3.4,605.0,0,sim,negocio,36,36100.0,0
E00511,38.0,4570.0,1.1,398.0,2,sim,veiculo,24,8200.0,0
E00512,53.0,1470.0,3.1,779.0,1,nao,negocio,12,3400.0,0
E00513,61.0,,7.8,649.0,1,nao,negocio,24,6500.0,0
E00514,28.0,3250.0,3.1,554.0,2,sim,educacao,24,14700.0,0
E00515,40.0,2230.0,1.5,785.0,2,nao,pessoal,12,6700.0,0
E00516,46.0,,5.4,483.0,0,nao,educacao,36,10300.0,1
E00517,29.0,1300.0,4.0,533.0,1,nao,pessoal,12,5300.0,0
E00518,35.0,3850.0,6.6,583.0,1,nao,educacao,60,15200.0,1
E00519,37.0,5200.0,0.9,562.0,0,nao,veiculo,36,12900.0,1
E00520,50.0,1300.0,3.8,588.0,0,sim,pessoal,12,7100.0,0
E00521,60.0,13630.0,2.4,706.0,2,sim,veiculo,36,25400.0,0
E00522,38.0,2200.0,5.2,742.0,5,nao,educacao,24,7900.0,1
E00523,29.0,5160.0,3.5,751.0,1,sim,veiculo,36,30800.0,0
E00524,66.0,5620.0,2.0,793.0,1,nao,veiculo,36,10600.0,0
E00525,47.0,1780.0,18.1,560.0,0,nao,veiculo,24,5000.0,0
E00526,50.0,3590.0,5.1,687.0,0,sim,pessoal,24,6500.0,0
E00527,20.0,7480.0,10.5,560.0,2,sim,negocio,60,36000.0,1
E00528,21.0,2120.0,0.7,557.0,0,sim,pessoal,12,7000.0,0
E00529,36.0,9240.0,4.1,474.0,0,nao,veiculo,24,43200.0,0
E00530,47.0,1300.0,3.5,810.0,0,sim,negocio,24,4000.0,0
E00531,40.0,4130.0,19.1,780.0,1,nao,reforma,24,14300.0,0
E00532,33.0,5810.0,13.7,893.0,0,sim,veiculo,60,11400.0,0
E00533,27.0,3100.0,0.8,730.0,3,sim,educacao,48,7900.0,0
E00534,50.0,6820.0,9.3,690.0,3,nao,pessoal,36,36500.0,0
E00535,46.0,2900.0,10.7,590.0,0,sim,pessoal,24,9700.0,0
E00536,32.0,4360.0,1.2,767.0,1,sim,veiculo,60,7100.0,0
E00537,39.0,7010.0,12.5,688.0,1,nao,pessoal,24,5300.0,0
E00538,30.0,1930.0,0.9,501.0,2,sim,pessoal,60,6200.0,0
E00539,30.0,5550.0,2.5,654.0,2,nao,veiculo,24,24100.0,0
E00540,42.0,2990.0,5.1,493.0,1,nao,reforma,60,8400.0,0
E00541,64.0,6190.0,20.6,681.0,3,sim,veiculo,24,4800.0,0
E00542,44.0,2450.0,9.8,744.0,1,nao,educacao,24,8500.0,0
E00543,47.0,7530.0,1.2,605.0,0,sim,pessoal,60,36600.0,0
E00544,37.0,,9.6,558.0,0,sim,reforma,24,3000.0,0
E00545,37.0,2230.0,16.7,856.0,0,nao,pessoal,48,12200.0,0
E00546,47.0,13910.0,12.7,673.0,0,nao,veiculo,24,47700.0,0
E00547,43.0,5820.0,3.9,706.0,5,nao,educacao,12,13800.0,1
E00548,46.0,2290.0,18.5,680.0,2,nao,educacao,48,6700.0,0
E00549,26.0,2170.0,18.2,751.0,0,sim,pessoal,60,9800.0,0
E00550,39.0,3060.0,5.7,722.0,1,nao,reforma,60,3100.0,0
E00551,40.0,3800.0,,618.0,2,nao,pessoal,60,11700.0,0
E00552,47.0,3610.0,5.4,460.0,1,sim,pessoal,12,15000.0,1
E00553,44.0,8550.0,17.4,580.0,1,nao,educacao,48,30700.0,0
E00554,32.0,14700.0,3.3,652.0,3,nao,veiculo,36,47600.0,0
E00555,54.0,3830.0,0.6,761.0,2,sim,reforma,24,5000.0,0
E00556,56.0,5020.0,2.4,813.0,0,nao,reforma,24,29500.0,0
E00557,33.0,3420.0,10.3,615.0,0,nao,educacao,24,4400.0,0
E00558,28.0,2320.0,2.4,854.0,1,nao,educacao,24,4100.0,0
E00559,32.0,6370.0,18.7,701.0,1,nao,pessoal,12,11000.0,0
E00560,32.0,4370.0,8.5,670.0,2,nao,pessoal,36,18600.0,0
E00561,40.0,8790.0,1.5,674.0,0,nao,veiculo,24,32200.0,0
E00562,53.0,2730.0,5.6,730.0,1,nao,veiculo,36,12700.0,0
E00563,39.0,4110.0,10.6,653.0,0,sim,pessoal,36,10500.0,0
E00564,54.0,1740.0,9.9,651.0,0,nao,pessoal,12,1600.0,0
E00565,60.0,4180.0,10.8,749.0,1,sim,pessoal,24,10200.0,0
E00566,52.0,5040.0,6.9,772.0,1,sim,negocio,12,3400.0,0
E00567,52.0,2850.0,0.7,648.0,2,sim,pessoal,36,4800.0,0
E00568,51.0,4420.0,7.5,638.0,2,nao,veiculo,36,21400.0,0
E00569,41.0,5010.0,,555.0,1,nao,veiculo,24,16800.0,1
E00570,27.0,1420.0,3.5,606.0,1,sim,educacao,24,2600.0,0
E00571,54.0,1930.0,11.3,772.0,3,sim,veiculo,36,2700.0,0
E00572,50.0,3880.0,22.4,652.0,1,sim,pessoal,36,11200.0,0
E00573,23.0,3020.0,14.5,746.0,1,nao,pessoal,24,11100.0,0
E00574,38.0,7800.0,1.5,570.0,2,nao,reforma,60,41900.0,0
E00575,40.0,5400.0,3.0,677.0,0,sim,reforma,24,19100.0,1
E00576,35.0,4630.0,9.6,708.0,2,nao,veiculo,48,21600.0,0
E00577,52.0,6160.0,0.5,828.0,0,nao,educacao,48,6100.0,0
E00578,50.0,6330.0,4.0,432.0,1,nao,educacao,48,16000.0,0
E00579,49.0,2810.0,10.2,754.0,2,sim,veiculo,24,3400.0,0
E00580,38.0,5910.0,3.1,657.0,0,sim,reforma,36,5100.0,0
E00581,31.0,11860.0,0.9,651.0,3,nao,pessoal,60,70300.0,0
E00582,55.0,6660.0,1.3,433.0,0,nao,veiculo,36,20000.0,1
E00583,29.0,3430.0,4.2,482.0,0,nao,veiculo,12,4300.0,0
E00584,23.0,1310.0,5.7,701.0,0,nao,educacao,48,3900.0,0
E00585,38.0,1810.0,4.3,807.0,0,sim,reforma,24,1700.0,0
E00586,38.0,4600.0,8.2,669.0,1,nao,reforma,36,10500.0,0
E00587,43.0,2460.0,1.7,810.0,1,nao,veiculo,48,7400.0,0
E00588,50.0,1990.0,,331.0,4,nao,reforma,24,1400.0,1
E00589,51.0,6760.0,6.0,461.0,0,nao,reforma,12,23000.0,0
E00590,48.0,8390.0,5.4,450.0,0,nao,veiculo,60,28400.0,1
E00591,34.0,2210.0,3.9,760.0,3,sim,pessoal,60,7200.0,0
E00592,41.0,10520.0,8.6,702.0,2,sim,negocio,60,22200.0,0
E00593,40.0,2950.0,3.6,643.0,2,nao,veiculo,12,11600.0,0
E00594,59.0,4700.0,3.8,748.0,0,nao,educacao,36,23100.0,0
E00595,28.0,1480.0,9.4,614.0,0,nao,veiculo,24,1000.0,1
E00596,34.0,7010.0,4.2,785.0,0,nao,pessoal,12,19400.0,1
E00597,63.0,1610.0,4.4,820.0,2,nao,veiculo,60,3500.0,0
E00598,56.0,1670.0,13.8,450.0,1,sim,educacao,12,3000.0,1
E00599,41.0,4660.0,1.0,723.0,2,nao,pessoal,24,22000.0,0
E00600,38.0,1600.0,9.6,720.0,3,sim,negocio,24,5800.0,0
E00601,51.0,3800.0,5.4,518.0,1,sim,negocio,24,2900.0,1
E00602,53.0,1830.0,5.3,479.0,0,sim,veiculo,36,7900.0,0
E00603,40.0,7450.0,1.7,630.0,1,sim,pessoal,60,14300.0,0
E00604,63.0,6810.0,1.5,675.0,0,sim,pessoal,24,13000.0,0
E00605,38.0,2520.0,0.3,716.0,2,sim,pessoal,24,3100.0,1
E00606,42.0,6270.0,4.7,792.0,3,nao,negocio,24,13300.0,0
E00607,58.0,2630.0,8.0,651.0,0,nao,educacao,24,6300.0,0
E00608,38.0,6780.0,2.0,665.0,2,nao,negocio,12,36900.0,1
E00609,62.0,4500.0,10.0,910.0,1,nao,reforma,60,6900.0,0
E00610,49.0,8890.0,3.7,678.0,0,nao,reforma,36,46600.0,1
E00611,33.0,2830.0,2.5,580.0,2,sim,reforma,12,6400.0,0
E00612,58.0,3940.0,2.4,720.0,0,nao,pessoal,12,8400.0,0
E00613,34.0,5360.0,1.6,591.0,0,nao,veiculo,12,30300.0,1
E00614,26.0,10600.0,5.0,592.0,1,nao,pessoal,24,52700.0,0
E00615,40.0,4370.0,3.4,527.0,2,nao,reforma,48,15000.0,0
E00616,33.0,2320.0,7.1,676.0,0,sim,reforma,60,4800.0,0
E00617,37.0,1470.0,5.8,798.0,2,sim,veiculo,24,3600.0,0
E00618,35.0,3510.0,0.6,695.0,2,sim,educacao,36,8100.0,0
E00619,30.0,4130.0,3.9,721.0,4,sim,pessoal,12,14600.0,1
E00620,20.0,1300.0,1.2,726.0,0,sim,reforma,36,5500.0,0
E00621,50.0,,3.5,806.0,0,sim,negocio,48,22300.0,0
E00622,47.0,6700.0,14.4,562.0,2,nao,veiculo,12,17100.0,0
E00623,47.0,1810.0,7.0,577.0,2,sim,educacao,24,3400.0,0
E00624,43.0,2780.0,6.7,684.0,0,nao,veiculo,12,9600.0,0
E00625,30.0,1300.0,2.0,646.0,3,sim,pessoal,36,1600.0,0
E00626,45.0,3050.0,8.7,559.0,0,nao,pessoal,60,8500.0,0
E00627,33.0,2790.0,0.8,668.0,0,sim,veiculo,24,13200.0,0
E00628,31.0,6930.0,7.6,412.0,2,nao,pessoal,12,20300.0,1
E00629,18.0,3810.0,4.6,754.0,0,nao,pessoal,36,7700.0,0
E00630,52.0,5550.0,2.8,555.0,3,sim,pessoal,48,7700.0,0
E00631,31.0,6780.0,5.2,424.0,4,sim,pessoal,36,13300.0,1
E00632,47.0,15860.0,3.0,756.0,0,sim,pessoal,36,10500.0,0
E00633,24.0,4520.0,7.7,655.0,0,nao,reforma,12,14100.0,1
E00634,31.0,2330.0,8.9,700.0,1,sim,negocio,12,10500.0,1
E00635,54.0,2390.0,7.5,846.0,1,nao,pessoal,36,2500.0,0
E00636,51.0,5230.0,12.8,752.0,1,sim,pessoal,48,9500.0,0
E00637,55.0,5770.0,4.3,785.0,0,sim,reforma,48,34000.0,0
E00638,35.0,4960.0,6.1,686.0,0,nao,reforma,48,14900.0,0
E00639,27.0,2750.0,11.2,885.0,2,sim,veiculo,48,5600.0,0
E00640,45.0,9880.0,3.6,697.0,5,sim,veiculo,48,13700.0,0
E00641,21.0,3980.0,2.2,493.0,2,sim,educacao,24,22800.0,1
E00642,33.0,2430.0,4.6,471.0,2,nao,negocio,24,4800.0,1
E00643,31.0,9280.0,9.4,739.0,3,nao,veiculo,48,37100.0,0
E00644,58.0,12720.0,6.2,546.0,3,nao,pessoal,12,53900.0,1
E00645,32.0,11080.0,1.9,664.0,1,sim,pessoal,12,66400.0,0
E00646,42.0,1950.0,1.6,713.0,2,sim,negocio,36,6400.0,0
E00647,24.0,12470.0,5.8,606.0,0,nao,reforma,36,40300.0,0
E00648,53.0,3080.0,3.2,520.0,0,nao,pessoal,48,2800.0,1
E00649,49.0,2770.0,7.0,521.0,2,nao,reforma,24,13500.0,0
E00650,35.0,5110.0,5.0,609.0,5,nao,pessoal,36,3000.0,1
E00651,52.0,3470.0,,697.0,3,sim,pessoal,36,15500.0,0
E00652,57.0,,0.8,507.0,0,nao,negocio,12,4500.0,1
E00653,35.0,3190.0,3.0,873.0,0,sim,reforma,24,8400.0,0
E00654,53.0,,1.7,703.0,1,sim,reforma,60,18800.0,0
E00655,40.0,3250.0,12.5,687.0,2,sim,negocio,48,13800.0,0
E00656,24.0,6560.0,1.9,637.0,2,sim,veiculo,48,20500.0,0
E00657,45.0,3770.0,16.6,655.0,1,nao,pessoal,36,9100.0,0
E00658,34.0,2500.0,14.6,686.0,2,nao,veiculo,36,10900.0,0
E00659,25.0,2020.0,17.7,660.0,0,sim,negocio,36,8900.0,0
E00660,43.0,5400.0,19.6,795.0,2,sim,veiculo,24,30200.0,0
E00661,45.0,4500.0,5.2,787.0,1,sim,pessoal,12,12100.0,0
E00662,64.0,5380.0,8.4,670.0,1,sim,negocio,24,11200.0,0
E00663,38.0,4400.0,7.9,567.0,1,nao,pessoal,60,19900.0,0
E00664,25.0,5440.0,6.8,547.0,3,nao,reforma,24,24100.0,1
E00665,35.0,2750.0,9.7,646.0,0,nao,negocio,48,2500.0,0
E00666,53.0,3740.0,5.8,620.0,1,sim,reforma,36,21100.0,0
E00667,63.0,11100.0,10.3,712.0,1,sim,veiculo,24,43800.0,0
E00668,51.0,4940.0,3.8,835.0,1,nao,pessoal,12,20600.0,0
E00669,45.0,8060.0,1.0,682.0,1,nao,pessoal,12,4400.0,0
E00670,35.0,1900.0,2.2,571.0,2,sim,veiculo,36,1600.0,0
E00671,34.0,3080.0,6.0,507.0,0,sim,veiculo,24,5900.0,0
E00672,46.0,2610.0,12.4,631.0,2,sim,pessoal,36,10000.0,0
E00673,43.0,2030.0,13.9,674.0,0,nao,pessoal,36,5800.0,0
E00674,21.0,4060.0,2.3,538.0,1,nao,reforma,48,7800.0,0
E00675,25.0,3160.0,0.3,645.0,0,nao,pessoal,12,13400.0,1
E00676,37.0,3720.0,2.1,783.0,3,nao,reforma,48,5000.0,0
E00677,41.0,4400.0,4.3,596.0,2,nao,veiculo,12,3100.0,0
E00678,33.0,3290.0,7.1,627.0,1,nao,reforma,36,5400.0,1
E00679,44.0,5490.0,1.3,732.0,1,sim,veiculo,36,18000.0,0
E00680,43.0,7270.0,1.7,818.0,1,sim,veiculo,24,39500.0,0
E00681,45.0,1390.0,7.1,722.0,1,sim,reforma,36,7000.0,0
E00682,51.0,3190.0,4.2,486.0,0,nao,negocio,12,10700.0,1
E00683,27.0,6850.0,2.7,804.0,2,sim,pessoal,24,34100.0,0
E00684,41.0,2760.0,4.9,572.0,1,sim,pessoal,48,7900.0,0
E00685,43.0,10690.0,4.5,591.0,0,nao,pessoal,60,63500.0,0
E00686,48.0,11030.0,3.9,499.0,0,sim,veiculo,36,59200.0,1
E00687,40.0,2280.0,15.7,588.0,0,nao,veiculo,24,13100.0,0
E00688,30.0,3270.0,1.1,678.0,1,sim,veiculo,48,14600.0,1
E00689,39.0,5220.0,9.2,516.0,4,nao,pessoal,36,21100.0,0
E00690,40.0,10880.0,4.2,625.0,0,nao,educacao,48,26600.0,1
E00691,41.0,5570.0,,471.0,2,nao,pessoal,24,8500.0,0
E00692,57.0,5010.0,4.1,707.0,2,sim,negocio,36,29300.0,0
E00693,33.0,4850.0,15.1,594.0,2,nao,negocio,12,6300.0,0
E00694,43.0,5540.0,3.2,668.0,1,sim,pessoal,24,7700.0,0
E00695,18.0,4280.0,7.8,580.0,0,sim,veiculo,60,23600.0,0
E00696,30.0,4260.0,3.7,663.0,1,nao,reforma,48,5800.0,0
E00697,34.0,3780.0,,554.0,0,nao,pessoal,48,4000.0,1
E00698,36.0,4090.0,0.6,518.0,3,sim,negocio,36,15200.0,1
E00699,52.0,3710.0,,653.0,3,sim,pessoal,48,15500.0,0
E00700,52.0,9760.0,,782.0,0,sim,pessoal,36,40200.0,0
E00701,18.0,6420.0,16.6,452.0,1,nao,reforma,36,21500.0,0
E00702,37.0,4230.0,2.2,520.0,1,nao,educacao,24,5900.0,1
E00703,52.0,13490.0,4.5,750.0,0,nao,pessoal,36,34800.0,0
E00704,43.0,1400.0,13.6,645.0,1,nao,pessoal,36,6200.0,0
E00705,38.0,3380.0,3.6,657.0,4,nao,pessoal,12,7300.0,1
E00706,34.0,4310.0,13.2,874.0,1,sim,veiculo,24,5800.0,0
E00707,18.0,4020.0,11.5,598.0,0,nao,veiculo,24,8900.0,0
E00708,40.0,5920.0,10.4,532.0,1,nao,veiculo,24,6600.0,0
E00709,19.0,6140.0,1.8,546.0,0,nao,pessoal,12,11700.0,0
E00710,37.0,5210.0,10.8,760.0,0,sim,reforma,60,15000.0,0
E00711,55.0,2150.0,0.8,447.0,2,sim,pessoal,48,8000.0,0
E00712,47.0,7470.0,8.8,527.0,2,nao,veiculo,60,32900.0,1
E00713,29.0,3010.0,0.6,589.0,0,nao,pessoal,12,12600.0,0
E00714,41.0,4190.0,5.3,469.0,3,sim,veiculo,12,5000.0,1
E00715,56.0,5490.0,,538.0,1,sim,pessoal,48,17700.0,0
E00716,37.0,1300.0,16.7,765.0,0,sim,reforma,24,1600.0,0
E00717,45.0,3560.0,5.3,528.0,2,nao,pessoal,36,7500.0,0
E00718,45.0,1300.0,9.9,434.0,2,sim,pessoal,24,5900.0,1
E00719,42.0,3790.0,7.1,636.0,0,sim,educacao,12,10000.0,0
E00720,36.0,1300.0,4.3,399.0,0,sim,veiculo,48,7800.0,0
E00721,67.0,8340.0,13.3,777.0,2,nao,pessoal,36,46000.0,0
E00722,59.0,3010.0,2.4,579.0,2,sim,negocio,48,7000.0,1
E00723,41.0,2750.0,2.4,574.0,3,sim,reforma,48,11400.0,1
E00724,36.0,15200.0,9.6,620.0,1,nao,veiculo,36,40700.0,0
E00725,46.0,3690.0,4.8,720.0,1,sim,pessoal,24,15000.0,0
E00726,64.0,6830.0,4.2,578.0,2,nao,reforma,24,9700.0,1
E00727,44.0,2090.0,8.2,376.0,2,nao,pessoal,48,1100.0,0
E00728,53.0,2230.0,10.7,540.0,1,nao,negocio,60,9400.0,0
E00729,30.0,3780.0,20.4,708.0,2,sim,veiculo,48,7300.0,0
E00730,46.0,2790.0,1.7,503.0,1,nao,reforma,24,4300.0,1
E00731,59.0,2860.0,6.1,584.0,2,sim,negocio,60,8900.0,1
E00732,53.0,3730.0,8.6,639.0,0,nao,pessoal,24,17200.0,0
E00733,56.0,2600.0,5.4,546.0,0,nao,pessoal,48,3600.0,0
E00734,38.0,1560.0,5.1,678.0,0,nao,pessoal,48,3200.0,0
E00735,34.0,5170.0,0.4,558.0,1,sim,pessoal,60,6800.0,0
E00736,53.0,3870.0,14.8,816.0,2,sim,pessoal,60,3100.0,0
E00737,32.0,,0.6,749.0,1,nao,reforma,24,7600.0,1
E00738,58.0,11260.0,4.1,630.0,6,sim,pessoal,60,34700.0,0
E00739,52.0,6240.0,3.1,805.0,0,nao,educacao,24,13000.0,0
E00740,63.0,3110.0,4.9,667.0,1,nao,educacao,60,15100.0,0
E00741,35.0,3460.0,6.7,672.0,1,sim,veiculo,36,7200.0,1
E00742,29.0,1300.0,1.7,701.0,1,nao,pessoal,24,3800.0,0
E00743,48.0,2290.0,2.3,665.0,0,nao,veiculo,24,3500.0,0
E00744,43.0,4850.0,7.5,715.0,2,sim,veiculo,12,14800.0,0
E00745,29.0,10110.0,5.9,669.0,1,sim,reforma,36,8900.0,0
E00746,50.0,,8.7,677.0,1,sim,negocio,48,12300.0,0
E00747,61.0,3280.0,12.9,835.0,1,sim,pessoal,60,15800.0,0
E00748,62.0,4110.0,16.2,808.0,1,sim,veiculo,24,3200.0,0
E00749,39.0,4700.0,1.7,512.0,2,nao,veiculo,60,18100.0,1
E00750,25.0,2090.0,9.1,634.0,1,sim,pessoal,24,4600.0,0
E00751,33.0,1940.0,6.4,623.0,1,sim,negocio,48,4800.0,1
E00752,29.0,18920.0,10.0,437.0,1,nao,negocio,48,83300.0,0
E00753,31.0,1580.0,7.4,826.0,0,nao,veiculo,48,3900.0,0
E00754,43.0,9040.0,1.7,534.0,1,sim,pessoal,48,34200.0,1
E00755,30.0,5230.0,3.6,738.0,0,sim,pessoal,12,26600.0,0
E00756,20.0,3930.0,12.6,472.0,1,nao,veiculo,48,13500.0,0
E00757,29.0,4850.0,2.3,611.0,1,nao,veiculo,24,25400.0,0
E00758,58.0,11600.0,17.5,603.0,1,nao,reforma,36,33000.0,1
E00759,49.0,4370.0,1.0,728.0,1,nao,veiculo,24,13300.0,0
E00760,27.0,5630.0,2.4,652.0,1,nao,veiculo,36,28400.0,0
E00761,46.0,11410.0,4.3,731.0,0,sim,veiculo,36,66800.0,0
E00762,40.0,7480.0,3.2,654.0,1,nao,negocio,60,35500.0,0
E00763,37.0,1500.0,4.2,575.0,2,nao,veiculo,24,3800.0,0
E00764,36.0,1510.0,8.9,548.0,1,nao,veiculo,48,7600.0,0
E00765,56.0,4780.0,3.5,728.0,1,nao,negocio,60,11400.0,0
E00766,29.0,2560.0,11.5,529.0,0,sim,negocio,36,12200.0,0
E00767,42.0,4650.0,0.8,623.0,0,sim,veiculo,12,20500.0,0
E00768,35.0,5130.0,1.2,509.0,1,sim,reforma,24,7500.0,0
E00769,25.0,11860.0,,647.0,3,nao,negocio,60,60000.0,1
E00770,52.0,3380.0,2.6,697.0,0,nao,pessoal,24,19800.0,0
E00771,55.0,3710.0,3.3,615.0,2,nao,reforma,12,9800.0,1
E00772,41.0,2090.0,1.2,432.0,0,sim,educacao,24,9200.0,0
E00773,51.0,3910.0,3.3,726.0,1,nao,veiculo,60,10800.0,0
E00774,34.0,2110.0,3.1,591.0,1,sim,reforma,36,9100.0,0
E00775,49.0,5640.0,2.3,850.0,2,nao,pessoal,48,19400.0,0
E00776,40.0,3240.0,5.9,688.0,0,sim,reforma,24,8300.0,0
E00777,31.0,3430.0,5.5,742.0,2,sim,reforma,36,5100.0,1
E00778,39.0,6650.0,0.8,414.0,3,sim,pessoal,24,6400.0,1
E00779,40.0,4120.0,1.6,573.0,3,nao,reforma,36,23800.0,1
E00780,46.0,6740.0,7.3,707.0,1,sim,veiculo,48,27300.0,1
E00781,18.0,2760.0,3.3,637.0,0,nao,pessoal,48,9600.0,1
E00782,35.0,6610.0,1.5,466.0,1,sim,veiculo,36,14400.0,1
E00783,55.0,2160.0,4.8,512.0,1,nao,pessoal,24,8700.0,1
E00784,39.0,7000.0,2.7,645.0,0,nao,reforma,36,18600.0,1
E00785,25.0,2750.0,5.1,628.0,1,sim,pessoal,24,3000.0,1
E00786,52.0,2110.0,3.0,419.0,2,sim,pessoal,24,6400.0,1
E00787,47.0,4570.0,15.8,814.0,0,sim,pessoal,60,17000.0,0
E00788,31.0,10980.0,8.7,639.0,1,nao,veiculo,24,16100.0,1
E00789,24.0,4190.0,3.4,739.0,2,nao,pessoal,60,7500.0,0
E00790,49.0,4240.0,0.9,780.0,1,nao,negocio,12,23500.0,0
E00791,36.0,1840.0,4.1,564.0,0,sim,reforma,60,4300.0,0
E00792,18.0,19800.0,1.8,656.0,0,sim,reforma,36,82400.0,0
E00793,25.0,1990.0,1.3,587.0,0,sim,pessoal,48,9700.0,0
E00794,36.0,4920.0,4.1,729.0,1,sim,veiculo,24,16600.0,0
E00795,62.0,5000.0,8.3,734.0,0,nao,pessoal,60,11800.0,0
E00796,49.0,3830.0,1.5,562.0,0,nao,reforma,12,19200.0,0
E00797,21.0,5770.0,9.5,560.0,1,sim,pessoal,48,26300.0,1
E00798,31.0,6750.0,9.7,531.0,0,nao,pessoal,36,10500.0,0
E00799,57.0,1350.0,8.9,705.0,0,nao,pessoal,36,6100.0,0
E00800,26.0,11360.0,10.2,597.0,3,sim,pessoal,24,51100.0,0
E00801,49.0,2600.0,3.1,506.0,0,nao,reforma,36,8000.0,0
E00802,30.0,3220.0,2.7,686.0,1,nao,pessoal,24,14800.0,0
E00803,35.0,2590.0,11.8,511.0,1,nao,negocio,24,10700.0,0
E00804,18.0,2100.0,7.3,539.0,2,sim,negocio,24,4000.0,1
E00805,37.0,8960.0,1.0,613.0,3,nao,educacao,36,41500.0,1
E00806,36.0,3480.0,0.5,661.0,1,sim,negocio,24,16800.0,1
E00807,35.0,6970.0,2.9,664.0,2,nao,pessoal,24,13200.0,0
E00808,64.0,7150.0,3.7,686.0,0,sim,educacao,36,16100.0,0
E00809,50.0,10290.0,4.6,529.0,0,nao,reforma,48,45600.0,0
E00810,30.0,1930.0,10.8,737.0,4,nao,educacao,36,6500.0,0
E00811,28.0,,2.1,625.0,1,sim,veiculo,36,4800.0,0
E00812,50.0,5500.0,3.4,716.0,3,nao,reforma,60,29300.0,0
E00813,27.0,7690.0,4.3,587.0,2,sim,educacao,36,40900.0,1
E00814,35.0,2370.0,4.5,450.0,1,nao,reforma,12,4200.0,0
E00815,52.0,2160.0,2.9,800.0,2,sim,veiculo,24,12800.0,0
E00816,35.0,6190.0,10.4,500.0,1,sim,pessoal,36,25000.0,0
E00817,32.0,4330.0,6.2,552.0,2,nao,reforma,36,11800.0,0
E00818,32.0,2750.0,1.1,732.0,1,sim,pessoal,36,3800.0,0
E00819,29.0,1750.0,2.1,733.0,2,sim,pessoal,24,10100.0,0
E00820,53.0,2240.0,0.8,699.0,2,nao,veiculo,12,7500.0,0
E00821,42.0,5970.0,6.2,393.0,2,sim,reforma,36,29900.0,1
E00822,37.0,8100.0,7.0,565.0,5,nao,educacao,24,24300.0,1
E00823,38.0,7830.0,8.5,604.0,1,nao,pessoal,36,6500.0,0
E00824,48.0,2340.0,0.6,553.0,0,nao,pessoal,24,10900.0,0
E00825,34.0,8110.0,1.5,538.0,2,sim,pessoal,60,11000.0,0
E00826,40.0,9050.0,4.4,754.0,1,nao,reforma,12,17300.0,0
E00827,29.0,5260.0,6.9,746.0,2,nao,veiculo,60,31000.0,0
E00828,59.0,4540.0,0.1,548.0,2,nao,reforma,12,24900.0,1
E00829,45.0,,4.3,652.0,2,nao,reforma,24,14300.0,0
E00830,24.0,1650.0,9.4,510.0,1,nao,pessoal,24,1300.0,0
E00831,33.0,1440.0,4.5,771.0,1,sim,negocio,48,1800.0,0
E00832,32.0,3990.0,4.9,549.0,0,sim,veiculo,24,7300.0,0
E00833,38.0,3850.0,1.9,541.0,3,nao,reforma,24,19800.0,1
E00834,62.0,1300.0,4.3,814.0,0,nao,veiculo,24,7300.0,0
E00835,34.0,4760.0,5.6,697.0,1,sim,reforma,12,16700.0,0
E00836,38.0,7480.0,6.4,446.0,2,sim,veiculo,36,28200.0,1
E00837,31.0,9410.0,19.4,599.0,0,nao,veiculo,36,11500.0,0
E00838,42.0,5100.0,2.7,615.0,0,nao,educacao,24,5700.0,0
E00839,32.0,3060.0,8.8,434.0,1,nao,reforma,60,3200.0,0
E00840,31.0,8650.0,8.9,459.0,0,nao,negocio,24,14800.0,1
E00841,34.0,8550.0,7.3,618.0,1,nao,veiculo,48,23500.0,0
E00842,41.0,4680.0,3.3,745.0,3,sim,veiculo,24,8200.0,1
E00843,38.0,6400.0,6.4,777.0,0,sim,negocio,24,30200.0,0
E00844,39.0,6490.0,2.1,864.0,0,sim,pessoal,36,27200.0,0
E00845,50.0,14870.0,3.6,665.0,1,sim,educacao,36,84800.0,0
E00846,25.0,1300.0,11.9,606.0,0,sim,pessoal,60,6300.0,0
E00847,42.0,7000.0,12.2,700.0,1,nao,negocio,24,34000.0,0
E00848,54.0,3730.0,8.7,676.0,1,nao,pessoal,12,15200.0,0
E00849,53.0,4360.0,2.7,550.0,1,nao,pessoal,36,3100.0,0
E00850,42.0,6770.0,6.3,675.0,1,nao,pessoal,60,29000.0,0
E00851,48.0,4240.0,4.8,658.0,1,nao,negocio,24,19200.0,0
E00852,55.0,4920.0,7.7,837.0,0,nao,reforma,36,2900.0,0
E00853,31.0,3740.0,0.2,594.0,3,sim,veiculo,24,18900.0,1
E00854,35.0,5770.0,7.5,622.0,0,sim,pessoal,36,8000.0,0
E00855,33.0,5380.0,9.7,500.0,0,sim,veiculo,24,22600.0,0
E00856,37.0,2370.0,6.9,451.0,0,nao,educacao,36,5900.0,1
E00857,30.0,5610.0,5.9,613.0,0,nao,pessoal,36,32900.0,0
E00858,34.0,6580.0,8.9,802.0,3,nao,reforma,12,29300.0,0
E00859,46.0,4930.0,6.1,604.0,1,sim,pessoal,48,23500.0,0
E00860,35.0,8650.0,2.8,626.0,2,sim,reforma,36,18800.0,1
E00861,42.0,3940.0,18.1,726.0,1,nao,veiculo,48,11200.0,0
E00862,31.0,2340.0,1.8,754.0,1,nao,educacao,24,8400.0,0
E00863,49.0,4540.0,1.9,590.0,2,sim,pessoal,24,13200.0,0
E00864,21.0,4100.0,6.1,673.0,1,nao,veiculo,36,23200.0,0
E00865,37.0,1780.0,11.5,607.0,1,nao,pessoal,12,7300.0,0
E00866,51.0,6400.0,11.6,518.0,2,nao,negocio,36,30100.0,0
E00867,36.0,13920.0,4.7,503.0,1,nao,pessoal,24,63800.0,0
E00868,30.0,4080.0,6.3,719.0,1,sim,pessoal,48,23200.0,0
E00869,53.0,2900.0,1.2,740.0,2,nao,pessoal,12,2800.0,0
E00870,31.0,1300.0,2.4,469.0,1,sim,veiculo,24,2900.0,1
E00871,36.0,5300.0,5.6,687.0,2,sim,negocio,36,6800.0,0
E00872,36.0,7430.0,5.7,777.0,0,sim,reforma,12,11900.0,1
E00873,34.0,3440.0,5.5,735.0,0,sim,negocio,24,8200.0,0
E00874,53.0,3860.0,9.0,562.0,2,nao,pessoal,24,5800.0,0
E00875,22.0,1480.0,5.0,670.0,1,sim,negocio,24,8500.0,0
E00876,32.0,4920.0,10.5,658.0,0,sim,reforma,36,10100.0,1
E00877,39.0,2110.0,0.3,554.0,0,nao,reforma,60,6800.0,1
E00878,46.0,5920.0,1.2,789.0,1,sim,veiculo,36,30200.0,0
E00879,26.0,4550.0,6.4,698.0,2,sim,pessoal,12,5400.0,0
E00880,47.0,3700.0,1.4,879.0,3,nao,pessoal,60,4800.0,0
E00881,45.0,8460.0,9.6,545.0,1,nao,pessoal,24,13600.0,0
E00882,24.0,2130.0,1.5,657.0,0,nao,negocio,12,1800.0,0
E00883,33.0,12440.0,6.1,763.0,1,sim,pessoal,24,49400.0,0
E00884,37.0,5560.0,2.4,406.0,1,sim,pessoal,12,29900.0,1
E00885,53.0,4150.0,10.2,672.0,2,nao,veiculo,24,17300.0,0
E00886,55.0,3010.0,5.6,432.0,3,sim,pessoal,36,8900.0,0
E00887,49.0,7360.0,13.3,448.0,0,sim,pessoal,12,41700.0,0
E00888,33.0,3180.0,7.0,592.0,0,sim,pessoal,24,13200.0,0
E00889,43.0,8700.0,0.9,744.0,4,sim,pessoal,36,40200.0,0
E00890,43.0,9580.0,5.8,600.0,2,sim,negocio,36,36700.0,0
E00891,26.0,2540.0,,538.0,1,nao,reforma,12,3000.0,0
E00892,38.0,5650.0,3.4,677.0,0,nao,veiculo,12,15200.0,0
E00893,58.0,1730.0,3.6,707.0,1,nao,veiculo,24,5000.0,0
E00894,27.0,8050.0,13.8,693.0,0,nao,pessoal,24,12700.0,1
E00895,44.0,5340.0,12.6,456.0,2,nao,pessoal,24,5900.0,0
E00896,40.0,3820.0,0.3,678.0,2,nao,negocio,48,8700.0,1
E00897,29.0,1320.0,0.8,755.0,2,nao,veiculo,24,4500.0,0
E00898,49.0,6060.0,7.0,649.0,0,sim,educacao,48,21600.0,0
E00899,33.0,4190.0,3.3,696.0,0,sim,educacao,12,24000.0,0
E00900,55.0,2190.0,8.9,783.0,0,sim,pessoal,48,11000.0,0
E00901,68.0,4960.0,0.6,523.0,1,nao,educacao,24,13300.0,1
E00902,41.0,9940.0,1.9,626.0,0,nao,veiculo,24,43100.0,0
E00903,62.0,10600.0,5.4,520.0,3,sim,reforma,48,26600.0,0
E00904,41.0,,0.0,605.0,0,nao,veiculo,36,15800.0,0
E00905,18.0,2070.0,5.3,530.0,2,nao,pessoal,24,10300.0,1
E00906,36.0,7730.0,5.6,646.0,3,nao,educacao,24,18700.0,0
E00907,39.0,1830.0,4.4,822.0,0,sim,pessoal,12,7500.0,1
E00908,61.0,2370.0,1.6,609.0,2,nao,pessoal,12,8400.0,1
E00909,41.0,6530.0,7.3,656.0,1,sim,educacao,24,16600.0,0
E00910,18.0,8740.0,1.7,805.0,0,nao,negocio,24,46600.0,0
E00911,45.0,6300.0,3.1,559.0,0,nao,pessoal,60,21800.0,0
E00912,41.0,3690.0,6.4,597.0,2,sim,pessoal,48,13900.0,0
E00913,38.0,6290.0,3.1,635.0,0,nao,reforma,12,16400.0,0
E00914,40.0,8460.0,4.3,595.0,2,nao,reforma,12,12500.0,1
E00915,54.0,5750.0,6.2,786.0,1,sim,negocio,24,29000.0,1
E00916,42.0,1300.0,7.7,530.0,2,nao,veiculo,24,4200.0,1
E00917,42.0,2940.0,1.6,612.0,1,nao,veiculo,60,8700.0,0
E00918,34.0,7510.0,3.1,769.0,1,sim,reforma,48,27100.0,0
E00919,25.0,2830.0,2.2,657.0,2,sim,veiculo,24,14800.0,1
E00920,42.0,7430.0,2.5,559.0,1,nao,pessoal,36,25800.0,1
E00921,33.0,5480.0,6.2,589.0,0,nao,negocio,12,7000.0,0
E00922,42.0,5220.0,1.2,685.0,0,nao,reforma,24,31100.0,0
E00923,18.0,8830.0,3.9,465.0,0,sim,veiculo,12,8300.0,0
E00924,41.0,3680.0,,782.0,1,nao,veiculo,12,8300.0,0
E00925,39.0,6610.0,,645.0,2,nao,educacao,60,34000.0,1
E00926,41.0,3850.0,4.9,696.0,2,sim,educacao,36,3300.0,0
E00927,43.0,5350.0,0.9,608.0,0,sim,veiculo,36,14700.0,0
E00928,46.0,7470.0,3.1,627.0,2,nao,pessoal,36,42600.0,1
E00929,47.0,2550.0,6.9,665.0,1,nao,pessoal,36,7200.0,0
E00930,38.0,4860.0,7.6,685.0,2,sim,negocio,24,10600.0,0
E00931,51.0,2250.0,0.8,821.0,1,nao,reforma,12,2500.0,0
E00932,39.0,3370.0,7.2,696.0,0,nao,pessoal,48,19600.0,0
E00933,24.0,3210.0,3.8,688.0,2,sim,reforma,36,11600.0,0
E00934,48.0,2810.0,10.5,618.0,0,nao,pessoal,12,2500.0,1
E00935,38.0,7370.0,0.5,726.0,1,nao,pessoal,36,32900.0,0
E00936,36.0,4250.0,2.4,599.0,0,sim,veiculo,36,17500.0,0
E00937,58.0,19920.0,4.7,692.0,1,sim,educacao,24,89600.0,0
E00938,37.0,4380.0,10.2,650.0,0,nao,reforma,60,9500.0,1
E00939,43.0,3020.0,2.0,516.0,1,sim,reforma,24,8900.0,0
E00940,53.0,6900.0,5.7,715.0,4,nao,reforma,12,32300.0,1
E00941,34.0,5720.0,7.0,551.0,1,nao,veiculo,24,19200.0,1
E00942,49.0,7730.0,2.7,912.0,0,nao,reforma,12,33100.0,0
E00943,42.0,3260.0,3.4,688.0,1,sim,negocio,48,14400.0,0
E00944,56.0,3430.0,8.5,696.0,1,sim,negocio,36,13200.0,0
E00945,33.0,,4.9,456.0,2,sim,reforma,36,25300.0,1
E00946,32.0,3900.0,1.8,855.0,0,nao,reforma,12,5200.0,0
E00947,43.0,8530.0,2.5,523.0,1,nao,negocio,48,36500.0,1
E00948,28.0,2140.0,2.8,400.0,1,sim,reforma,60,12500.0,1
E00949,55.0,7260.0,7.2,659.0,1,nao,educacao,36,19200.0,0
E00950,37.0,14260.0,8.5,421.0,2,sim,pessoal,24,47100.0,0
E00951,61.0,7220.0,17.2,654.0,2,sim,pessoal,36,33300.0,0
E00952,28.0,7530.0,2.1,607.0,0,sim,veiculo,36,18200.0,0
E00953,53.0,4410.0,4.2,440.0,2,nao,veiculo,36,23000.0,0
E00954,37.0,2160.0,1.8,601.0,1,sim,pessoal,24,12000.0,0
E00955,33.0,1300.0,1.3,660.0,1,nao,negocio,36,3600.0,0
E00956,45.0,5630.0,2.2,776.0,1,sim,pessoal,36,25100.0,0
E00957,42.0,3990.0,,549.0,1,nao,veiculo,48,14500.0,1
E00958,47.0,,15.6,763.0,1,nao,reforma,48,3400.0,1
E00959,32.0,11790.0,0.4,744.0,1,sim,pessoal,24,68400.0,1
E00960,21.0,3220.0,4.9,598.0,0,nao,negocio,24,6900.0,1
E00961,48.0,4560.0,1.6,562.0,0,nao,pessoal,36,10600.0,0
E00962,32.0,4710.0,1.1,523.0,1,sim,veiculo,24,24300.0,1
E00963,41.0,6630.0,0.5,659.0,0,nao,reforma,12,33700.0,0
E00964,47.0,,1.9,576.0,0,sim,educacao,24,10300.0,0
E00965,42.0,2380.0,2.3,617.0,0,sim,pessoal,24,8000.0,0
E00966,38.0,1750.0,10.6,689.0,1,nao,veiculo,36,9500.0,0
E00967,33.0,4030.0,2.5,738.0,1,nao,negocio,48,18700.0,0
E00968,53.0,3400.0,14.1,656.0,0,nao,pessoal,36,12400.0,0
E00969,49.0,6660.0,0.2,545.0,3,sim,pessoal,24,12500.0,1
E00970,54.0,2740.0,11.8,542.0,2,sim,reforma,24,3400.0,0
E00971,27.0,4980.0,4.5,503.0,0,nao,reforma,24,5100.0,0
E00972,32.0,7500.0,18.9,781.0,0,nao,negocio,60,22700.0,0
E00973,35.0,,7.2,629.0,1,nao,pessoal,48,6300.0,0
E00974,44.0,5370.0,2.1,751.0,1,nao,educacao,24,18200.0,1
E00975,60.0,4630.0,3.0,802.0,1,nao,negocio,12,8400.0,1
E00976,41.0,3060.0,5.9,502.0,2,nao,pessoal,24,9500.0,0
E00977,35.0,1590.0,13.6,845.0,1,nao,pessoal,36,8000.0,0
E00978,43.0,1300.0,4.3,740.0,0,nao,veiculo,24,3500.0,0
E00979,24.0,3420.0,1.8,729.0,1,nao,veiculo,24,13100.0,0
E00980,18.0,4750.0,8.2,727.0,0,sim,pessoal,60,14100.0,0
E00981,26.0,5420.0,3.6,746.0,2,sim,reforma,12,22600.0,1
E00982,35.0,3020.0,3.9,650.0,0,nao,veiculo,24,7900.0,0
E00983,45.0,8590.0,1.5,523.0,1,sim,reforma,48,47400.0,0
E00984,53.0,8010.0,0.9,651.0,0,nao,negocio,36,6900.0,0
E00985,56.0,3240.0,5.0,466.0,1,sim,reforma,12,3700.0,1
E00986,51.0,3690.0,7.7,534.0,1,nao,negocio,36,10900.0,0
E00987,24.0,3860.0,4.7,524.0,0,nao,veiculo,48,7000.0,0
E00988,37.0,4550.0,5.9,579.0,1,sim,reforma,48,4100.0,0
E00989,57.0,5500.0,10.8,594.0,0,nao,veiculo,60,32500.0,0
E00990,23.0,11210.0,6.4,429.0,0,sim,negocio,36,48400.0,0
E00991,40.0,2260.0,7.2,557.0,2,sim,veiculo,12,5400.0,0
E00992,40.0,3330.0,19.8,644.0,3,nao,pessoal,48,18600.0,0
E00993,50.0,4760.0,3.4,472.0,1,nao,veiculo,60,3300.0,0
E00994,18.0,2480.0,5.0,574.0,0,nao,reforma,36,4300.0,1
E00995,47.0,3120.0,4.6,677.0,2,sim,pessoal,60,16100.0,1
E00996,25.0,13010.0,4.7,428.0,1,nao,negocio,48,64300.0,1
E00997,50.0,8210.0,6.4,578.0,3,nao,veiculo,36,10100.0,1
E00998,25.0,5460.0,17.1,647.0,1,sim,pessoal,12,22000.0,1
E00999,41.0,3880.0,,755.0,0,sim,veiculo,36,2300.0,0
E01000,18.0,2470.0,3.0,811.0,3,sim,veiculo,36,3200.0,0
E01001,28.0,6770.0,4.7,700.0,1,sim,veiculo,12,20500.0,0
E01002,46.0,7120.0,1.8,832.0,2,nao,pessoal,24,9700.0,0
E01003,32.0,2710.0,6.1,868.0,1,nao,pessoal,36,4300.0,0
E01004,47.0,5920.0,2.1,692.0,2,nao,veiculo,36,16600.0,0
E01005,44.0,,12.6,568.0,1,sim,pessoal,36,2100.0,0
E01006,38.0,7230.0,6.1,614.0,1,sim,veiculo,12,9800.0,0
E01007,18.0,2180.0,3.2,640.0,1,nao,pessoal,36,9200.0,0
E01008,42.0,7440.0,3.3,707.0,1,sim,veiculo,12,23900.0,0
E01009,48.0,7210.0,0.5,456.0,2,sim,veiculo,24,19100.0,1
E01010,46.0,12320.0,5.2,607.0,2,nao,negocio,60,53500.0,1
E01011,30.0,6860.0,1.5,672.0,0,nao,negocio,12,11000.0,0
E01012,43.0,13210.0,2.8,679.0,2,sim,educacao,12,36300.0,1
E01013,38.0,2520.0,2.5,640.0,1,nao,pessoal,36,8000.0,0
E01014,42.0,2130.0,14.6,514.0,0,nao,negocio,48,3200.0,0
E01015,54.0,4670.0,7.3,636.0,1,nao,pessoal,24,6700.0,0
E01016,43.0,1780.0,3.8,538.0,1,nao,veiculo,60,6600.0,1
E01017,34.0,20110.0,11.7,515.0,0,sim,pessoal,12,87000.0,0
E01018,46.0,9450.0,5.1,836.0,0,nao,veiculo,24,30900.0,0
E01019,41.0,2710.0,4.4,435.0,3,sim,veiculo,24,6500.0,0
E01020,52.0,2240.0,0.4,647.0,1,sim,reforma,24,3100.0,0
E01021,27.0,4180.0,2.3,721.0,0,sim,reforma,24,17600.0,1
E01022,26.0,4130.0,7.1,744.0,0,nao,pessoal,48,4200.0,0
E01023,37.0,1650.0,15.2,667.0,2,sim,negocio,24,8700.0,0
E01024,19.0,4510.0,19.4,631.0,1,nao,veiculo,12,20300.0,0
E01025,35.0,4850.0,11.5,765.0,1,nao,pessoal,24,16500.0,1
E01026,42.0,14020.0,5.4,642.0,1,nao,pessoal,60,29600.0,0
E01027,53.0,5320.0,7.1,769.0,0,nao,educacao,48,8900.0,0
E01028,35.0,8000.0,17.4,776.0,1,sim,veiculo,48,19900.0,0
E01029,50.0,6110.0,4.7,618.0,1,nao,reforma,36,19900.0,0
E01030,42.0,5800.0,4.0,780.0,1,nao,veiculo,24,21900.0,0
E01031,38.0,2820.0,3.9,498.0,5,sim,pessoal,48,7700.0,1
E01032,28.0,2260.0,2.2,732.0,1,nao,veiculo,36,7700.0,0
E01033,33.0,5180.0,7.1,431.0,0,sim,pessoal,48,28200.0,1
E01034,33.0,3320.0,2.9,762.0,1,sim,veiculo,60,3000.0,0
E01035,36.0,2390.0,3.5,905.0,1,nao,veiculo,48,13800.0,0
E01036,33.0,4750.0,2.6,661.0,0,sim,negocio,48,11900.0,0
E01037,50.0,2230.0,0.6,669.0,1,sim,pessoal,60,4800.0,0
E01038,38.0,10390.0,12.6,826.0,3,nao,veiculo,48,28800.0,0
E01039,59.0,3050.0,3.9,630.0,1,nao,pessoal,24,18100.0,0
E01040,29.0,1300.0,5.1,364.0,2,sim,veiculo,48,7400.0,1
E01041,49.0,7790.0,2.7,671.0,0,nao,educacao,36,39200.0,0
E01042,26.0,11310.0,4.3,542.0,1,sim,reforma,60,5900.0,0
E01043,37.0,3800.0,5.0,626.0,0,sim,pessoal,24,11800.0,0
E01044,37.0,,15.6,521.0,0,nao,negocio,60,12200.0,0
E01045,37.0,,1.9,810.0,0,nao,pessoal,24,10300.0,0
E01046,53.0,13150.0,4.7,694.0,0,nao,educacao,36,70700.0,1
E01047,41.0,3870.0,13.1,599.0,2,sim,reforma,60,16700.0,0
E01048,60.0,2050.0,0.3,706.0,2,nao,negocio,60,3200.0,0
E01049,55.0,2840.0,3.2,634.0,0,nao,reforma,36,4200.0,0
E01050,39.0,6990.0,7.1,811.0,0,nao,educacao,24,12800.0,0
E01051,52.0,8380.0,8.6,696.0,0,nao,negocio,48,14800.0,0
E01052,25.0,6990.0,1.8,800.0,1,nao,pessoal,12,8900.0,0
E01053,39.0,3340.0,8.4,576.0,2,sim,reforma,48,2300.0,0
E01054,38.0,5190.0,2.1,664.0,2,nao,educacao,48,19700.0,0
E01055,45.0,1910.0,12.7,759.0,0,nao,pessoal,24,5300.0,0
E01056,47.0,3520.0,11.7,666.0,1,nao,negocio,12,2200.0,0
E01057,30.0,2560.0,12.9,392.0,1,nao,negocio,36,8800.0,1
E01058,44.0,17530.0,4.0,613.0,0,sim,veiculo,36,89900.0,0
E01059,55.0,3010.0,3.1,532.0,0,nao,pessoal,24,6700.0,0
E01060,48.0,6630.0,2.6,777.0,0,sim,educacao,24,34900.0,0
E01061,44.0,9310.0,18.7,718.0,1,sim,veiculo,36,23800.0,0
E01062,50.0,7340.0,3.6,751.0,0,sim,pessoal,60,30000.0,0
E01063,18.0,2930.0,3.5,549.0,2,nao,negocio,24,6400.0,0
E01064,18.0,15460.0,4.0,544.0,1,sim,pessoal,12,43600.0,1
E01065,59.0,3070.0,6.2,497.0,2,sim,pessoal,36,5600.0,1
E01066,47.0,,6.3,605.0,2,sim,veiculo,48,7500.0,0
E01067,43.0,12490.0,2.6,630.0,1,sim,pessoal,48,30900.0,0
E01068,41.0,5850.0,7.3,748.0,2,sim,pessoal,60,26500.0,0
E01069,39.0,4430.0,4.9,610.0,0,nao,reforma,48,23700.0,0
E01070,45.0,4450.0,12.9,535.0,3,sim,pessoal,36,4700.0,1
E01071,43.0,1420.0,13.8,745.0,1,sim,pessoal,48,1200.0,0
E01072,35.0,1380.0,,534.0,1,nao,veiculo,60,7600.0,0
E01073,42.0,5900.0,5.4,769.0,0,sim,reforma,60,23600.0,0
E01074,42.0,3570.0,0.8,930.0,0,nao,pessoal,60,10200.0,0
E01075,33.0,2530.0,10.5,587.0,0,sim,pessoal,36,2800.0,0
E01076,52.0,5630.0,6.4,359.0,1,nao,pessoal,36,30800.0,1
E01077,33.0,2070.0,10.1,662.0,1,sim,reforma,24,3300.0,0
E01078,32.0,4260.0,1.4,686.0,1,nao,pessoal,24,16400.0,0
E01079,35.0,2810.0,3.7,636.0,2,nao,veiculo,24,3800.0,0
E01080,23.0,6870.0,15.2,742.0,1,nao,pessoal,36,38300.0,0
E01081,38.0,3510.0,2.3,636.0,1,sim,pessoal,48,8600.0,1
E01082,35.0,7680.0,10.6,529.0,0,sim,pessoal,24,33000.0,0
E01083,47.0,3270.0,6.3,540.0,1,nao,pessoal,12,9600.0,0
E01084,39.0,2350.0,19.3,592.0,0,sim,reforma,12,2000.0,0
E01085,21.0,4300.0,9.5,612.0,2,nao,negocio,60,15600.0,1
E01086,35.0,7770.0,5.5,587.0,1,nao,pessoal,12,23800.0,0
E01087,24.0,2250.0,,632.0,2,nao,educacao,24,4800.0,0
E01088,51.0,2200.0,5.4,515.0,0,sim,educacao,24,8000.0,0
E01089,52.0,2520.0,3.2,836.0,1,nao,negocio,24,9500.0,0
E01090,44.0,11470.0,0.3,590.0,1,nao,pessoal,60,35500.0,0
E01091,48.0,2760.0,2.2,527.0,0,sim,negocio,48,8100.0,0
E01092,41.0,8570.0,8.7,670.0,1,nao,pessoal,24,9000.0,0
E01093,43.0,3720.0,0.1,580.0,3,nao,veiculo,12,11500.0,0
E01094,33.0,3030.0,3.3,601.0,1,sim,veiculo,24,10000.0,0
E01095,36.0,6440.0,3.0,666.0,0,nao,veiculo,48,18300.0,0
E01096,48.0,4050.0,8.6,655.0,2,sim,negocio,36,22700.0,0
E01097,30.0,8110.0,2.1,503.0,0,nao,pessoal,60,46400.0,1
E01098,42.0,2720.0,4.9,713.0,0,nao,veiculo,60,11000.0,0
E01099,33.0,4840.0,2.7,626.0,0,nao,reforma,36,7800.0,0
E01100,32.0,2140.0,1.8,579.0,2,nao,veiculo,12,12800.0,1
E01101,52.0,1660.0,16.8,807.0,2,sim,veiculo,36,8600.0,0
E01102,46.0,3000.0,1.0,698.0,3,nao,negocio,48,14800.0,1
E01103,43.0,3640.0,1.7,524.0,2,sim,reforma,48,20800.0,0
E01104,29.0,3320.0,1.2,577.0,1,nao,pessoal,12,12300.0,0
E01105,40.0,1900.0,2.9,583.0,1,sim,negocio,24,1500.0,0
E01106,36.0,3470.0,10.0,741.0,2,nao,negocio,24,8400.0,0
E01107,26.0,3440.0,6.1,564.0,1,sim,reforma,24,7800.0,0
E01108,46.0,10430.0,6.3,575.0,3,nao,reforma,12,13700.0,1
E01109,45.0,5670.0,4.5,522.0,0,nao,negocio,12,23800.0,0
E01110,18.0,1410.0,1.0,723.0,1,nao,pessoal,24,4100.0,1
E01111,38.0,2810.0,0.9,612.0,2,nao,pessoal,24,14900.0,0
E01112,59.0,5920.0,1.7,526.0,4,sim,pessoal,48,20900.0,1
E01113,43.0,3100.0,0.6,422.0,0,sim,veiculo,36,8200.0,0
E01114,59.0,2620.0,11.7,605.0,0,sim,negocio,48,11200.0,0
E01115,44.0,2100.0,5.3,551.0,0,nao,veiculo,24,7800.0,0
E01116,46.0,4330.0,1.7,600.0,1,sim,pessoal,36,14000.0,1
E01117,38.0,12290.0,18.8,764.0,3,nao,educacao,24,16100.0,0
E01118,30.0,2410.0,2.2,805.0,0,nao,pessoal,24,7800.0,0
E01119,30.0,8440.0,2.3,535.0,2,sim,negocio,36,24000.0,0
E01120,52.0,,4.7,531.0,2,nao,negocio,36,21300.0,1
E01121,37.0,2980.0,3.2,642.0,1,sim,negocio,60,13300.0,0
E01122,34.0,5640.0,11.1,708.0,0,sim,pessoal,12,13000.0,0
E01123,60.0,1670.0,,731.0,2,nao,pessoal,12,3100.0,0
E01124,63.0,,2.7,819.0,2,nao,pessoal,12,8400.0,0
E01125,42.0,3760.0,14.6,654.0,4,nao,reforma,12,13700.0,0
E01126,21.0,4010.0,4.5,625.0,2,sim,pessoal,24,5200.0,1
E01127,39.0,4290.0,4.3,585.0,1,sim,negocio,24,9300.0,0
E01128,29.0,7330.0,11.9,543.0,1,nao,negocio,12,31500.0,0
E01129,27.0,2550.0,3.9,687.0,2,nao,veiculo,12,9100.0,0
E01130,55.0,1300.0,4.6,871.0,2,sim,veiculo,36,2400.0,0
E01131,26.0,1300.0,3.5,648.0,2,nao,negocio,24,4400.0,0
E01132,32.0,3350.0,0.7,862.0,1,nao,reforma,24,19100.0,0
E01133,38.0,16110.0,2.6,779.0,0,nao,veiculo,12,14600.0,0
E01134,27.0,3320.0,21.8,400.0,1,nao,pessoal,24,3100.0,0
E01135,33.0,10000.0,2.8,713.0,1,nao,pessoal,36,22300.0,0
E01136,28.0,2730.0,12.2,418.0,0,nao,pessoal,60,3300.0,1
E01137,26.0,6610.0,0.9,720.0,0,nao,veiculo,60,5800.0,0
E01138,39.0,2890.0,1.2,582.0,3,nao,pessoal,24,7100.0,0
E01139,39.0,1840.0,6.4,649.0,1,sim,educacao,24,10600.0,0
E01140,25.0,4250.0,0.6,552.0,1,nao,negocio,48,7300.0,0
E01141,25.0,4780.0,0.5,703.0,1,nao,pessoal,24,17300.0,0
E01142,26.0,4800.0,1.1,881.0,1,nao,pessoal,24,19700.0,0
E01143,26.0,8050.0,4.6,913.0,1,nao,reforma,36,23200.0,0
E01144,38.0,,2.1,549.0,2,nao,pessoal,24,27200.0,0
E01145,43.0,9150.0,2.4,632.0,2,nao,pessoal,48,47400.0,1
E01146,35.0,9100.0,3.4,754.0,0,sim,veiculo,12,29900.0,0
E01147,54.0,4110.0,0.9,660.0,0,sim,veiculo,48,24300.0,0
E01148,55.0,1420.0,11.0,586.0,0,nao,reforma,24,5700.0,0
E01149,20.0,3210.0,22.3,748.0,0,sim,pessoal,36,3500.0,0
E01150,41.0,5650.0,2.5,596.0,1,nao,negocio,36,12900.0,0
E01151,20.0,4530.0,7.7,683.0,3,nao,veiculo,12,16900.0,0
E01152,41.0,11870.0,1.6,719.0,1,nao,veiculo,24,10900.0,0
E01153,51.0,9310.0,9.8,667.0,0,sim,veiculo,36,45400.0,0
E01154,44.0,6160.0,13.4,557.0,1,nao,negocio,48,36600.0,0
E01155,30.0,4930.0,7.0,642.0,3,nao,pessoal,12,5700.0,1
E01156,53.0,3510.0,0.5,715.0,1,nao,negocio,24,7500.0,0
E01157,31.0,6600.0,6.9,611.0,1,nao,veiculo,24,26400.0,1
E01158,42.0,4100.0,2.9,675.0,0,sim,educacao,12,11200.0,0
E01159,29.0,2150.0,11.9,710.0,0,nao,pessoal,36,1400.0,0
E01160,43.0,8420.0,8.6,739.0,2,nao,reforma,36,38000.0,0
E01161,37.0,1310.0,7.6,632.0,0,sim,veiculo,60,4700.0,0
E01162,19.0,2760.0,7.6,558.0,0,nao,negocio,48,3700.0,0
E01163,35.0,3290.0,7.1,684.0,1,nao,pessoal,36,13300.0,1
E01164,48.0,2380.0,5.8,607.0,1,nao,reforma,24,9800.0,0
E01165,54.0,2410.0,9.7,519.0,3,nao,negocio,36,13900.0,1
E01166,35.0,4660.0,6.8,481.0,0,nao,negocio,36,5400.0,0
E01167,52.0,3150.0,10.2,682.0,2,nao,pessoal,36,9200.0,0
E01168,34.0,5640.0,7.0,490.0,2,nao,pessoal,60,14400.0,0
E01169,65.0,4430.0,,794.0,0,sim,negocio,12,5100.0,0
E01170,31.0,4370.0,0.2,577.0,1,sim,pessoal,48,4900.0,0
E01171,41.0,6050.0,8.6,459.0,0,nao,veiculo,36,5100.0,0
E01172,26.0,2350.0,5.4,813.0,1,nao,pessoal,24,2700.0,0
E01173,37.0,1300.0,0.6,623.0,0,sim,negocio,36,3300.0,0
E01174,47.0,6480.0,8.6,660.0,2,sim,veiculo,48,9000.0,0
E01175,74.0,3740.0,4.1,536.0,2,sim,veiculo,24,17700.0,0
E01176,32.0,5610.0,1.2,768.0,1,sim,pessoal,48,6100.0,0
E01177,18.0,1300.0,12.4,616.0,0,nao,educacao,36,6600.0,0
E01178,54.0,2940.0,8.5,418.0,3,sim,pessoal,36,11600.0,1
E01179,41.0,3760.0,2.6,609.0,1,sim,negocio,24,4400.0,0
E01180,56.0,4570.0,5.8,709.0,0,nao,educacao,48,3100.0,0
E01181,27.0,7770.0,6.7,553.0,0,nao,pessoal,60,19000.0,0
E01182,64.0,2870.0,1.8,480.0,0,sim,veiculo,12,3700.0,1
E01183,33.0,1300.0,3.5,611.0,0,sim,pessoal,36,5200.0,0
E01184,38.0,2380.0,3.2,855.0,0,sim,veiculo,12,10200.0,0
E01185,41.0,3410.0,2.9,795.0,2,sim,veiculo,12,10800.0,0
E01186,26.0,,6.1,781.0,1,nao,pessoal,12,11800.0,0
E01187,36.0,5170.0,1.4,754.0,1,sim,educacao,36,10900.0,0
E01188,20.0,2080.0,6.9,621.0,1,sim,pessoal,60,9800.0,0
E01189,47.0,7630.0,3.2,580.0,0,nao,negocio,12,6900.0,1
E01190,35.0,1660.0,0.8,670.0,0,nao,pessoal,36,2700.0,0
E01191,18.0,18720.0,2.4,729.0,1,sim,pessoal,24,78000.0,0
E01192,35.0,3670.0,4.4,504.0,1,nao,veiculo,36,20200.0,1
E01193,43.0,2060.0,9.9,617.0,0,sim,reforma,24,2300.0,0
E01194,44.0,3190.0,2.9,794.0,2,nao,pessoal,36,13400.0,0
E01195,61.0,2300.0,8.3,719.0,2,sim,pessoal,24,12600.0,0
E01196,42.0,2400.0,4.1,749.0,5,nao,pessoal,48,6200.0,0
E01197,37.0,6490.0,7.1,366.0,2,nao,negocio,24,9300.0,1
E01198,38.0,7840.0,9.6,670.0,0,sim,pessoal,12,23300.0,0
E01199,60.0,3360.0,4.3,652.0,0,nao,pessoal,36,14700.0,0
E01200,29.0,3720.0,0.7,508.0,0,nao,pessoal,24,11800.0,0
E01201,35.0,2000.0,3.6,684.0,3,nao,pessoal,60,4000.0,0
E01202,49.0,7890.0,9.8,776.0,1,nao,pessoal,36,31400.0,0
E01203,42.0,3030.0,3.0,609.0,1,nao,pessoal,48,11000.0,1
E01204,27.0,7480.0,11.2,696.0,1,nao,veiculo,24,23500.0,0
E01205,43.0,4700.0,2.6,593.0,1,nao,negocio,36,6400.0,0
E01206,61.0,3070.0,6.5,679.0,1,sim,pessoal,36,17100.0,0
E01207,39.0,2150.0,3.8,427.0,1,nao,pessoal,24,6800.0,1
E01208,35.0,11680.0,2.8,551.0,1,sim,veiculo,48,59400.0,0
E01209,40.0,5660.0,15.8,557.0,0,nao,veiculo,48,30900.0,0
E01210,38.0,4080.0,10.7,615.0,0,nao,veiculo,36,18600.0,0
E01211,66.0,7910.0,7.2,527.0,0,nao,negocio,24,34700.0,0
E01212,51.0,4690.0,11.7,721.0,2,nao,educacao,36,19000.0,0
E01213,18.0,3310.0,1.3,777.0,1,nao,pessoal,36,11700.0,0
E01214,56.0,1720.0,3.0,693.0,0,nao,reforma,36,2100.0,0
E01215,34.0,1910.0,6.4,679.0,1,sim,veiculo,24,10100.0,0
E01216,43.0,6870.0,2.0,656.0,1,sim,veiculo,48,31200.0,0
E01217,52.0,2930.0,8.5,772.0,1,sim,pessoal,12,9900.0,0
E01218,58.0,2360.0,10.2,508.0,1,nao,pessoal,36,8300.0,0
E01219,45.0,6380.0,0.4,400.0,2,sim,pessoal,36,18800.0,1
E01220,40.0,3360.0,,500.0,1,sim,reforma,60,5900.0,0
E01221,35.0,3140.0,8.2,573.0,1,nao,negocio,12,11400.0,0
E01222,40.0,1800.0,1.5,657.0,1,nao,reforma,24,6400.0,0
E01223,62.0,2040.0,2.5,726.0,0,nao,veiculo,36,4200.0,0
E01224,23.0,4160.0,3.9,618.0,2,sim,pessoal,36,19200.0,0
E01225,38.0,3910.0,2.1,551.0,4,sim,reforma,36,23300.0,0
E01226,49.0,3300.0,11.8,628.0,2,nao,pessoal,24,6100.0,0
E01227,66.0,10570.0,3.4,744.0,1,nao,negocio,12,36600.0,1
E01228,63.0,4080.0,6.1,618.0,0,sim,pessoal,12,24400.0,0
E01229,44.0,5120.0,5.9,580.0,0,nao,pessoal,12,4100.0,0
E01230,50.0,1930.0,4.7,751.0,0,sim,veiculo,24,10600.0,0
E01231,52.0,3720.0,1.6,856.0,2,nao,reforma,60,4000.0,1
E01232,37.0,3580.0,17.1,667.0,2,nao,negocio,12,10600.0,0
E01233,51.0,2960.0,0.6,550.0,2,nao,pessoal,24,16800.0,0
E01234,35.0,,2.6,551.0,1,nao,veiculo,24,65200.0,0
E01235,25.0,3650.0,8.9,819.0,1,sim,veiculo,24,8300.0,0
E01236,49.0,4840.0,15.2,722.0,0,nao,educacao,24,12800.0,0
E01237,41.0,5810.0,7.2,687.0,1,sim,educacao,24,26700.0,0
E01238,52.0,3760.0,5.6,695.0,1,nao,pessoal,36,11800.0,0
E01239,45.0,4070.0,0.2,595.0,2,sim,pessoal,12,17700.0,1
E01240,31.0,6680.0,2.7,730.0,1,sim,pessoal,36,11000.0,0
E01241,57.0,1830.0,2.7,759.0,0,sim,veiculo,60,3100.0,0
E01242,49.0,10530.0,9.8,660.0,1,nao,pessoal,24,6100.0,0
E01243,50.0,5170.0,5.0,594.0,2,sim,pessoal,36,15500.0,0
E01244,28.0,10190.0,0.5,619.0,1,nao,educacao,24,51700.0,0
E01245,33.0,6140.0,20.8,634.0,3,nao,pessoal,24,23300.0,0
E01246,35.0,1430.0,5.7,751.0,0,nao,negocio,24,1000.0,0
E01247,41.0,2450.0,6.4,742.0,2,nao,negocio,60,4200.0,0
E01248,66.0,3250.0,3.1,670.0,3,nao,negocio,60,14600.0,0
E01249,25.0,1700.0,6.0,682.0,0,nao,veiculo,12,1700.0,0
E01250,42.0,3710.0,2.0,647.0,1,nao,negocio,12,3800.0,0
E01251,29.0,2020.0,3.2,359.0,0,nao,educacao,24,7900.0,1
E01252,30.0,3420.0,1.0,568.0,1,nao,pessoal,12,3200.0,0
E01253,37.0,2440.0,4.1,620.0,1,sim,veiculo,48,1700.0,1
E01254,46.0,3670.0,6.9,651.0,1,sim,veiculo,24,7700.0,0
E01255,18.0,,1.8,431.0,0,nao,pessoal,36,44500.0,1
E01256,23.0,2620.0,2.7,768.0,0,nao,reforma,12,4400.0,1
E01257,34.0,4680.0,1.8,526.0,2,nao,pessoal,24,9700.0,1
E01258,38.0,2400.0,2.3,703.0,0,nao,veiculo,24,12700.0,0
E01259,29.0,5690.0,1.1,604.0,0,nao,veiculo,12,11600.0,0
E01260,36.0,2780.0,0.7,686.0,1,nao,negocio,48,8000.0,0
E01261,36.0,5280.0,5.6,470.0,4,sim,pessoal,24,3100.0,1
E01262,47.0,1300.0,9.7,576.0,2,sim,educacao,48,2800.0,0
E01263,44.0,1840.0,6.8,783.0,2,nao,veiculo,36,4400.0,0
E01264,39.0,5580.0,7.0,579.0,1,sim,veiculo,12,12200.0,0
E01265,54.0,8760.0,8.6,483.0,0,nao,veiculo,24,36700.0,0
E01266,50.0,,2.5,661.0,0,nao,veiculo,36,13900.0,0
E01267,37.0,4750.0,1.0,633.0,0,sim,pessoal,24,15800.0,0
E01268,24.0,2800.0,3.0,578.0,3,nao,pessoal,12,7800.0,0
E01269,38.0,1940.0,11.4,726.0,0,nao,reforma,48,4300.0,0
E01270,23.0,3740.0,2.8,573.0,2,nao,educacao,24,2100.0,0
E01271,47.0,2160.0,0.8,550.0,0,nao,pessoal,48,3600.0,0
E01272,63.0,3100.0,10.2,712.0,0,nao,educacao,36,10400.0,0
E01273,45.0,5380.0,4.9,570.0,0,sim,veiculo,48,16200.0,0
E01274,51.0,2870.0,2.6,550.0,2,nao,veiculo,24,2500.0,1
E01275,29.0,3150.0,1.5,958.0,2,nao,educacao,12,15000.0,0
E01276,42.0,3610.0,13.8,739.0,0,nao,negocio,24,14900.0,0
E01277,38.0,5340.0,7.3,830.0,3,sim,reforma,24,30700.0,0
E01278,30.0,3360.0,6.8,638.0,0,nao,negocio,36,4200.0,0
E01279,38.0,,0.7,569.0,2,sim,pessoal,12,23500.0,1
E01280,26.0,6550.0,10.4,507.0,2,nao,pessoal,36,5900.0,0
E01281,51.0,8560.0,0.4,619.0,0,nao,veiculo,24,19600.0,0
E01282,34.0,5160.0,7.1,425.0,1,sim,veiculo,48,12800.0,0
E01283,30.0,10470.0,2.2,405.0,1,sim,veiculo,60,13600.0,0
E01284,42.0,4620.0,2.6,588.0,0,sim,pessoal,48,7000.0,0
E01285,49.0,5590.0,3.4,607.0,0,nao,pessoal,36,14100.0,0
E01286,52.0,,4.2,607.0,0,nao,veiculo,48,8900.0,0
E01287,32.0,5180.0,7.9,704.0,1,sim,pessoal,48,5800.0,0
E01288,40.0,5950.0,5.3,566.0,1,nao,pessoal,12,30900.0,0
E01289,53.0,5270.0,16.0,701.0,1,nao,pessoal,12,2700.0,0
E01290,28.0,6880.0,1.3,644.0,2,nao,veiculo,36,23000.0,1
E01291,41.0,5020.0,1.5,607.0,1,sim,negocio,60,4700.0,0
E01292,41.0,3880.0,1.2,509.0,0,nao,pessoal,36,21200.0,0
E01293,28.0,,11.2,878.0,1,nao,pessoal,48,9800.0,0
E01294,54.0,2150.0,2.9,820.0,1,nao,negocio,48,6900.0,0
E01295,36.0,6560.0,2.6,607.0,0,sim,veiculo,60,5400.0,1
E01296,56.0,4050.0,14.3,766.0,2,nao,pessoal,36,22900.0,0
E01297,27.0,5310.0,4.8,703.0,0,sim,veiculo,12,6200.0,0
E01298,18.0,3010.0,1.1,748.0,1,nao,veiculo,60,8200.0,1
E01299,33.0,5910.0,6.9,570.0,2,nao,negocio,48,32600.0,0
E01300,45.0,2290.0,4.9,791.0,0,nao,reforma,60,9400.0,0
E01301,34.0,3260.0,8.6,479.0,1,sim,veiculo,12,19400.0,1
E01302,41.0,4830.0,0.4,417.0,1,nao,reforma,24,12000.0,0
E01303,40.0,2550.0,2.1,610.0,0,sim,veiculo,24,6700.0,0
E01304,29.0,7840.0,3.4,573.0,0,nao,pessoal,24,12000.0,0
E01305,74.0,7690.0,4.5,707.0,0,sim,pessoal,36,9800.0,0
E01306,39.0,2900.0,9.0,454.0,0,nao,veiculo,48,4200.0,0
E01307,32.0,6310.0,6.1,659.0,1,nao,veiculo,24,29200.0,0
E01308,72.0,3010.0,4.6,569.0,1,sim,veiculo,48,9700.0,0
E01309,29.0,10330.0,13.2,807.0,0,nao,pessoal,24,16400.0,0
E01310,42.0,1300.0,1.1,469.0,1,nao,pessoal,36,6600.0,0
E01311,33.0,6710.0,3.9,802.0,1,nao,reforma,12,19700.0,0
E01312,26.0,6950.0,15.3,769.0,3,sim,pessoal,24,37100.0,0
E01313,52.0,2800.0,1.6,630.0,1,nao,pessoal,24,7100.0,1
E01314,41.0,5330.0,15.5,696.0,0,sim,veiculo,48,24000.0,0
E01315,25.0,2880.0,5.0,729.0,0,nao,negocio,36,15800.0,0
E01316,64.0,2820.0,9.2,634.0,0,nao,negocio,24,12000.0,0
E01317,41.0,7570.0,2.9,740.0,1,nao,educacao,36,26100.0,0
E01318,56.0,10200.0,12.8,588.0,2,sim,reforma,24,37000.0,1
E01319,57.0,2470.0,0.6,742.0,1,nao,veiculo,36,9300.0,0
E01320,22.0,7760.0,2.4,593.0,2,nao,pessoal,24,38900.0,0
E01321,50.0,7290.0,5.0,610.0,0,sim,veiculo,24,5400.0,0
E01322,53.0,1670.0,4.9,731.0,0,sim,veiculo,24,3800.0,0
E01323,42.0,2830.0,12.5,502.0,0,sim,reforma,12,16600.0,0
E01324,53.0,2350.0,2.6,791.0,0,sim,reforma,24,5100.0,0
E01325,35.0,4420.0,6.4,614.0,3,sim,veiculo,24,7000.0,0
E01326,60.0,2690.0,6.3,695.0,0,sim,pessoal,24,5500.0,0
E01327,35.0,4200.0,16.5,643.0,3,nao,reforma,24,8700.0,0
E01328,60.0,7250.0,4.0,702.0,0,sim,veiculo,48,11600.0,0
E01329,46.0,5610.0,4.6,589.0,2,nao,negocio,36,14700.0,0
E01330,46.0,2830.0,8.5,685.0,2,sim,pessoal,24,10100.0,1
E01331,25.0,7250.0,0.6,595.0,0,nao,negocio,12,14200.0,1
E01332,59.0,7300.0,16.9,937.0,1,sim,veiculo,60,35100.0,0
E01333,30.0,7530.0,2.4,558.0,0,sim,veiculo,60,21300.0,0
E01334,62.0,7040.0,0.4,736.0,4,sim,veiculo,24,31300.0,0
E01335,45.0,2060.0,30.5,533.0,2,nao,veiculo,24,8200.0,0
E01336,46.0,6860.0,17.8,519.0,1,sim,pessoal,24,14500.0,0
E01337,35.0,3440.0,5.4,709.0,2,nao,pessoal,48,5800.0,0
E01338,36.0,3400.0,9.9,300.0,1,nao,reforma,60,10900.0,0
E01339,21.0,4170.0,1.7,503.0,2,nao,pessoal,36,19800.0,1
E01340,51.0,4330.0,2.5,529.0,1,sim,veiculo,24,22100.0,1
E01341,46.0,1400.0,1.6,699.0,0,sim,veiculo,12,1000.0,0
E01342,60.0,5600.0,9.3,604.0,1,nao,veiculo,24,12100.0,0
E01343,38.0,4490.0,10.0,456.0,0,nao,pessoal,48,8300.0,0
E01344,66.0,4710.0,6.8,612.0,0,nao,negocio,60,4700.0,0
E01345,29.0,1760.0,6.6,620.0,1,sim,veiculo,36,3600.0,0
E01346,45.0,2550.0,6.1,682.0,0,sim,negocio,24,2900.0,0
E01347,49.0,3300.0,4.5,442.0,0,nao,pessoal,24,6400.0,0
E01348,47.0,5200.0,10.6,632.0,1,nao,negocio,24,21100.0,0
E01349,36.0,6890.0,0.6,651.0,1,sim,educacao,60,12800.0,1
E01350,25.0,2770.0,6.1,673.0,0,nao,negocio,12,4400.0,0
E01351,41.0,6740.0,2.1,700.0,1,nao,veiculo,60,23000.0,0
E01352,35.0,2850.0,5.5,681.0,0,nao,educacao,48,9000.0,0
E01353,64.0,3150.0,7.1,744.0,0,sim,pessoal,24,3300.0,0
E01354,48.0,3820.0,7.1,770.0,1,sim,pessoal,24,17000.0,0
E01355,43.0,3080.0,10.0,494.0,0,sim,veiculo,24,18400.0,0
E01356,59.0,5080.0,5.4,668.0,3,nao,pessoal,36,15100.0,0
E01357,50.0,2750.0,9.1,710.0,2,nao,reforma,12,4300.0,1
E01358,18.0,5600.0,2.3,590.0,1,sim,educacao,24,26000.0,1
E01359,53.0,4380.0,4.5,593.0,0,nao,pessoal,48,24100.0,0
E01360,47.0,1950.0,7.7,902.0,1,nao,veiculo,48,2500.0,0
E01361,46.0,7100.0,5.9,613.0,1,nao,pessoal,24,23800.0,0
E01362,41.0,5280.0,13.8,757.0,1,nao,educacao,36,29500.0,0
E01363,35.0,4790.0,0.1,768.0,2,sim,negocio,12,14700.0,0
E01364,28.0,3000.0,0.3,788.0,1,sim,veiculo,24,13000.0,0
E01365,51.0,1690.0,8.4,793.0,1,sim,veiculo,24,2400.0,0
E01366,35.0,5170.0,11.3,662.0,1,sim,reforma,48,21100.0,0
E01367,33.0,20690.0,3.1,650.0,2,sim,veiculo,36,79400.0,0
E01368,78.0,1300.0,8.4,633.0,1,sim,negocio,12,2100.0,0
E01369,35.0,7300.0,2.1,667.0,0,sim,veiculo,36,8400.0,0
E01370,33.0,2160.0,5.0,640.0,3,nao,negocio,12,8600.0,1
E01371,48.0,6010.0,5.5,622.0,2,nao,pessoal,36,8700.0,0
E01372,37.0,2250.0,2.1,487.0,1,nao,negocio,24,10500.0,1
E01373,58.0,6120.0,3.1,719.0,0,sim,reforma,60,15700.0,0
E01374,47.0,8560.0,3.9,569.0,0,nao,reforma,48,26900.0,0
E01375,42.0,4330.0,3.6,662.0,0,nao,veiculo,48,14900.0,0
E01376,50.0,5610.0,3.0,585.0,1,nao,veiculo,60,15200.0,1
E01377,46.0,4840.0,4.3,518.0,1,nao,reforma,24,9000.0,0
E01378,31.0,,11.4,549.0,1,nao,negocio,60,2400.0,0
E01379,45.0,3890.0,14.2,755.0,2,nao,veiculo,24,7300.0,0
E01380,26.0,5750.0,1.3,479.0,3,nao,veiculo,24,10600.0,1
E01381,26.0,9140.0,5.8,625.0,1,sim,educacao,60,48400.0,1
E01382,33.0,2970.0,10.2,705.0,1,sim,pessoal,24,17000.0,0
E01383,38.0,5570.0,20.7,592.0,1,nao,pessoal,12,9100.0,0
E01384,42.0,3410.0,1.7,573.0,2,sim,negocio,60,7700.0,1
E01385,18.0,6090.0,4.8,598.0,0,sim,pessoal,24,21400.0,0
E01386,35.0,6450.0,6.7,565.0,0,nao,pessoal,60,38100.0,0
E01387,22.0,3910.0,6.7,494.0,0,sim,pessoal,24,3800.0,0
E01388,47.0,5410.0,5.9,626.0,2,sim,pessoal,48,30700.0,0
E01389,35.0,1720.0,4.8,430.0,0,nao,pessoal,24,3400.0,1
E01390,37.0,5900.0,1.0,623.0,2,nao,educacao,48,27400.0,1
E01391,27.0,5260.0,3.6,735.0,1,nao,veiculo,36,25900.0,0
E01392,47.0,7830.0,13.7,638.0,0,nao,veiculo,12,27900.0,0
E01393,23.0,1400.0,11.3,687.0,1,nao,pessoal,60,1400.0,0
E01394,36.0,3950.0,1.2,642.0,3,nao,negocio,36,14700.0,0
E01395,34.0,2030.0,0.0,601.0,0,nao,pessoal,36,4100.0,0
E01396,61.0,2080.0,13.2,617.0,1,sim,pessoal,12,2800.0,0
E01397,18.0,1300.0,1.3,757.0,1,nao,pessoal,24,1900.0,0
E01398,59.0,4890.0,6.6,715.0,1,nao,pessoal,24,12600.0,0
E01399,36.0,2940.0,9.4,697.0,1,sim,negocio,12,8000.0,0
E01400,37.0,4490.0,3.5,784.0,1,sim,reforma,48,17800.0,0
E01401,55.0,4540.0,7.0,746.0,0,sim,pessoal,24,16700.0,0
E01402,51.0,5410.0,6.8,575.0,0,nao,reforma,24,17400.0,0
E01403,43.0,6110.0,2.7,565.0,2,sim,veiculo,60,12100.0,1
E01404,47.0,9180.0,3.5,707.0,3,sim,pessoal,48,53600.0,0
E01405,19.0,4050.0,8.4,675.0,1,nao,reforma,36,21500.0,0
E01406,27.0,,1.2,752.0,1,nao,veiculo,36,15600.0,0
E01407,47.0,2100.0,8.4,645.0,0,nao,pessoal,36,2200.0,0
E01408,28.0,5650.0,3.2,689.0,1,nao,pessoal,60,15500.0,0
E01409,41.0,2590.0,5.6,779.0,2,sim,pessoal,48,2600.0,1
E01410,36.0,4700.0,,505.0,1,nao,negocio,24,18900.0,1
E01411,24.0,13880.0,2.1,600.0,3,sim,negocio,24,63800.0,0
E01412,53.0,1670.0,10.1,758.0,3,nao,negocio,24,4400.0,0
E01413,49.0,,18.5,635.0,0,nao,veiculo,48,4600.0,0
E01414,38.0,4450.0,13.3,669.0,1,nao,veiculo,36,21100.0,0
E01415,60.0,,,584.0,2,nao,negocio,36,3700.0,0
E01416,22.0,8650.0,2.5,690.0,2,nao,reforma,24,23200.0,1
E01417,30.0,2310.0,6.2,640.0,0,nao,pessoal,60,5400.0,0
E01418,31.0,4010.0,5.2,595.0,0,sim,veiculo,60,19900.0,0
E01419,37.0,5440.0,6.3,709.0,2,nao,veiculo,12,25900.0,1
E01420,38.0,1870.0,1.1,571.0,1,nao,educacao,12,2500.0,0
E01421,51.0,4310.0,2.1,698.0,0,sim,veiculo,24,6200.0,0
E01422,67.0,9460.0,7.2,686.0,2,nao,pessoal,24,14400.0,0
E01423,48.0,5660.0,2.7,673.0,3,nao,reforma,24,7300.0,0
E01424,41.0,3330.0,6.7,736.0,2,nao,negocio,60,14400.0,0
E01425,58.0,6340.0,6.1,890.0,2,nao,veiculo,24,32100.0,0
E01426,42.0,1300.0,2.4,514.0,2,nao,reforma,24,5300.0,1
E01427,41.0,2970.0,,556.0,1,sim,educacao,36,3200.0,0
E01428,44.0,1690.0,0.4,609.0,2,nao,reforma,48,2800.0,0
E01429,44.0,4800.0,1.2,580.0,1,sim,educacao,36,10000.0,0
E01430,52.0,4370.0,1.9,496.0,2,sim,reforma,48,25400.0,0
E01431,18.0,2430.0,0.6,537.0,1,nao,pessoal,60,10600.0,0
E01432,47.0,7730.0,3.5,811.0,1,sim,veiculo,24,13500.0,0
E01433,43.0,1300.0,2.3,536.0,0,sim,educacao,12,5700.0,0
E01434,38.0,11070.0,4.0,722.0,0,nao,reforma,48,45500.0,0
E01435,52.0,7600.0,1.3,584.0,0,nao,educacao,24,42000.0,0
E01436,50.0,4430.0,4.2,657.0,0,sim,reforma,48,15500.0,0
E01437,34.0,3020.0,5.2,595.0,1,sim,educacao,24,14100.0,0
E01438,41.0,3550.0,8.1,578.0,0,nao,pessoal,60,8100.0,0
E01439,47.0,5010.0,,610.0,0,sim,negocio,36,18500.0,0
E01440,38.0,2810.0,3.8,784.0,1,sim,veiculo,36,2600.0,0
E01441,30.0,3800.0,10.0,628.0,2,nao,pessoal,48,20500.0,0
E01442,42.0,5030.0,10.3,632.0,0,sim,pessoal,24,13100.0,0
E01443,58.0,5870.0,11.9,672.0,1,nao,pessoal,36,29000.0,0
E01444,38.0,9310.0,4.3,812.0,1,sim,veiculo,60,12200.0,0
E01445,47.0,10000.0,12.5,611.0,2,sim,negocio,36,11300.0,0
E01446,69.0,3950.0,4.6,580.0,0,nao,veiculo,24,13900.0,0
E01447,18.0,1620.0,16.8,576.0,2,sim,veiculo,24,3000.0,1
E01448,50.0,4110.0,0.3,674.0,1,nao,pessoal,48,20200.0,0
E01449,31.0,9170.0,2.7,530.0,1,nao,pessoal,12,31200.0,1
E01450,32.0,3900.0,2.2,512.0,0,nao,pessoal,24,20300.0,0
E01451,37.0,10840.0,12.3,589.0,1,nao,reforma,24,16100.0,0
E01452,31.0,1990.0,7.6,661.0,1,nao,reforma,36,9300.0,0
E01453,47.0,5350.0,6.6,533.0,2,sim,negocio,24,25300.0,0
E01454,25.0,5350.0,4.2,764.0,3,nao,veiculo,36,29000.0,0
E01455,50.0,11720.0,7.7,716.0,1,nao,pessoal,36,9400.0,0
E01456,53.0,4320.0,1.2,664.0,0,sim,pessoal,48,20800.0,0
E01457,21.0,5420.0,3.0,742.0,1,sim,pessoal,36,8400.0,0
E01458,22.0,6300.0,4.2,647.0,0,sim,veiculo,24,14100.0,0
E01459,34.0,2190.0,12.6,828.0,0,nao,reforma,60,10000.0,0
E01460,53.0,2940.0,,524.0,1,sim,pessoal,36,14400.0,0
E01461,31.0,5100.0,10.1,448.0,0,sim,negocio,60,29700.0,1
E01462,42.0,4650.0,16.8,496.0,2,sim,veiculo,12,5200.0,0
E01463,22.0,3520.0,0.5,668.0,0,sim,negocio,60,1800.0,0
E01464,30.0,,7.0,724.0,3,nao,pessoal,24,21800.0,0
E01465,27.0,4610.0,2.0,745.0,3,sim,veiculo,48,20300.0,1
E01466,30.0,7420.0,11.0,841.0,0,nao,pessoal,24,30600.0,0
E01467,39.0,3030.0,1.0,583.0,0,sim,veiculo,36,10400.0,0
E01468,42.0,5020.0,4.4,666.0,1,sim,pessoal,48,16300.0,0
E01469,44.0,3330.0,0.7,393.0,1,nao,educacao,12,5300.0,1
E01470,25.0,3070.0,6.3,525.0,1,nao,negocio,36,13600.0,1
E01471,57.0,9010.0,1.3,742.0,0,nao,pessoal,60,41400.0,0
E01472,37.0,7420.0,4.6,605.0,0,nao,reforma,12,37100.0,1
E01473,54.0,4460.0,13.4,642.0,1,nao,pessoal,24,14300.0,0
E01474,49.0,3020.0,4.2,572.0,3,nao,reforma,36,6400.0,1
E01475,48.0,9200.0,0.8,573.0,0,sim,reforma,24,41100.0,0
E01476,57.0,12460.0,2.1,597.0,1,nao,reforma,48,51400.0,0
E01477,31.0,1770.0,2.4,795.0,1,nao,pessoal,24,6900.0,0
E01478,47.0,2900.0,17.8,806.0,2,nao,negocio,24,13200.0,0
E01479,18.0,3020.0,8.9,573.0,2,nao,negocio,12,12300.0,1
E01480,44.0,3660.0,9.3,753.0,2,sim,pessoal,24,18700.0,0
E01481,46.0,3300.0,3.9,785.0,0,nao,negocio,60,15400.0,0
E01482,31.0,3830.0,0.9,604.0,0,nao,reforma,24,18300.0,0
E01483,42.0,6210.0,3.8,470.0,0,sim,reforma,36,19700.0,0
E01484,19.0,3480.0,1.2,782.0,0,nao,veiculo,60,20600.0,1
E01485,27.0,3240.0,0.3,507.0,0,sim,reforma,48,10700.0,0
E01486,40.0,3910.0,2.6,468.0,2,sim,veiculo,36,18000.0,0
E01487,25.0,4830.0,12.5,692.0,1,nao,pessoal,12,12600.0,1
E01488,64.0,4450.0,3.1,578.0,0,nao,negocio,24,22500.0,0
E01489,47.0,5040.0,4.6,784.0,1,nao,veiculo,24,14500.0,0
E01490,39.0,,1.9,506.0,0,nao,pessoal,12,6200.0,0
E01491,43.0,2960.0,5.0,592.0,2,sim,educacao,24,14300.0,0
E01492,45.0,5060.0,2.8,626.0,2,nao,educacao,12,29800.0,1
E01493,26.0,1650.0,1.5,771.0,2,sim,pessoal,12,2300.0,0
E01494,46.0,5870.0,4.5,555.0,1,nao,pessoal,48,19700.0,0
E01495,45.0,7160.0,1.7,610.0,1,nao,pessoal,60,37800.0,0
E01496,33.0,2180.0,1.2,300.0,0,sim,pessoal,60,8200.0,1
E01497,46.0,7310.0,0.6,639.0,1,sim,pessoal,60,21500.0,0
E01498,37.0,10070.0,27.0,390.0,1,sim,reforma,60,58400.0,0
E01499,46.0,2490.0,4.2,782.0,0,nao,veiculo,24,13300.0,0
E01500,55.0,,1.7,655.0,2,nao,pessoal,48,9500.0,1
E01501,40.0,3330.0,7.6,820.0,0,sim,educacao,36,18000.0,0
E01502,63.0,,3.2,576.0,3,nao,pessoal,36,7500.0,0
E01503,35.0,3050.0,5.6,653.0,3,sim,veiculo,36,13600.0,1
E01504,27.0,,8.7,499.0,1,nao,pessoal,48,4100.0,0
E01505,43.0,9840.0,12.4,625.0,1,sim,pessoal,24,30700.0,0
E01506,28.0,4050.0,2.9,668.0,1,nao,negocio,24,20800.0,0
E01507,45.0,4490.0,6.4,614.0,0,sim,reforma,36,25100.0,0
E01508,26.0,6390.0,2.5,723.0,0,nao,pessoal,12,28400.0,0
E01509,49.0,5750.0,6.8,528.0,1,nao,negocio,12,22600.0,1
E01510,37.0,3130.0,,865.0,1,nao,veiculo,36,6300.0,0
E01511,61.0,,3.5,680.0,1,sim,pessoal,12,6500.0,0
E01512,59.0,3600.0,12.1,488.0,4,nao,veiculo,36,7400.0,1
E01513,53.0,7950.0,0.4,637.0,2,nao,reforma,24,39900.0,0
E01514,28.0,3280.0,11.0,575.0,1,nao,reforma,24,7400.0,0
E01515,30.0,2980.0,6.5,696.0,1,nao,reforma,24,17500.0,0
E01516,42.0,2970.0,4.9,454.0,0,nao,veiculo,12,1700.0,0
E01517,47.0,4300.0,5.6,631.0,1,nao,pessoal,36,17700.0,0
E01518,40.0,5120.0,3.2,843.0,0,sim,reforma,60,4500.0,0
E01519,38.0,21020.0,2.5,676.0,1,nao,pessoal,48,23400.0,0
E01520,47.0,2110.0,3.9,435.0,1,nao,veiculo,12,9700.0,1
E01521,57.0,2160.0,16.1,659.0,1,sim,pessoal,36,9500.0,0
E01522,62.0,10720.0,0.9,615.0,2,nao,pessoal,12,62200.0,1
E01523,61.0,1300.0,0.3,727.0,1,nao,pessoal,48,1000.0,0
E01524,19.0,7550.0,,688.0,1,nao,veiculo,60,5400.0,0
E01525,18.0,2720.0,16.1,682.0,1,nao,pessoal,36,15400.0,0
E01526,48.0,3860.0,8.2,588.0,0,sim,pessoal,24,9400.0,0
E01527,53.0,3850.0,6.7,433.0,1,nao,reforma,60,10400.0,1
E01528,52.0,10190.0,3.6,664.0,1,nao,reforma,36,35000.0,0
E01529,52.0,,5.4,520.0,1,nao,negocio,24,7800.0,1
E01530,53.0,6830.0,4.8,732.0,1,nao,pessoal,24,9700.0,0
E01531,40.0,3190.0,1.4,530.0,0,nao,veiculo,48,11600.0,0
E01532,45.0,2630.0,8.9,943.0,0,nao,veiculo,24,13400.0,0
E01533,48.0,2870.0,1.1,518.0,0,sim,veiculo,36,4700.0,0
E01534,49.0,3180.0,6.7,669.0,1,nao,educacao,24,6100.0,0
E01535,37.0,1910.0,4.7,417.0,3,sim,pessoal,24,6000.0,1
E01536,28.0,3530.0,4.6,850.0,0,sim,negocio,60,3900.0,0
E01537,22.0,9300.0,5.1,536.0,1,nao,pessoal,36,12500.0,0
E01538,35.0,6570.0,3.7,673.0,1,nao,veiculo,24,6000.0,0
E01539,25.0,4100.0,1.0,696.0,3,nao,pessoal,36,20400.0,0
E01540,40.0,5320.0,3.1,729.0,1,nao,pessoal,36,13800.0,0
E01541,50.0,3390.0,8.9,698.0,2,sim,veiculo,48,13900.0,0
E01542,44.0,4410.0,5.4,622.0,2,nao,veiculo,36,7800.0,0
E01543,39.0,5250.0,7.2,736.0,0,nao,pessoal,48,6800.0,0
E01544,47.0,1880.0,10.6,647.0,1,nao,negocio,48,5600.0,0
E01545,29.0,5600.0,8.3,455.0,2,nao,educacao,24,3200.0,0
E01546,50.0,5540.0,15.3,540.0,1,nao,pessoal,60,20400.0,0
E01547,43.0,2830.0,3.4,758.0,1,nao,veiculo,36,3400.0,0
E01548,33.0,3080.0,1.6,728.0,1,nao,pessoal,12,14000.0,0
E01549,50.0,7540.0,5.7,461.0,2,nao,reforma,60,35600.0,0
E01550,18.0,8340.0,8.1,589.0,0,sim,negocio,24,23800.0,0
E01551,40.0,3330.0,3.9,521.0,1,sim,veiculo,24,19200.0,0
E01552,35.0,6130.0,1.3,627.0,2,nao,educacao,36,34100.0,0
E01553,31.0,,2.2,606.0,2,nao,pessoal,48,31100.0,0
E01554,34.0,4750.0,2.3,650.0,1,nao,educacao,24,19100.0,0
E01555,46.0,1980.0,5.9,748.0,2,nao,pessoal,60,11100.0,0
E01556,36.0,3170.0,11.8,644.0,2,sim,negocio,36,18100.0,1
E01557,55.0,1740.0,4.6,580.0,4,nao,pessoal,24,4200.0,0
E01558,24.0,8920.0,0.6,717.0,0,sim,veiculo,60,27600.0,0
E01559,42.0,14330.0,10.8,667.0,2,nao,veiculo,60,56600.0,1
E01560,28.0,5330.0,2.2,557.0,0,nao,educacao,36,22400.0,1
E01561,57.0,2480.0,8.1,545.0,1,nao,veiculo,24,10100.0,1
E01562,47.0,7200.0,5.4,623.0,2,nao,educacao,36,16000.0,0
E01563,28.0,2470.0,6.3,557.0,2,nao,pessoal,36,8100.0,0
E01564,48.0,13170.0,3.9,520.0,1,nao,reforma,48,18600.0,0
E01565,55.0,2580.0,0.7,730.0,1,sim,reforma,12,7100.0,0
E01566,38.0,4650.0,15.7,807.0,0,sim,pessoal,24,22900.0,0
E01567,40.0,7220.0,0.1,836.0,2,nao,reforma,24,33100.0,0
E01568,44.0,4650.0,1.4,629.0,0,nao,veiculo,36,26000.0,1
E01569,40.0,1450.0,4.5,687.0,0,nao,pessoal,36,1600.0,0
E01570,55.0,5580.0,10.1,574.0,0,sim,negocio,48,17000.0,0
E01571,43.0,2580.0,13.4,625.0,1,nao,negocio,60,9400.0,0
E01572,46.0,4850.0,0.5,541.0,0,nao,veiculo,60,20800.0,0
E01573,47.0,2010.0,3.9,754.0,0,nao,veiculo,12,9700.0,0
E01574,44.0,4810.0,7.4,614.0,2,sim,veiculo,12,13600.0,0
E01575,41.0,6150.0,2.2,742.0,1,sim,negocio,60,33100.0,0
E01576,36.0,7900.0,6.4,729.0,1,sim,pessoal,48,24200.0,0
E01577,44.0,6980.0,12.1,671.0,0,sim,pessoal,36,40000.0,0
E01578,45.0,10380.0,15.7,677.0,1,nao,pessoal,36,24100.0,0
E01579,45.0,6160.0,9.2,537.0,0,nao,veiculo,36,31700.0,0
E01580,19.0,3570.0,3.3,533.0,1,sim,veiculo,36,5200.0,1
E01581,47.0,4570.0,4.3,425.0,3,sim,veiculo,48,18100.0,0
E01582,44.0,6580.0,1.6,550.0,1,sim,veiculo,36,13900.0,0
E01583,48.0,1620.0,7.9,546.0,0,sim,veiculo,24,9700.0,0
E01584,25.0,1300.0,3.8,728.0,1,nao,pessoal,36,7600.0,0
E01585,39.0,5070.0,2.1,733.0,1,sim,educacao,36,18500.0,0
E01586,45.0,15180.0,4.0,628.0,3,sim,pessoal,36,87000.0,1
E01587,42.0,8210.0,1.4,687.0,0,nao,veiculo,24,48400.0,0
E01588,49.0,3520.0,1.6,527.0,1,nao,negocio,24,18000.0,1
E01589,39.0,7670.0,0.1,608.0,3,nao,pessoal,24,9500.0,1
E01590,23.0,3560.0,4.4,468.0,1,nao,pessoal,36,12800.0,1
E01591,18.0,2610.0,5.6,612.0,0,nao,educacao,36,4200.0,0
E01592,28.0,1940.0,5.9,619.0,2,sim,reforma,36,10600.0,0
E01593,29.0,3920.0,0.3,501.0,2,nao,pessoal,24,14300.0,1
E01594,53.0,2630.0,2.9,712.0,2,sim,educacao,36,11500.0,1
E01595,54.0,7090.0,5.7,562.0,3,nao,pessoal,60,14100.0,0
E01596,51.0,1670.0,4.9,418.0,0,nao,educacao,48,8200.0,0
E01597,39.0,6290.0,13.9,537.0,2,sim,pessoal,12,18900.0,0
E01598,21.0,2540.0,4.1,705.0,0,nao,pessoal,36,5400.0,0
E01599,34.0,4710.0,3.5,458.0,1,sim,pessoal,24,4700.0,1
E01600,61.0,2840.0,2.8,651.0,0,sim,pessoal,24,12400.0,0
E01601,28.0,7530.0,4.5,543.0,0,nao,veiculo,12,38700.0,1
E01602,47.0,3610.0,10.5,555.0,2,sim,veiculo,60,4900.0,0
E01603,40.0,6670.0,2.7,545.0,1,nao,pessoal,36,15200.0,0
E01604,36.0,4930.0,5.1,578.0,0,nao,pessoal,24,8100.0,0
E01605,38.0,7460.0,7.9,571.0,0,nao,pessoal,12,34800.0,0
E01606,51.0,3120.0,0.6,730.0,0,nao,negocio,24,17700.0,0
E01607,21.0,9970.0,1.7,713.0,0,nao,reforma,24,12400.0,0
E01608,42.0,3090.0,2.1,730.0,0,nao,pessoal,60,11000.0,0
E01609,18.0,4470.0,1.2,640.0,0,sim,negocio,24,10600.0,1
E01610,37.0,4000.0,2.3,621.0,0,nao,veiculo,36,12000.0,1
E01611,47.0,6600.0,0.5,654.0,2,nao,reforma,24,11600.0,1
E01612,49.0,10190.0,8.8,690.0,2,nao,negocio,48,46900.0,1
E01613,45.0,4080.0,1.7,639.0,2,sim,negocio,36,10900.0,0
E01614,38.0,7520.0,,628.0,0,sim,reforma,24,20400.0,0
E01615,47.0,2190.0,2.0,754.0,0,sim,negocio,24,2700.0,0
E01616,61.0,4990.0,4.3,636.0,0,sim,negocio,12,14700.0,0
E01617,46.0,11180.0,1.3,659.0,2,nao,veiculo,60,59600.0,1
E01618,18.0,4430.0,10.6,751.0,2,sim,pessoal,36,16200.0,0
E01619,44.0,5300.0,,849.0,1,nao,reforma,12,22100.0,0
E01620,53.0,8210.0,8.4,558.0,2,nao,pessoal,24,49200.0,0
E01621,42.0,3070.0,12.1,610.0,0,sim,veiculo,48,14500.0,0
E01622,31.0,14820.0,3.1,734.0,3,sim,veiculo,36,72300.0,0
E01623,55.0,3640.0,1.7,685.0,1,nao,negocio,36,5100.0,0
E01624,39.0,5250.0,8.3,610.0,0,sim,pessoal,36,24500.0,0
E01625,25.0,1600.0,5.8,893.0,2,nao,veiculo,12,1900.0,0
E01626,40.0,8180.0,12.0,734.0,0,nao,pessoal,24,26100.0,0
E01627,51.0,5030.0,2.1,576.0,3,sim,veiculo,12,6400.0,1
E01628,40.0,3890.0,5.8,551.0,0,nao,pessoal,36,19500.0,1
E01629,32.0,,3.1,667.0,1,nao,pessoal,36,13500.0,1
E01630,47.0,13780.0,7.4,682.0,0,nao,veiculo,24,27300.0,0
E01631,48.0,5800.0,6.5,616.0,0,nao,negocio,36,27400.0,0
E01632,29.0,11830.0,4.5,646.0,2,nao,veiculo,24,15500.0,1
E01633,36.0,5030.0,1.4,681.0,1,sim,negocio,60,18300.0,0
E01634,30.0,5110.0,1.8,628.0,1,sim,negocio,12,16400.0,0
E01635,42.0,5010.0,2.3,641.0,2,nao,pessoal,60,8000.0,0
E01636,60.0,2940.0,11.4,528.0,1,sim,veiculo,24,11400.0,0
E01637,57.0,3200.0,2.8,775.0,1,nao,reforma,12,9700.0,0
E01638,41.0,4450.0,5.1,538.0,0,sim,negocio,36,14400.0,0
E01639,21.0,12450.0,10.0,793.0,1,nao,veiculo,24,41500.0,0
E01640,41.0,1300.0,1.4,774.0,0,sim,pessoal,24,3100.0,0
E01641,37.0,8940.0,14.2,599.0,0,nao,veiculo,24,31300.0,0
E01642,28.0,2390.0,5.0,798.0,0,nao,veiculo,24,1600.0,0
E01643,52.0,3990.0,3.2,676.0,0,nao,veiculo,60,12100.0,0
E01644,51.0,3090.0,1.2,572.0,0,nao,veiculo,24,18100.0,0
E01645,41.0,6300.0,14.6,697.0,1,nao,pessoal,48,22700.0,0
E01646,38.0,10140.0,5.7,580.0,0,nao,veiculo,48,57300.0,0
E01647,29.0,6530.0,3.0,598.0,0,sim,negocio,24,9400.0,0
E01648,44.0,2590.0,5.0,600.0,2,sim,negocio,24,7600.0,0
E01649,48.0,4870.0,1.8,690.0,2,sim,negocio,24,3400.0,1
E01650,47.0,7080.0,7.9,668.0,0,sim,pessoal,36,17700.0,0
E01651,42.0,5220.0,,757.0,1,nao,reforma,24,27100.0,0
E01652,61.0,6680.0,6.2,806.0,0,nao,pessoal,36,21100.0,0
E01653,45.0,8160.0,10.2,692.0,3,nao,pessoal,60,33000.0,0
E01654,37.0,3110.0,2.2,762.0,1,nao,veiculo,60,1700.0,0
E01655,33.0,4270.0,2.9,658.0,2,nao,veiculo,24,15600.0,0
E01656,27.0,5380.0,2.4,575.0,2,nao,negocio,24,28700.0,0
E01657,66.0,6850.0,8.7,644.0,0,nao,negocio,24,14700.0,1
E01658,50.0,4620.0,10.2,677.0,0,nao,negocio,36,13000.0,0
E01659,56.0,1700.0,3.9,806.0,0,sim,educacao,36,9800.0,0
E01660,42.0,4350.0,0.9,551.0,1,sim,educacao,24,19800.0,0
E01661,43.0,3780.0,2.0,628.0,0,nao,reforma,60,12600.0,0
E01662,29.0,2940.0,2.9,662.0,2,nao,veiculo,24,8800.0,0
E01663,37.0,2370.0,1.4,721.0,2,nao,pessoal,12,8000.0,1
E01664,36.0,2200.0,3.8,616.0,1,sim,pessoal,36,6400.0,0
E01665,28.0,3230.0,2.1,589.0,2,sim,pessoal,36,3300.0,0
E01666,46.0,2880.0,9.8,545.0,2,sim,educacao,24,10300.0,0
E01667,80.0,3550.0,5.5,578.0,1,nao,veiculo,12,20500.0,0
E01668,25.0,3510.0,14.2,878.0,3,nao,reforma,36,5800.0,0
E01669,47.0,2100.0,3.6,624.0,0,sim,pessoal,48,6300.0,0
E01670,34.0,1300.0,12.9,812.0,1,sim,pessoal,24,5200.0,0
E01671,43.0,9210.0,4.1,673.0,1,sim,veiculo,48,33700.0,0
E01672,60.0,5060.0,2.2,590.0,0,sim,pessoal,60,16300.0,0
E01673,19.0,2760.0,4.0,802.0,2,nao,veiculo,24,11100.0,0
E01674,26.0,4210.0,1.9,752.0,1,sim,pessoal,36,22900.0,0
E01675,36.0,10820.0,3.3,636.0,4,nao,pessoal,36,27900.0,1
E01676,40.0,9770.0,2.0,521.0,1,nao,veiculo,24,56200.0,0
E01677,32.0,1600.0,2.7,677.0,3,sim,veiculo,60,8700.0,1
E01678,37.0,3790.0,7.3,776.0,0,sim,pessoal,36,5000.0,0
E01679,51.0,4990.0,3.8,758.0,0,sim,educacao,24,22400.0,0
E01680,26.0,9740.0,2.3,664.0,3,nao,pessoal,24,31000.0,0
E01681,33.0,2260.0,1.0,748.0,0,nao,reforma,36,4800.0,1
E01682,31.0,4100.0,3.3,580.0,0,nao,negocio,36,22100.0,1
E01683,54.0,2460.0,7.6,729.0,0,nao,pessoal,12,6000.0,0
E01684,36.0,3370.0,11.9,682.0,2,nao,reforma,12,9900.0,0
E01685,33.0,4370.0,2.2,654.0,0,nao,veiculo,36,5500.0,0
E01686,37.0,2520.0,8.1,884.0,1,nao,veiculo,36,9400.0,0
E01687,40.0,3320.0,13.5,679.0,0,sim,negocio,48,13000.0,0
E01688,55.0,4440.0,12.4,473.0,3,sim,veiculo,12,25200.0,1
E01689,45.0,7160.0,8.8,734.0,0,sim,veiculo,36,22000.0,0
E01690,63.0,2600.0,11.9,937.0,2,sim,reforma,60,11700.0,0
E01691,34.0,5260.0,6.1,530.0,0,sim,reforma,12,15800.0,1
E01692,51.0,3940.0,15.5,672.0,1,nao,educacao,60,16000.0,0
E01693,57.0,6650.0,14.2,636.0,2,nao,pessoal,60,13400.0,0
E01694,25.0,1610.0,7.3,707.0,1,sim,negocio,24,7700.0,0
E01695,23.0,2350.0,5.3,595.0,1,nao,pessoal,12,12100.0,1
E01696,35.0,2720.0,3.3,680.0,0,sim,pessoal,24,12600.0,0
E01697,62.0,1900.0,9.5,505.0,0,nao,veiculo,60,2800.0,0
E01698,42.0,4520.0,0.3,767.0,1,nao,reforma,60,7500.0,0
E01699,44.0,4100.0,0.5,611.0,0,nao,pessoal,24,4000.0,0
E01700,37.0,5130.0,1.0,875.0,0,nao,veiculo,48,11000.0,0
E01701,46.0,4540.0,3.3,774.0,1,nao,pessoal,24,20300.0,0
E01702,42.0,13530.0,7.0,594.0,1,sim,veiculo,24,10000.0,0
E01703,24.0,6460.0,2.1,758.0,1,nao,negocio,36,29500.0,0
E01704,18.0,5880.0,3.0,773.0,0,nao,veiculo,36,5800.0,0
E01705,55.0,3790.0,24.7,529.0,1,nao,veiculo,36,13400.0,0
E01706,18.0,11270.0,4.8,553.0,0,sim,educacao,12,67100.0,0
E01707,34.0,3540.0,28.2,587.0,1,nao,educacao,60,17800.0,0
E01708,33.0,5970.0,3.1,411.0,2,nao,educacao,36,13900.0,0
E01709,37.0,3480.0,2.9,680.0,2,nao,veiculo,24,3700.0,0
E01710,39.0,4840.0,17.4,770.0,0,sim,reforma,36,20800.0,0
E01711,56.0,5690.0,2.9,683.0,2,sim,reforma,36,15500.0,0
E01712,44.0,7280.0,2.8,728.0,1,sim,pessoal,36,37000.0,0
E01713,56.0,2230.0,,675.0,1,nao,pessoal,36,4800.0,0
E01714,35.0,4610.0,,684.0,0,sim,reforma,36,4100.0,0
E01715,38.0,2360.0,4.3,416.0,2,sim,reforma,48,2600.0,0
E01716,26.0,3410.0,2.6,731.0,2,nao,pessoal,60,7000.0,0
E01717,35.0,4460.0,10.8,664.0,1,nao,pessoal,24,4200.0,0
E01718,45.0,4990.0,7.7,639.0,1,nao,veiculo,24,16300.0,0
E01719,18.0,4110.0,1.9,572.0,2,nao,veiculo,24,23500.0,1
E01720,44.0,2370.0,6.0,541.0,2,nao,pessoal,60,13300.0,1
E01721,24.0,6720.0,4.4,642.0,2,nao,pessoal,36,36700.0,1
E01722,31.0,1570.0,8.1,676.0,1,nao,veiculo,12,3200.0,0
E01723,52.0,5070.0,15.7,542.0,0,nao,pessoal,60,15800.0,0
E01724,28.0,4520.0,1.9,773.0,0,nao,pessoal,36,13600.0,0
E01725,30.0,4360.0,2.5,562.0,1,nao,educacao,12,6400.0,1
E01726,49.0,9420.0,4.8,646.0,0,nao,pessoal,60,10000.0,0
E01727,41.0,4770.0,2.6,728.0,2,nao,reforma,48,8300.0,0
E01728,20.0,12190.0,8.0,538.0,0,nao,pessoal,48,70900.0,0
E01729,36.0,10140.0,4.0,415.0,1,sim,pessoal,12,21900.0,1
E01730,35.0,2960.0,2.8,605.0,0,sim,reforma,12,8800.0,0
E01731,40.0,4280.0,5.7,658.0,0,nao,educacao,24,12600.0,0
E01732,41.0,3240.0,2.7,750.0,1,nao,veiculo,36,5500.0,0
E01733,32.0,9150.0,9.1,617.0,2,sim,pessoal,24,46700.0,0
E01734,76.0,5850.0,2.5,683.0,1,sim,negocio,36,10900.0,0
E01735,36.0,2200.0,,805.0,2,nao,negocio,12,3300.0,0
E01736,45.0,,0.6,554.0,0,sim,pessoal,48,30900.0,0
E01737,18.0,4500.0,8.9,693.0,3,nao,pessoal,48,24200.0,1
E01738,33.0,7210.0,14.6,769.0,0,nao,veiculo,12,10900.0,0
E01739,40.0,1960.0,2.2,554.0,2,sim,pessoal,12,2500.0,1
E01740,25.0,3990.0,4.8,571.0,1,nao,negocio,36,10700.0,1
E01741,35.0,5400.0,5.9,666.0,2,sim,reforma,24,15600.0,0
E01742,43.0,3010.0,8.7,520.0,0,nao,pessoal,60,9700.0,1
E01743,23.0,5610.0,3.3,506.0,4,nao,reforma,12,14400.0,0
E01744,32.0,3100.0,13.4,597.0,0,nao,pessoal,36,10300.0,0
E01745,40.0,4730.0,5.9,537.0,0,sim,negocio,60,25300.0,0
E01746,48.0,6860.0,27.1,590.0,2,nao,veiculo,36,38000.0,0
E01747,48.0,5220.0,3.4,640.0,2,nao,veiculo,24,16200.0,0
E01748,40.0,1800.0,12.7,797.0,0,nao,negocio,60,9300.0,0
E01749,38.0,,3.2,698.0,0,nao,pessoal,24,36800.0,0
E01750,57.0,7040.0,1.9,659.0,1,nao,reforma,24,15400.0,0
E01751,61.0,5120.0,3.5,491.0,2,nao,pessoal,36,18800.0,1
E01752,61.0,12930.0,1.5,439.0,2,nao,negocio,24,73900.0,1
E01753,43.0,4090.0,8.0,592.0,0,sim,pessoal,24,15000.0,0
E01754,37.0,6760.0,7.5,717.0,1,sim,educacao,48,24000.0,0
E01755,41.0,1380.0,5.7,839.0,2,sim,veiculo,36,6700.0,0
E01756,27.0,10470.0,,668.0,2,sim,veiculo,24,48100.0,0
E01757,32.0,6610.0,0.9,812.0,2,sim,veiculo,36,7800.0,0
E01758,36.0,10730.0,12.8,543.0,2,nao,veiculo,60,55800.0,1
E01759,44.0,2960.0,7.1,663.0,0,nao,educacao,48,15500.0,0
E01760,49.0,15220.0,4.1,480.0,0,sim,educacao,60,87700.0,1
E01761,57.0,6780.0,6.8,573.0,1,nao,reforma,24,16700.0,0
E01762,60.0,7070.0,8.5,773.0,1,nao,veiculo,24,38400.0,0
E01763,36.0,2520.0,13.2,585.0,1,sim,negocio,24,8600.0,0
E01764,42.0,5810.0,7.0,549.0,0,sim,pessoal,48,5400.0,0
E01765,55.0,5150.0,1.2,529.0,0,sim,reforma,12,24000.0,0
E01766,42.0,4600.0,1.0,732.0,2,sim,veiculo,48,12200.0,0
E01767,27.0,5590.0,3.2,715.0,3,nao,negocio,24,19100.0,0
E01768,52.0,1650.0,7.1,642.0,1,sim,reforma,48,9700.0,0
E01769,34.0,7630.0,11.0,645.0,1,nao,veiculo,12,42000.0,1
E01770,23.0,2580.0,3.0,481.0,3,sim,negocio,24,15400.0,1
E01771,30.0,4200.0,4.8,555.0,1,nao,reforma,12,17500.0,0
E01772,46.0,3680.0,1.5,726.0,1,sim,pessoal,60,17100.0,1
E01773,43.0,4240.0,1.9,658.0,0,nao,reforma,48,12100.0,0
E01774,34.0,1860.0,13.7,652.0,0,nao,reforma,24,6800.0,0
E01775,70.0,1730.0,10.5,712.0,0,sim,educacao,36,4500.0,0
E01776,26.0,3400.0,2.3,593.0,0,nao,educacao,24,20200.0,0
E01777,33.0,1560.0,8.7,812.0,2,nao,veiculo,48,5000.0,0
E01778,37.0,2310.0,1.7,482.0,1,nao,veiculo,36,4600.0,0
E01779,24.0,5860.0,,728.0,1,nao,pessoal,24,26600.0,0
E01780,36.0,3420.0,6.8,708.0,1,nao,veiculo,36,10400.0,0
E01781,21.0,3590.0,4.8,678.0,1,sim,educacao,36,9200.0,0
E01782,48.0,10130.0,3.5,375.0,1,sim,reforma,36,29800.0,0
E01783,43.0,,1.5,688.0,5,nao,pessoal,12,7300.0,1
E01784,42.0,3150.0,5.6,574.0,0,nao,pessoal,12,2900.0,0
E01785,55.0,4600.0,2.6,797.0,1,sim,pessoal,36,12800.0,0
E01786,40.0,5390.0,4.5,538.0,4,nao,reforma,48,3600.0,1
E01787,20.0,1850.0,6.6,716.0,0,nao,pessoal,24,4300.0,0
E01788,35.0,5180.0,8.2,579.0,2,nao,pessoal,12,23600.0,0
E01789,49.0,3270.0,11.1,457.0,1,nao,pessoal,24,12500.0,0
E01790,30.0,9620.0,1.0,625.0,1,sim,pessoal,24,28000.0,0
E01791,42.0,7030.0,4.9,708.0,0,nao,pessoal,24,28400.0,0
E01792,31.0,3580.0,9.2,615.0,0,sim,educacao,24,16400.0,0
E01793,30.0,4130.0,13.2,646.0,1,nao,pessoal,36,10900.0,0
E01794,41.0,4980.0,0.6,676.0,2,sim,reforma,36,9400.0,0
E01795,53.0,4680.0,3.9,707.0,3,nao,negocio,24,10000.0,0
E01796,33.0,4070.0,4.1,539.0,2,nao,negocio,24,22900.0,1
E01797,55.0,,3.4,818.0,0,sim,pessoal,24,16700.0,1
E01798,38.0,13590.0,5.2,569.0,3,nao,veiculo,48,75900.0,0
E01799,34.0,7060.0,4.5,685.0,1,sim,veiculo,12,30600.0,0
E01800,29.0,,4.6,793.0,1,nao,veiculo,48,9000.0,0
E01801,41.0,6040.0,2.3,547.0,0,nao,negocio,48,17500.0,0
E01802,40.0,2730.0,4.1,685.0,1,sim,pessoal,12,3700.0,0
E01803,35.0,3690.0,0.6,569.0,2,sim,educacao,36,14200.0,0
E01804,28.0,2140.0,2.9,518.0,2,sim,pessoal,48,1900.0,1
E01805,18.0,4110.0,2.3,790.0,0,sim,reforma,24,4500.0,0
E01806,36.0,2290.0,2.3,643.0,2,sim,veiculo,60,8100.0,0
E01807,40.0,3460.0,8.4,617.0,2,sim,pessoal,12,5700.0,0
E01808,57.0,3640.0,10.0,599.0,0,sim,pessoal,24,3000.0,0
E01809,40.0,2910.0,0.3,597.0,1,nao,reforma,24,4200.0,0
E01810,53.0,6970.0,1.6,454.0,1,nao,pessoal,48,14300.0,1
E01811,32.0,16970.0,2.8,776.0,1,nao,pessoal,24,86100.0,0
E01812,29.0,1700.0,4.3,716.0,2,nao,educacao,24,4600.0,0
E01813,18.0,6730.0,1.0,425.0,0,nao,pessoal,48,38400.0,1
E01814,36.0,3990.0,11.2,653.0,2,sim,negocio,24,4200.0,1
E01815,52.0,2110.0,4.7,700.0,0,sim,veiculo,24,4700.0,0
E01816,18.0,2660.0,5.0,660.0,2,sim,educacao,24,6600.0,1
E01817,39.0,4550.0,5.1,712.0,2,nao,negocio,24,22200.0,1
E01818,48.0,4360.0,7.7,744.0,2,nao,pessoal,12,21000.0,0
E01819,26.0,5160.0,2.3,631.0,2,nao,pessoal,24,19500.0,0
E01820,46.0,2560.0,,666.0,1,nao,pessoal,24,9800.0,0
E01821,31.0,1410.0,2.1,571.0,2,sim,reforma,36,7500.0,0
E01822,60.0,4450.0,12.6,894.0,2,nao,reforma,12,4400.0,0
E01823,26.0,7900.0,6.0,846.0,0,nao,educacao,24,9800.0,0
E01824,51.0,2060.0,0.6,563.0,0,sim,veiculo,12,9300.0,0
E01825,18.0,6430.0,1.6,638.0,0,nao,reforma,60,37000.0,0
E01826,51.0,4670.0,1.3,550.0,0,nao,negocio,60,14800.0,0
E01827,37.0,9520.0,1.8,784.0,0,nao,pessoal,12,18400.0,0
E01828,45.0,5590.0,0.0,690.0,1,nao,veiculo,24,15200.0,0
E01829,21.0,12600.0,16.7,634.0,1,nao,pessoal,24,36100.0,0
E01830,34.0,8530.0,8.5,732.0,0,nao,negocio,48,20700.0,0
E01831,49.0,1400.0,26.5,566.0,2,sim,pessoal,48,2700.0,0
E01832,39.0,2990.0,4.1,593.0,2,nao,pessoal,48,9800.0,1
E01833,31.0,1490.0,3.6,553.0,2,nao,pessoal,12,4900.0,0
E01834,57.0,9110.0,3.3,767.0,3,sim,reforma,24,11800.0,0
E01835,40.0,3650.0,0.8,560.0,4,nao,pessoal,60,6700.0,1
E01836,50.0,5220.0,8.7,537.0,1,sim,veiculo,24,21500.0,0
E01837,22.0,1470.0,1.4,741.0,1,nao,pessoal,12,2400.0,0
E01838,37.0,1540.0,4.0,380.0,1,sim,veiculo,24,8800.0,1
E01839,30.0,3180.0,4.2,660.0,1,nao,veiculo,60,16500.0,1
E01840,33.0,3890.0,0.5,680.0,2,nao,pessoal,48,12300.0,1
E01841,68.0,2510.0,11.5,699.0,2,nao,pessoal,24,11800.0,0
E01842,49.0,3750.0,5.4,507.0,1,nao,pessoal,48,12300.0,0
E01843,39.0,4560.0,12.2,723.0,5,nao,negocio,24,25400.0,1
E01844,36.0,5340.0,1.8,401.0,2,nao,pessoal,24,8000.0,1
E01845,23.0,3480.0,10.7,591.0,2,nao,pessoal,36,18100.0,0
E01846,26.0,6930.0,11.6,611.0,1,sim,negocio,24,29000.0,1
E01847,48.0,6600.0,5.8,809.0,2,nao,pessoal,12,4700.0,0
E01848,37.0,10600.0,1.3,628.0,3,sim,reforma,24,47500.0,0
E01849,34.0,10950.0,1.4,805.0,1,nao,pessoal,60,41600.0,0
E01850,18.0,3340.0,10.6,704.0,1,nao,educacao,48,17300.0,0
E01851,37.0,2040.0,11.4,926.0,1,nao,negocio,36,6600.0,0
E01852,72.0,3510.0,1.4,592.0,1,sim,negocio,24,9200.0,0
E01853,47.0,5470.0,6.6,614.0,0,nao,educacao,36,27800.0,0
E01854,34.0,3600.0,8.0,775.0,2,nao,pessoal,36,5500.0,0
E01855,42.0,3680.0,10.2,745.0,0,sim,negocio,36,2900.0,0
E01856,32.0,4460.0,11.6,732.0,3,nao,pessoal,48,7300.0,0
E01857,62.0,3270.0,0.6,708.0,0,nao,educacao,60,5400.0,0
E01858,51.0,2760.0,3.9,646.0,2,sim,negocio,24,11100.0,0
E01859,43.0,2310.0,1.2,483.0,2,nao,veiculo,36,5600.0,0
E01860,32.0,7370.0,13.9,491.0,2,nao,pessoal,36,17000.0,1
E01861,49.0,3820.0,,685.0,0,sim,reforma,36,4600.0,0
E01862,45.0,5790.0,0.4,501.0,1,sim,negocio,60,32800.0,0
E01863,46.0,4170.0,6.6,713.0,4,sim,reforma,24,2100.0,1
E01864,47.0,2760.0,11.3,620.0,1,nao,pessoal,24,3700.0,0
E01865,39.0,3270.0,4.3,779.0,1,nao,pessoal,24,19600.0,0
E01866,20.0,1660.0,0.9,708.0,2,nao,negocio,24,9300.0,1
E01867,42.0,4920.0,2.2,561.0,0,sim,pessoal,24,17400.0,1
E01868,34.0,12010.0,5.7,734.0,0,nao,negocio,12,53700.0,0
E01869,24.0,4840.0,5.8,710.0,2,sim,educacao,24,22000.0,0
E01870,19.0,7020.0,3.6,657.0,3,nao,educacao,48,27700.0,0
E01871,37.0,2020.0,5.8,738.0,0,sim,veiculo,60,7800.0,0
E01872,25.0,1310.0,4.5,561.0,1,sim,negocio,24,3900.0,1
E01873,19.0,3340.0,3.1,580.0,0,nao,pessoal,12,17100.0,0
E01874,51.0,19300.0,8.8,541.0,1,nao,negocio,24,10800.0,0
E01875,53.0,1480.0,2.9,413.0,1,sim,pessoal,36,3300.0,1
E01876,49.0,8190.0,2.9,491.0,1,nao,reforma,36,21900.0,0
E01877,54.0,5010.0,11.0,600.0,0,nao,veiculo,24,11000.0,0
E01878,25.0,5860.0,18.7,623.0,2,nao,negocio,60,15600.0,1
E01879,38.0,4760.0,1.8,735.0,2,sim,pessoal,24,18400.0,1
E01880,40.0,2970.0,3.1,477.0,1,nao,veiculo,24,7900.0,0
E01881,44.0,3350.0,5.8,538.0,0,nao,pessoal,36,13300.0,0
E01882,41.0,6600.0,3.1,604.0,3,sim,veiculo,36,9000.0,1
E01883,20.0,7140.0,3.7,627.0,2,nao,reforma,24,11500.0,1
E01884,33.0,1680.0,2.6,711.0,0,nao,veiculo,36,5600.0,0
E01885,41.0,4370.0,10.8,475.0,0,nao,negocio,60,21400.0,1
E01886,35.0,3470.0,14.2,820.0,3,nao,reforma,12,15000.0,0
E01887,48.0,1970.0,4.5,607.0,1,nao,pessoal,12,10900.0,1
E01888,45.0,8830.0,7.4,807.0,0,sim,pessoal,48,17000.0,0
E01889,61.0,3370.0,2.3,724.0,1,nao,veiculo,36,8000.0,0
E01890,47.0,4540.0,1.0,504.0,1,nao,educacao,24,21800.0,0
E01891,54.0,8640.0,39.6,560.0,1,nao,veiculo,48,44000.0,0
E01892,31.0,,3.0,381.0,1,sim,pessoal,12,26000.0,0
E01893,58.0,,8.6,512.0,1,nao,reforma,12,13600.0,0
E01894,55.0,2190.0,5.9,613.0,0,nao,negocio,60,12300.0,0
E01895,37.0,10750.0,17.8,567.0,2,nao,reforma,12,60500.0,1
E01896,35.0,2980.0,1.8,503.0,4,sim,veiculo,60,9000.0,0
E01897,36.0,2450.0,3.5,578.0,1,nao,veiculo,24,2000.0,0
E01898,21.0,5780.0,1.7,553.0,1,nao,pessoal,48,12900.0,1
E01899,29.0,3270.0,1.2,537.0,1,sim,reforma,24,19500.0,0
E01900,46.0,6610.0,4.3,658.0,3,sim,veiculo,36,15300.0,0
E01901,55.0,2650.0,0.6,444.0,1,sim,veiculo,12,2000.0,1
E01902,50.0,4500.0,5.2,730.0,1,nao,pessoal,24,26300.0,0
E01903,28.0,11370.0,1.6,625.0,1,nao,reforma,24,44000.0,0
E01904,55.0,5670.0,10.8,679.0,0,sim,pessoal,12,28400.0,0
E01905,52.0,3970.0,16.7,610.0,2,sim,veiculo,36,15000.0,0
E01906,43.0,5090.0,4.0,595.0,0,nao,pessoal,36,17200.0,1
E01907,55.0,1300.0,1.1,449.0,2,nao,pessoal,24,3300.0,1
E01908,69.0,3670.0,1.7,937.0,1,nao,pessoal,48,8400.0,0
E01909,38.0,1990.0,1.0,715.0,0,nao,educacao,24,6800.0,0
E01910,36.0,3520.0,2.8,624.0,1,nao,veiculo,36,18400.0,1
E01911,33.0,2100.0,3.0,696.0,2,sim,veiculo,60,7400.0,0
E01912,35.0,4920.0,3.1,616.0,2,nao,pessoal,24,7600.0,0
E01913,50.0,1300.0,1.3,517.0,0,nao,veiculo,24,3400.0,0
E01914,22.0,3990.0,0.3,522.0,2,nao,veiculo,24,9200.0,1
E01915,22.0,9210.0,5.2,810.0,0,nao,pessoal,60,40400.0,0
E01916,45.0,7430.0,18.1,615.0,0,nao,reforma,48,12500.0,0
E01917,38.0,3980.0,7.3,734.0,2,nao,veiculo,12,3500.0,0
E01918,53.0,7630.0,9.6,728.0,0,nao,veiculo,12,23800.0,0
E01919,23.0,3950.0,3.0,612.0,0,nao,pessoal,12,11300.0,0
E01920,35.0,4270.0,5.0,627.0,2,nao,educacao,36,8600.0,0
E01921,37.0,2410.0,6.5,566.0,0,nao,reforma,48,9300.0,0
E01922,49.0,,0.6,649.0,2,nao,veiculo,36,4800.0,0
E01923,38.0,7800.0,2.5,740.0,3,nao,reforma,60,43200.0,0
E01924,30.0,6220.0,4.0,755.0,2,nao,veiculo,36,37000.0,0
E01925,45.0,12070.0,3.6,482.0,2,nao,pessoal,36,11400.0,1
E01926,40.0,7070.0,1.4,601.0,1,nao,educacao,24,4700.0,0
E01927,34.0,2300.0,8.3,520.0,3,nao,pessoal,48,12500.0,1
E01928,25.0,1300.0,5.4,788.0,0,nao,negocio,48,2500.0,0
E01929,51.0,,6.4,638.0,0,nao,negocio,24,21000.0,0
E01930,36.0,6200.0,6.6,681.0,2,nao,veiculo,24,9400.0,0
E01931,40.0,4280.0,2.6,640.0,0,sim,veiculo,12,22100.0,0
E01932,47.0,10870.0,19.1,563.0,3,sim,veiculo,60,35500.0,0
E01933,28.0,4770.0,10.6,849.0,2,nao,veiculo,60,5200.0,0
E01934,48.0,7540.0,3.8,774.0,1,sim,pessoal,60,13300.0,0
E01935,49.0,5030.0,2.3,678.0,0,nao,pessoal,36,23600.0,0
E01936,31.0,4750.0,1.3,533.0,1,nao,pessoal,36,28400.0,0
E01937,35.0,8570.0,5.1,604.0,1,nao,pessoal,12,49200.0,1
E01938,30.0,15120.0,11.3,664.0,1,nao,pessoal,24,88400.0,1
E01939,37.0,4060.0,1.7,597.0,0,nao,pessoal,36,8400.0,1
E01940,47.0,6180.0,4.3,536.0,2,sim,reforma,36,13300.0,0
E01941,24.0,5580.0,5.3,624.0,2,nao,veiculo,36,5100.0,0
E01942,40.0,3670.0,2.7,587.0,1,nao,veiculo,12,9900.0,0
E01943,43.0,2640.0,6.5,453.0,0,sim,negocio,24,2300.0,0
E01944,46.0,8120.0,1.6,454.0,1,nao,pessoal,60,21800.0,0
E01945,25.0,10440.0,0.5,656.0,1,nao,pessoal,24,44300.0,0
E01946,33.0,4350.0,10.8,643.0,4,nao,reforma,24,24000.0,0
E01947,39.0,3310.0,3.2,709.0,0,sim,veiculo,36,1900.0,0
E01948,30.0,8070.0,5.1,777.0,0,nao,educacao,24,43400.0,0
E01949,21.0,2480.0,5.2,460.0,1,sim,negocio,48,4400.0,1
E01950,54.0,5430.0,6.0,553.0,1,nao,educacao,60,10700.0,1
E01951,36.0,5410.0,7.8,452.0,1,nao,veiculo,12,13400.0,0
E01952,37.0,4530.0,0.7,831.0,1,nao,pessoal,24,22200.0,0
E01953,40.0,8150.0,1.2,627.0,2,sim,veiculo,48,31500.0,0
E01954,55.0,5300.0,0.8,468.0,1,nao,veiculo,48,23600.0,0
E01955,51.0,4290.0,5.0,650.0,0,nao,veiculo,12,25300.0,0
E01956,44.0,3110.0,1.4,517.0,0,sim,veiculo,24,4400.0,0
E01957,18.0,3880.0,2.8,732.0,1,nao,negocio,48,19800.0,0
E01958,60.0,3360.0,2.9,560.0,1,sim,pessoal,24,5200.0,0
E01959,40.0,3680.0,19.1,600.0,1,nao,veiculo,24,16100.0,0
E01960,18.0,6560.0,0.4,467.0,1,sim,pessoal,36,8600.0,1
E01961,51.0,2900.0,4.2,574.0,1,nao,veiculo,60,6200.0,0
E01962,28.0,6850.0,,604.0,0,nao,reforma,12,12800.0,0
E01963,31.0,7500.0,15.1,654.0,1,nao,pessoal,48,6800.0,0
E01964,30.0,10780.0,5.6,845.0,0,nao,pessoal,36,48300.0,0
E01965,18.0,6160.0,1.2,300.0,0,nao,pessoal,36,16100.0,1
E01966,35.0,5270.0,8.5,707.0,1,sim,veiculo,36,8900.0,0
E01967,52.0,6940.0,2.9,571.0,1,nao,educacao,48,37500.0,0
E01968,39.0,6220.0,20.7,604.0,0,nao,negocio,36,7800.0,0
E01969,33.0,7070.0,10.0,548.0,0,sim,pessoal,24,38200.0,1
E01970,32.0,2000.0,13.5,567.0,1,sim,pessoal,60,6100.0,0
E01971,35.0,2410.0,5.6,458.0,3,sim,veiculo,24,8900.0,0
E01972,25.0,2700.0,1.2,742.0,0,nao,veiculo,48,13400.0,0
E01973,45.0,10470.0,6.3,596.0,1,nao,pessoal,48,42500.0,0
E01974,50.0,1300.0,1.3,840.0,2,sim,veiculo,24,3200.0,0
E01975,51.0,8450.0,3.5,742.0,1,nao,pessoal,12,20800.0,0
E01976,48.0,4010.0,9.7,723.0,0,nao,reforma,48,24000.0,0
E01977,46.0,4460.0,1.1,910.0,0,nao,pessoal,24,13200.0,0
E01978,36.0,4940.0,3.1,581.0,2,nao,negocio,24,11600.0,1
E01979,47.0,1300.0,9.8,724.0,2,nao,reforma,12,5000.0,0
E01980,44.0,,4.0,445.0,0,nao,reforma,12,16600.0,1
E01981,21.0,5620.0,1.0,695.0,2,sim,veiculo,24,23800.0,0
E01982,33.0,7010.0,4.4,708.0,0,nao,reforma,24,5100.0,0
E01983,45.0,7050.0,3.5,732.0,3,sim,veiculo,48,12600.0,0
E01984,43.0,4460.0,8.7,552.0,0,nao,reforma,36,11700.0,0
E01985,32.0,9570.0,1.2,679.0,1,sim,veiculo,24,26000.0,1
E01986,37.0,4070.0,11.0,582.0,0,nao,veiculo,48,13500.0,0
E01987,36.0,5210.0,5.9,590.0,0,sim,pessoal,60,12500.0,0
E01988,40.0,,3.9,606.0,1,nao,pessoal,48,9100.0,0
E01989,52.0,3060.0,3.2,654.0,0,nao,veiculo,24,15500.0,0
E01990,60.0,5540.0,9.3,660.0,1,nao,veiculo,48,5800.0,1
E01991,45.0,3710.0,1.7,774.0,1,sim,reforma,24,18400.0,1
E01992,18.0,3750.0,5.0,759.0,2,nao,pessoal,24,10100.0,0
E01993,28.0,5500.0,,625.0,1,nao,reforma,48,7900.0,0
E01994,39.0,6140.0,13.2,712.0,0,nao,pessoal,36,19000.0,0
E01995,55.0,4510.0,,659.0,1,sim,veiculo,24,17700.0,0
E01996,57.0,4160.0,3.9,565.0,0,nao,educacao,36,2600.0,0
E01997,55.0,5610.0,3.1,629.0,1,nao,pessoal,60,20400.0,0
E01998,33.0,4770.0,0.5,697.0,2,nao,veiculo,24,11200.0,1
E01999,37.0,2630.0,4.8,752.0,3,sim,educacao,24,10600.0,0
E02000,52.0,7680.0,1.3,678.0,4,nao,reforma,24,43000.0,1
E02001,18.0,2790.0,7.2,738.0,0,nao,veiculo,48,2000.0,0
E02002,32.0,8080.0,1.4,750.0,0,nao,educacao,36,8800.0,0
E02003,59.0,6060.0,8.5,714.0,0,nao,pessoal,36,6600.0,0
E02004,45.0,5890.0,2.9,627.0,1,sim,reforma,24,33100.0,0
E02005,39.0,8600.0,1.8,624.0,1,nao,pessoal,48,18300.0,0
E02006,43.0,5340.0,6.8,562.0,2,nao,pessoal,36,15100.0,1
E02007,65.0,17170.0,3.3,698.0,1,nao,pessoal,36,21000.0,0
E02008,45.0,4220.0,5.1,481.0,0,nao,reforma,48,17100.0,1
E02009,52.0,1320.0,5.7,827.0,0,nao,negocio,60,7300.0,0
E02010,53.0,3500.0,,624.0,1,sim,pessoal,48,10900.0,0
E02011,73.0,10380.0,7.8,503.0,1,sim,veiculo,48,29000.0,0
E02012,40.0,16160.0,0.6,741.0,1,nao,pessoal,24,68500.0,0
E02013,45.0,15640.0,0.9,570.0,1,nao,veiculo,24,54600.0,1
E02014,49.0,10670.0,9.8,662.0,0,sim,veiculo,36,41700.0,0
E02015,29.0,4530.0,2.2,532.0,2,nao,pessoal,12,22500.0,1
E02016,62.0,3900.0,6.4,561.0,2,sim,educacao,60,17200.0,0
E02017,37.0,14300.0,0.2,785.0,1,sim,veiculo,24,15600.0,0
E02018,29.0,6240.0,13.1,619.0,0,nao,veiculo,12,14800.0,0
E02019,43.0,3660.0,4.2,697.0,1,nao,educacao,24,2200.0,1
E02020,24.0,7720.0,12.5,643.0,2,nao,veiculo,36,15400.0,0
E02021,36.0,2110.0,2.7,627.0,1,sim,negocio,12,4900.0,1
E02022,45.0,2610.0,3.2,573.0,2,nao,veiculo,60,10800.0,1
E02023,20.0,1920.0,7.1,506.0,0,nao,veiculo,24,9600.0,1
E02024,42.0,4800.0,6.3,689.0,0,nao,veiculo,36,10500.0,0
E02025,26.0,7480.0,12.9,647.0,1,nao,pessoal,24,32400.0,0
E02026,42.0,5500.0,0.5,584.0,5,nao,pessoal,24,31100.0,1
E02027,42.0,1960.0,6.1,600.0,1,nao,veiculo,60,3400.0,0
E02028,40.0,5140.0,1.5,772.0,0,nao,negocio,24,7400.0,0
E02029,39.0,3040.0,0.3,723.0,3,nao,pessoal,48,10600.0,0
E02030,55.0,2210.0,4.1,665.0,1,nao,pessoal,12,8500.0,0
E02031,18.0,,9.1,552.0,1,nao,pessoal,48,5300.0,0
E02032,38.0,8200.0,20.1,683.0,0,nao,negocio,24,25300.0,1
E02033,47.0,5240.0,9.0,562.0,0,sim,pessoal,36,3600.0,0
E02034,62.0,7770.0,12.0,598.0,3,nao,veiculo,36,5400.0,0
E02035,33.0,15530.0,4.5,787.0,0,nao,reforma,24,21700.0,0
E02036,40.0,4750.0,2.4,524.0,2,sim,veiculo,60,19900.0,1
E02037,57.0,9130.0,4.3,575.0,3,nao,reforma,12,20000.0,0
E02038,38.0,3520.0,16.3,719.0,1,sim,pessoal,36,15600.0,0
E02039,53.0,4020.0,,760.0,1,nao,pessoal,48,20800.0,0
E02040,50.0,5290.0,8.5,547.0,1,nao,negocio,60,17000.0,0
E02041,56.0,4610.0,6.0,609.0,0,nao,reforma,60,18100.0,0
E02042,33.0,5510.0,6.6,807.0,0,sim,veiculo,36,8900.0,0
E02043,34.0,1970.0,0.9,803.0,0,sim,pessoal,60,2900.0,0
E02044,19.0,8200.0,,584.0,0,sim,veiculo,36,33000.0,1
E02045,33.0,3050.0,7.3,629.0,2,sim,pessoal,36,5200.0,0
E02046,43.0,4430.0,9.3,670.0,1,sim,veiculo,24,5100.0,0
E02047,54.0,5040.0,0.8,742.0,0,nao,reforma,36,28300.0,0
E02048,43.0,9750.0,22.1,593.0,2,nao,negocio,24,39300.0,1
E02049,46.0,7020.0,11.9,608.0,0,sim,pessoal,24,16700.0,0
E02050,28.0,3460.0,0.4,1000.0,0,nao,pessoal,24,2100.0,0
E02051,18.0,1310.0,3.9,758.0,0,nao,negocio,48,2900.0,0
E02052,55.0,6490.0,2.8,707.0,2,nao,veiculo,60,5000.0,0
E02053,48.0,9670.0,2.4,581.0,0,sim,pessoal,48,37700.0,1
E02054,51.0,2590.0,3.7,668.0,0,nao,negocio,24,14300.0,0
E02055,21.0,5710.0,2.7,628.0,0,nao,negocio,48,30200.0,1
E02056,32.0,5750.0,6.6,595.0,0,nao,educacao,60,22200.0,0
E02057,29.0,,9.3,570.0,2,nao,veiculo,60,9500.0,0
E02058,36.0,3170.0,15.6,557.0,3,nao,negocio,12,17100.0,1
E02059,48.0,7270.0,6.8,635.0,2,sim,negocio,36,23700.0,1
E02060,51.0,3620.0,1.7,503.0,2,nao,pessoal,24,10000.0,1
E02061,47.0,2440.0,1.5,417.0,0,nao,educacao,36,2100.0,0
E02062,32.0,2840.0,5.1,547.0,0,sim,pessoal,60,13700.0,0
E02063,39.0,4320.0,8.2,646.0,0,sim,reforma,60,25200.0,0
E02064,45.0,6060.0,1.5,494.0,2,nao,educacao,36,22100.0,0
E02065,25.0,4950.0,3.4,457.0,1,sim,pessoal,24,8700.0,1
E02066,35.0,3520.0,5.9,521.0,1,nao,educacao,36,8800.0,1
E02067,39.0,3600.0,4.3,670.0,0,nao,pessoal,36,9300.0,0
E02068,43.0,2020.0,6.9,660.0,0,nao,pessoal,12,7800.0,0
E02069,45.0,1430.0,5.1,540.0,0,sim,pessoal,24,7100.0,1
E02070,21.0,2140.0,9.2,553.0,1,sim,pessoal,48,1600.0,0
E02071,24.0,1860.0,3.4,636.0,0,nao,veiculo,12,5700.0,1
E02072,25.0,11160.0,18.8,651.0,1,nao,veiculo,24,56800.0,0
E02073,49.0,5530.0,10.4,597.0,2,sim,negocio,36,23600.0,0
E02074,29.0,6920.0,2.1,765.0,0,nao,pessoal,24,30300.0,0
E02075,32.0,5150.0,5.2,608.0,2,sim,veiculo,60,10100.0,0
E02076,19.0,3050.0,3.1,745.0,0,sim,veiculo,12,8000.0,0
E02077,48.0,3470.0,2.8,750.0,0,nao,veiculo,36,14000.0,0
E02078,39.0,1390.0,1.5,457.0,2,sim,reforma,60,7900.0,0
E02079,63.0,,1.8,729.0,2,sim,negocio,60,16400.0,0
E02080,18.0,2690.0,0.3,741.0,0,nao,educacao,48,6000.0,0
E02081,24.0,1410.0,5.8,720.0,1,nao,veiculo,12,1000.0,1
E02082,45.0,6070.0,11.6,482.0,0,sim,veiculo,12,12200.0,1
E02083,61.0,3630.0,7.4,594.0,1,nao,veiculo,36,9700.0,0
E02084,25.0,8540.0,3.1,586.0,0,sim,negocio,36,16400.0,1
E02085,18.0,8320.0,6.9,801.0,2,nao,pessoal,36,46100.0,0
E02086,39.0,13000.0,8.4,781.0,0,nao,pessoal,24,8100.0,0
E02087,31.0,8390.0,4.1,570.0,1,nao,veiculo,24,31500.0,0
E02088,43.0,5090.0,9.2,602.0,0,nao,pessoal,60,27200.0,0
E02089,60.0,,6.3,472.0,0,nao,educacao,12,12600.0,0
E02090,34.0,3060.0,4.3,631.0,1,nao,pessoal,12,10600.0,1
E02091,37.0,8780.0,4.8,840.0,2,nao,pessoal,12,37900.0,0
E02092,36.0,2340.0,5.0,431.0,4,sim,pessoal,48,9300.0,0
E02093,47.0,4130.0,11.7,456.0,3,sim,reforma,60,24600.0,0
E02094,38.0,4450.0,3.7,554.0,2,sim,negocio,36,3400.0,1
E02095,29.0,4270.0,5.2,644.0,1,sim,pessoal,24,13700.0,0
E02096,53.0,1550.0,1.3,650.0,2,nao,pessoal,36,3400.0,0
E02097,24.0,4130.0,3.0,546.0,2,nao,reforma,12,9600.0,0
E02098,34.0,3640.0,2.0,706.0,1,sim,veiculo,24,17000.0,0
E02099,37.0,8380.0,5.3,657.0,1,nao,veiculo,36,33400.0,0
E02100,23.0,8180.0,3.8,778.0,0,nao,reforma,60,34700.0,0
E02101,53.0,2560.0,1.0,630.0,1,sim,pessoal,36,3700.0,0
E02102,32.0,7960.0,6.9,590.0,0,nao,negocio,36,31400.0,0
E02103,28.0,2760.0,5.0,732.0,0,sim,reforma,60,2200.0,0
E02104,58.0,3110.0,2.0,814.0,2,nao,pessoal,24,7200.0,0
E02105,43.0,4400.0,4.0,471.0,1,nao,pessoal,48,8700.0,0
E02106,31.0,6000.0,4.5,757.0,0,nao,educacao,24,23100.0,0
E02107,38.0,2100.0,3.0,489.0,2,nao,pessoal,36,11100.0,1
E02108,42.0,5720.0,0.7,797.0,3,nao,pessoal,12,5600.0,0
E02109,41.0,3570.0,3.4,446.0,2,nao,pessoal,12,12600.0,1
E02110,44.0,2910.0,3.3,718.0,3,sim,pessoal,36,15300.0,0
E02111,41.0,2160.0,5.5,707.0,2,sim,negocio,48,9400.0,0
E02112,60.0,5180.0,5.5,630.0,0,sim,educacao,36,25900.0,0
E02113,45.0,7040.0,5.3,717.0,0,nao,educacao,36,28300.0,0
E02114,45.0,1750.0,0.8,726.0,1,nao,educacao,24,6300.0,0
E02115,27.0,2160.0,3.8,697.0,0,nao,pessoal,48,1700.0,0
E02116,40.0,2360.0,6.3,539.0,1,sim,veiculo,48,3300.0,1
E02117,22.0,5460.0,13.9,539.0,0,sim,veiculo,12,17200.0,1
E02118,49.0,5600.0,4.4,718.0,0,nao,educacao,12,14900.0,0
E02119,43.0,4570.0,5.0,511.0,2,sim,pessoal,24,20000.0,0
E02120,42.0,1750.0,16.9,408.0,1,nao,negocio,48,1300.0,1
E02121,51.0,3920.0,1.8,574.0,2,sim,reforma,48,2900.0,1
E02122,55.0,1450.0,1.1,543.0,0,nao,reforma,24,1000.0,0
E02123,20.0,4760.0,2.4,717.0,1,nao,pessoal,48,8600.0,0
E02124,34.0,6810.0,2.9,671.0,4,sim,reforma,48,5500.0,0
E02125,41.0,1300.0,6.1,773.0,2,sim,pessoal,48,3300.0,0
E02126,26.0,1580.0,3.2,771.0,0,sim,pessoal,60,2700.0,0
E02127,46.0,2660.0,0.4,726.0,0,sim,pessoal,60,5200.0,0
E02128,47.0,2860.0,3.1,515.0,0,sim,pessoal,24,1900.0,0
E02129,35.0,4160.0,6.5,733.0,1,sim,reforma,24,16000.0,0
E02130,48.0,10940.0,10.4,888.0,4,nao,educacao,24,23200.0,0
E02131,40.0,4440.0,4.1,645.0,1,sim,negocio,24,9600.0,0
E02132,27.0,2220.0,0.6,726.0,0,nao,veiculo,48,4000.0,0
E02133,38.0,1300.0,6.8,604.0,0,nao,veiculo,24,1000.0,0
E02134,21.0,8390.0,3.3,357.0,1,nao,pessoal,60,46200.0,1
E02135,40.0,3350.0,2.3,568.0,2,sim,reforma,24,10900.0,0
E02136,48.0,7310.0,10.4,796.0,2,nao,veiculo,36,19100.0,0
E02137,48.0,4530.0,1.7,609.0,1,nao,pessoal,48,3600.0,0
E02138,37.0,3590.0,7.6,746.0,1,nao,pessoal,24,14600.0,0
E02139,37.0,2910.0,5.3,803.0,0,nao,negocio,24,13200.0,0
E02140,50.0,5460.0,5.0,582.0,1,sim,reforma,12,11900.0,0
E02141,32.0,7220.0,9.9,573.0,0,nao,negocio,60,17000.0,0
E02142,29.0,7490.0,3.8,587.0,0,nao,veiculo,24,5000.0,0
E02143,59.0,5480.0,20.5,510.0,0,sim,negocio,24,18700.0,0
E02144,32.0,4040.0,5.5,631.0,1,sim,educacao,60,11600.0,0
E02145,26.0,6730.0,16.3,454.0,0,nao,pessoal,48,29500.0,0
E02146,45.0,2670.0,0.2,363.0,2,nao,negocio,60,3100.0,1
E02147,28.0,7360.0,12.3,684.0,0,nao,educacao,36,38400.0,0
E02148,53.0,2210.0,2.1,584.0,0,nao,veiculo,12,10100.0,0
E02149,34.0,6540.0,3.4,562.0,1,nao,negocio,12,33500.0,0
E02150,35.0,7240.0,6.7,738.0,1,nao,educacao,24,32700.0,0
E02151,45.0,4660.0,3.4,664.0,0,sim,veiculo,24,26700.0,0
E02152,60.0,4840.0,2.7,511.0,3,nao,negocio,24,26800.0,1
E02153,44.0,4810.0,1.2,674.0,1,nao,reforma,24,8500.0,0
E02154,43.0,3460.0,4.1,773.0,1,sim,pessoal,24,2700.0,0
E02155,40.0,2850.0,0.7,753.0,1,sim,pessoal,24,10300.0,0
E02156,63.0,5230.0,6.0,759.0,0,nao,pessoal,60,12400.0,0
E02157,46.0,4150.0,2.2,646.0,0,nao,reforma,36,10200.0,0
E02158,28.0,4840.0,9.3,598.0,4,sim,negocio,24,23600.0,1
E02159,26.0,5960.0,9.7,749.0,0,sim,pessoal,36,32200.0,0
E02160,46.0,7410.0,8.9,842.0,0,sim,pessoal,36,29100.0,0
E02161,44.0,3450.0,0.4,614.0,5,nao,reforma,60,4300.0,1
E02162,37.0,2730.0,4.4,582.0,0,nao,reforma,24,11100.0,0
E02163,23.0,4080.0,2.4,822.0,1,sim,veiculo,12,15100.0,0
E02164,44.0,3740.0,4.0,622.0,0,nao,pessoal,60,13000.0,0
E02165,33.0,1690.0,9.5,599.0,0,sim,pessoal,24,7300.0,0
E02166,30.0,3410.0,10.7,581.0,0,nao,negocio,48,13200.0,0
E02167,52.0,2720.0,11.0,708.0,2,nao,pessoal,24,4300.0,0
E02168,36.0,,5.1,637.0,0,nao,veiculo,60,7700.0,0
E02169,31.0,4980.0,4.2,591.0,1,nao,veiculo,48,4300.0,0
E02170,39.0,1300.0,3.9,632.0,1,nao,veiculo,36,7000.0,0
E02171,37.0,4680.0,2.9,611.0,1,sim,pessoal,36,26300.0,0
E02172,48.0,6700.0,1.1,590.0,1,nao,veiculo,12,33400.0,0
E02173,38.0,5390.0,3.6,682.0,1,nao,pessoal,60,12900.0,0
E02174,36.0,2620.0,4.7,658.0,2,nao,veiculo,36,10400.0,0
E02175,56.0,12560.0,7.7,678.0,3,sim,veiculo,24,25900.0,0
E02176,45.0,2220.0,5.8,752.0,1,nao,pessoal,24,11300.0,0
E02177,50.0,4700.0,7.4,501.0,2,nao,pessoal,24,22000.0,0
E02178,50.0,12150.0,3.7,468.0,1,nao,pessoal,60,62700.0,0
E02179,36.0,3170.0,4.7,546.0,0,nao,pessoal,24,16700.0,1
E02180,39.0,3660.0,6.9,640.0,2,sim,pessoal,36,7500.0,0
E02181,40.0,4530.0,2.5,655.0,0,sim,pessoal,24,10700.0,0
E02182,61.0,5920.0,,565.0,0,sim,pessoal,24,23700.0,0
E02183,19.0,19560.0,2.5,632.0,0,nao,pessoal,24,30100.0,0
E02184,38.0,5010.0,3.7,557.0,1,nao,negocio,48,4000.0,1
E02185,42.0,4220.0,10.5,467.0,0,nao,educacao,24,11300.0,0
E02186,24.0,5460.0,7.6,490.0,0,nao,pessoal,12,6700.0,0
E02187,19.0,1400.0,1.5,701.0,0,sim,negocio,36,4800.0,0
E02188,33.0,8570.0,8.1,455.0,2,sim,educacao,12,44900.0,1
E02189,44.0,16150.0,4.5,754.0,0,nao,reforma,60,33300.0,0
E02190,49.0,17080.0,12.0,646.0,2,sim,negocio,36,99100.0,0
E02191,55.0,5270.0,12.6,537.0,2,sim,educacao,24,14800.0,1
E02192,44.0,2460.0,2.0,621.0,1,nao,veiculo,48,8500.0,1
E02193,34.0,3040.0,4.5,531.0,3,sim,reforma,60,4000.0,1
E02194,40.0,4060.0,13.8,815.0,0,sim,pessoal,48,2800.0,0
E02195,34.0,3500.0,9.2,593.0,0,nao,pessoal,24,14600.0,1
E02196,44.0,,4.7,516.0,1,nao,veiculo,48,15100.0,1
E02197,36.0,2810.0,1.3,933.0,2,sim,pessoal,24,6100.0,0
E02198,38.0,2630.0,5.3,632.0,1,sim,negocio,48,6600.0,0
E02199,47.0,1880.0,2.4,716.0,3,nao,veiculo,48,8500.0,0
E02200,30.0,5270.0,10.4,656.0,2,sim,pessoal,36,13400.0,1
E02201,53.0,8780.0,8.2,669.0,0,sim,reforma,60,5800.0,0
E02202,25.0,5580.0,3.1,720.0,0,nao,veiculo,24,18500.0,0
E02203,43.0,11280.0,2.8,733.0,0,sim,educacao,36,59600.0,0
E02204,30.0,7810.0,7.3,553.0,1,nao,reforma,24,16500.0,0
E02205,55.0,7210.0,3.1,629.0,2,nao,reforma,24,23000.0,0
E02206,38.0,2030.0,5.6,643.0,2,sim,reforma,24,8700.0,0
E02207,41.0,,18.8,607.0,1,nao,negocio,24,5800.0,0
E02208,37.0,3220.0,0.8,786.0,1,nao,negocio,36,10300.0,0
E02209,45.0,3570.0,5.3,777.0,1,nao,veiculo,24,14900.0,0
E02210,38.0,2140.0,7.2,376.0,2,sim,negocio,48,10500.0,1
E02211,22.0,9900.0,2.3,720.0,1,nao,negocio,48,30200.0,0
E02212,37.0,10070.0,0.6,695.0,0,sim,reforma,24,38600.0,0
E02213,51.0,2530.0,0.9,702.0,1,sim,negocio,36,6900.0,1
E02214,41.0,3560.0,3.5,690.0,2,nao,pessoal,24,9500.0,0
E02215,18.0,2440.0,2.0,594.0,3,sim,pessoal,12,3100.0,0
E02216,42.0,2580.0,4.5,816.0,0,sim,pessoal,36,4700.0,0
E02217,40.0,8230.0,12.4,345.0,1,nao,reforma,36,14300.0,0
E02218,48.0,2420.0,9.8,424.0,1,nao,veiculo,24,10100.0,0
E02219,50.0,4780.0,6.7,507.0,0,sim,pessoal,60,13300.0,0
E02220,31.0,1300.0,,672.0,0,sim,educacao,24,2100.0,0
E02221,37.0,11880.0,0.6,552.0,1,nao,pessoal,36,58600.0,0
E02222,29.0,,1.6,647.0,1,nao,educacao,48,12800.0,0
E02223,39.0,7070.0,2.3,553.0,2,nao,reforma,60,29600.0,0
E02224,34.0,5020.0,3.9,530.0,1,sim,reforma,60,24200.0,0
E02225,38.0,5090.0,12.3,684.0,2,nao,veiculo,24,14100.0,0
E02226,35.0,2600.0,3.1,695.0,0,sim,veiculo,36,10700.0,0
E02227,47.0,2190.0,24.2,883.0,1,sim,negocio,24,1600.0,0
E02228,61.0,1300.0,,669.0,0,nao,veiculo,48,4600.0,0
E02229,36.0,12580.0,7.8,590.0,1,sim,pessoal,60,16400.0,0
E02230,47.0,9410.0,2.1,591.0,4,sim,pessoal,36,19400.0,0
E02231,33.0,9010.0,9.3,417.0,2,nao,pessoal,24,50200.0,1
E02232,18.0,3440.0,12.3,704.0,0,nao,educacao,60,11300.0,0
E02233,42.0,6510.0,2.9,657.0,3,nao,pessoal,12,14800.0,0
E02234,42.0,2800.0,1.8,622.0,3,sim,negocio,48,15400.0,0
E02235,62.0,8670.0,6.3,646.0,1,sim,negocio,12,21800.0,0
E02236,47.0,3920.0,7.5,533.0,1,sim,educacao,24,5400.0,0
E02237,36.0,3270.0,9.1,393.0,0,nao,pessoal,36,12900.0,0
E02238,19.0,2440.0,10.6,617.0,1,sim,pessoal,24,13100.0,0
E02239,43.0,3790.0,1.3,603.0,1,sim,pessoal,24,13300.0,0
E02240,51.0,2220.0,3.1,666.0,0,sim,educacao,12,8900.0,0
E02241,71.0,1660.0,6.8,651.0,0,nao,veiculo,60,3800.0,0
E02242,41.0,3200.0,2.6,649.0,1,nao,negocio,24,4800.0,0
E02243,49.0,5180.0,10.2,568.0,0,nao,veiculo,24,14700.0,0
E02244,41.0,3420.0,3.0,860.0,0,nao,pessoal,48,6700.0,0
E02245,48.0,2470.0,2.2,766.0,1,sim,pessoal,36,10000.0,0
E02246,44.0,27160.0,4.5,536.0,1,nao,veiculo,60,42400.0,1
E02247,24.0,3240.0,4.0,791.0,2,nao,educacao,36,14600.0,0
E02248,40.0,9050.0,2.6,685.0,2,sim,pessoal,24,12100.0,0
E02249,37.0,1300.0,16.0,470.0,1,nao,pessoal,24,5900.0,0
E02250,42.0,,0.0,771.0,5,nao,veiculo,48,3000.0,1
E02251,50.0,10120.0,6.5,589.0,1,nao,negocio,60,30000.0,1
E02252,50.0,4950.0,3.2,594.0,1,nao,negocio,24,15600.0,0
E02253,35.0,7230.0,13.2,618.0,1,nao,veiculo,24,34200.0,0
E02254,42.0,5970.0,,655.0,2,nao,negocio,12,34000.0,1
E02255,32.0,1630.0,4.3,612.0,1,nao,negocio,24,6800.0,0
E02256,25.0,4910.0,18.3,746.0,0,nao,veiculo,12,8900.0,0
E02257,33.0,8090.0,4.0,824.0,0,sim,pessoal,12,10800.0,0
E02258,37.0,1470.0,4.1,602.0,1,sim,veiculo,60,7500.0,0
E02259,45.0,3260.0,3.0,473.0,1,nao,veiculo,48,10400.0,1
E02260,74.0,6040.0,3.1,590.0,0,nao,pessoal,24,8700.0,0
E02261,45.0,2200.0,10.3,541.0,1,nao,educacao,12,2200.0,1
E02262,27.0,7710.0,16.2,580.0,1,nao,pessoal,24,20900.0,0
E02263,42.0,2530.0,3.8,488.0,0,nao,veiculo,24,4000.0,0
E02264,38.0,1300.0,7.6,689.0,2,sim,pessoal,60,4500.0,0
E02265,55.0,5280.0,0.8,484.0,1,nao,educacao,36,26400.0,0
E02266,33.0,7930.0,3.4,514.0,0,nao,veiculo,36,5800.0,0
E02267,44.0,9810.0,1.2,816.0,0,sim,negocio,12,56600.0,0
E02268,53.0,12180.0,5.7,477.0,1,sim,negocio,36,9100.0,1
E02269,39.0,1640.0,3.7,502.0,1,nao,veiculo,24,1000.0,0
E02270,32.0,4170.0,1.5,808.0,3,sim,negocio,24,4100.0,0
E02271,51.0,8470.0,10.6,628.0,2,sim,negocio,60,31800.0,0
E02272,37.0,6260.0,2.1,514.0,1,sim,pessoal,60,37000.0,0
E02273,60.0,3450.0,0.3,526.0,1,nao,veiculo,24,9800.0,1
E02274,38.0,11210.0,8.4,939.0,1,nao,pessoal,36,14000.0,0
E02275,39.0,6270.0,5.4,729.0,0,nao,pessoal,36,5600.0,0
E02276,47.0,8790.0,7.3,672.0,0,sim,negocio,36,52100.0,0
E02277,43.0,1940.0,3.8,732.0,1,sim,pessoal,12,2000.0,0
E02278,26.0,3340.0,12.4,602.0,1,nao,pessoal,60,16000.0,1
E02279,32.0,2750.0,2.1,655.0,1,nao,educacao,48,4500.0,1
E02280,33.0,4060.0,1.4,693.0,1,sim,pessoal,60,8300.0,0
E02281,24.0,3420.0,4.1,577.0,4,nao,veiculo,12,19800.0,1
E02282,31.0,9260.0,1.1,651.0,0,sim,negocio,36,40500.0,0
E02283,43.0,2770.0,4.8,809.0,1,sim,pessoal,24,6900.0,0
E02284,48.0,3640.0,7.5,514.0,2,sim,negocio,24,4300.0,0
E02285,39.0,6740.0,11.5,585.0,1,sim,veiculo,60,25200.0,0
E02286,50.0,1960.0,4.7,573.0,0,sim,veiculo,24,9100.0,0
E02287,30.0,3840.0,8.3,723.0,1,sim,educacao,60,15400.0,0
E02288,62.0,4710.0,6.3,761.0,0,sim,veiculo,36,19400.0,0
E02289,56.0,3240.0,3.2,476.0,1,sim,pessoal,24,3200.0,0
E02290,49.0,3130.0,1.0,604.0,1,nao,educacao,60,18300.0,0
E02291,44.0,5020.0,,558.0,2,nao,pessoal,60,18200.0,0
E02292,20.0,2490.0,0.6,693.0,1,nao,educacao,24,5300.0,0
E02293,58.0,4880.0,11.3,641.0,1,nao,pessoal,36,20300.0,1
E02294,31.0,3160.0,4.5,737.0,0,sim,reforma,12,15200.0,0
E02295,38.0,4870.0,1.7,849.0,0,nao,reforma,24,23800.0,0
E02296,34.0,6390.0,10.9,407.0,2,sim,negocio,36,38200.0,0
E02297,38.0,5490.0,21.1,408.0,1,nao,reforma,24,4000.0,0
E02298,40.0,3560.0,5.8,641.0,0,sim,pessoal,12,9800.0,0
E02299,66.0,17600.0,1.9,686.0,1,nao,pessoal,24,51100.0,1
E02300,38.0,5860.0,0.4,544.0,0,sim,pessoal,24,5000.0,0
E02301,38.0,2390.0,7.8,648.0,3,sim,pessoal,12,7300.0,1
E02302,47.0,6610.0,8.9,671.0,2,sim,veiculo,60,30300.0,0
E02303,43.0,3390.0,,492.0,3,nao,veiculo,60,10000.0,1
E02304,48.0,6000.0,5.3,674.0,1,nao,veiculo,60,21700.0,0
E02305,58.0,5210.0,4.9,711.0,3,sim,veiculo,24,21100.0,0
E02306,36.0,4740.0,3.8,643.0,3,nao,pessoal,12,9700.0,0
E02307,56.0,5550.0,6.6,475.0,0,sim,pessoal,12,20800.0,0
E02308,40.0,2010.0,4.0,534.0,1,nao,pessoal,48,12000.0,1
E02309,33.0,,1.0,690.0,1,nao,pessoal,24,13600.0,0
E02310,30.0,2900.0,0.5,835.0,2,sim,educacao,60,5300.0,0
E02311,47.0,3170.0,0.3,687.0,2,sim,reforma,36,8700.0,0
E02312,45.0,10310.0,7.1,610.0,0,nao,pessoal,60,24100.0,0
E02313,38.0,5690.0,3.2,661.0,2,nao,pessoal,60,24400.0,0
E02314,46.0,5080.0,1.2,610.0,3,nao,pessoal,36,3300.0,1
E02315,34.0,4060.0,6.4,678.0,4,sim,educacao,24,13800.0,0
E02316,60.0,16790.0,2.2,691.0,1,sim,pessoal,60,15200.0,0
E02317,32.0,2860.0,3.1,466.0,0,nao,veiculo,24,16000.0,0
E02318,40.0,7040.0,13.5,777.0,2,nao,pessoal,12,18800.0,0
E02319,18.0,7180.0,9.0,830.0,1,nao,pessoal,24,34200.0,0
E02320,57.0,6830.0,5.7,507.0,1,nao,veiculo,48,31100.0,0
E02321,57.0,3370.0,17.0,564.0,1,sim,negocio,24,12900.0,0
E02322,38.0,2270.0,12.6,720.0,0,nao,pessoal,24,6100.0,0
E02323,40.0,5450.0,11.8,605.0,1,sim,veiculo,60,10000.0,0
E02324,24.0,4460.0,7.7,513.0,1,nao,reforma,24,15100.0,1
E02325,34.0,3680.0,12.5,466.0,0,nao,pessoal,36,6400.0,0
E02326,40.0,3290.0,4.5,623.0,1,nao,reforma,24,18900.0,0
E02327,38.0,,10.6,500.0,1,nao,negocio,48,25800.0,0
E02328,18.0,3800.0,5.9,701.0,3,sim,educacao,48,12600.0,0
E02329,40.0,2430.0,1.0,641.0,2,nao,pessoal,24,5800.0,0
E02330,34.0,19530.0,2.3,833.0,0,nao,veiculo,48,56700.0,0
E02331,25.0,9970.0,9.1,770.0,1,sim,pessoal,24,15100.0,0
E02332,26.0,,1.0,635.0,2,sim,pessoal,48,13800.0,0
E02333,26.0,12390.0,6.8,769.0,0,sim,educacao,24,22900.0,0
E02334,47.0,,0.4,570.0,2,sim,reforma,12,6000.0,0
E02335,62.0,2050.0,2.9,555.0,2,sim,educacao,36,10300.0,0
E02336,80.0,,3.3,779.0,1,nao,negocio,36,11400.0,0
E02337,33.0,9580.0,1.3,852.0,0,sim,pessoal,24,5300.0,0
E02338,21.0,2840.0,2.0,762.0,2,nao,veiculo,48,11000.0,0
E02339,32.0,7120.0,4.8,508.0,1,sim,veiculo,48,29200.0,0
E02340,26.0,2410.0,1.8,500.0,1,nao,educacao,36,13500.0,0
E02341,18.0,4720.0,12.5,718.0,0,sim,veiculo,36,5000.0,0
E02342,46.0,4790.0,8.9,541.0,1,sim,veiculo,24,14100.0,1
E02343,32.0,2860.0,14.3,547.0,0,sim,veiculo,24,10800.0,0
E02344,40.0,5700.0,0.4,622.0,2,nao,pessoal,36,14200.0,1
E02345,38.0,2460.0,0.8,567.0,0,nao,pessoal,24,6000.0,0
E02346,33.0,2050.0,1.7,847.0,2,nao,educacao,48,7300.0,0
E02347,18.0,3050.0,3.7,825.0,4,nao,veiculo,24,3900.0,0
E02348,27.0,2110.0,,820.0,1,sim,veiculo,60,3700.0,0
E02349,23.0,1990.0,4.1,608.0,0,nao,reforma,24,7400.0,0
E02350,28.0,11660.0,7.9,832.0,0,sim,negocio,36,8200.0,0
E02351,32.0,3720.0,0.6,626.0,0,nao,reforma,24,9100.0,0
E02352,43.0,3820.0,0.9,721.0,0,nao,pessoal,36,20700.0,0
E02353,36.0,3580.0,10.0,730.0,1,nao,pessoal,48,2400.0,0
E02354,31.0,3130.0,3.5,569.0,0,nao,negocio,36,17200.0,1
E02355,39.0,1300.0,4.3,731.0,2,sim,reforma,36,5600.0,0
E02356,39.0,7520.0,2.9,612.0,3,nao,pessoal,36,8500.0,0
E02357,54.0,14700.0,17.4,704.0,1,sim,veiculo,36,66800.0,0
E02358,73.0,3130.0,5.6,557.0,2,nao,veiculo,12,9100.0,1
E02359,18.0,4540.0,0.3,698.0,0,sim,pessoal,60,8300.0,0
E02360,47.0,5000.0,0.9,715.0,1,sim,reforma,24,27500.0,1
E02361,19.0,3230.0,3.2,722.0,2,nao,pessoal,12,18700.0,1
E02362,46.0,2980.0,1.5,873.0,0,sim,educacao,48,14100.0,0
E02363,18.0,5260.0,6.1,795.0,2,sim,pessoal,12,30900.0,0
E02364,35.0,,7.3,564.0,1,nao,veiculo,24,6700.0,1
E02365,27.0,7110.0,8.9,550.0,0,nao,pessoal,12,16000.0,0
E02366,39.0,3150.0,1.0,766.0,0,sim,pessoal,36,6800.0,0
E02367,30.0,1300.0,2.5,806.0,2,nao,veiculo,48,2800.0,0
E02368,38.0,2190.0,5.4,400.0,1,sim,pessoal,24,8200.0,1
E02369,36.0,3440.0,9.8,687.0,2,nao,pessoal,24,15300.0,0
E02370,49.0,7090.0,10.4,434.0,2,nao,pessoal,12,13900.0,0
E02371,37.0,9490.0,5.2,697.0,1,nao,reforma,24,27700.0,0
E02372,62.0,6830.0,9.2,746.0,0,nao,negocio,48,38600.0,0
E02373,34.0,5440.0,5.9,649.0,1,nao,pessoal,24,27300.0,1
E02374,44.0,6840.0,4.8,638.0,0,nao,educacao,24,15100.0,0
E02375,23.0,2880.0,5.1,613.0,3,nao,veiculo,24,5400.0,1
E02376,38.0,5940.0,8.2,710.0,2,sim,pessoal,60,28500.0,0
E02377,32.0,,6.2,706.0,0,nao,negocio,12,45400.0,1
E02378,49.0,2540.0,1.2,752.0,0,nao,pessoal,36,7200.0,0
E02379,44.0,2650.0,4.4,689.0,1,nao,educacao,24,2100.0,0
E02380,40.0,3160.0,4.0,513.0,0,nao,reforma,12,4900.0,1
E02381,30.0,1730.0,3.7,439.0,0,nao,pessoal,12,8300.0,1
E02382,48.0,8910.0,1.3,544.0,1,nao,pessoal,24,36000.0,1
E02383,44.0,3080.0,3.4,622.0,4,nao,veiculo,36,7900.0,1
E02384,57.0,1580.0,5.1,811.0,3,nao,veiculo,12,1200.0,0
E02385,18.0,1300.0,2.2,733.0,2,sim,negocio,60,1000.0,0
E02386,47.0,10610.0,6.8,847.0,0,sim,educacao,48,15900.0,0
E02387,45.0,7850.0,0.1,716.0,2,sim,pessoal,60,21900.0,0
E02388,38.0,2580.0,7.9,772.0,1,sim,veiculo,60,15000.0,1
E02389,51.0,6340.0,11.8,436.0,1,nao,pessoal,12,31200.0,1
E02390,48.0,2090.0,3.8,480.0,1,sim,veiculo,36,9400.0,0
E02391,32.0,4030.0,3.4,797.0,1,sim,educacao,60,17700.0,0
E02392,24.0,2670.0,1.3,661.0,1,nao,negocio,36,4200.0,1
E02393,45.0,2090.0,5.2,628.0,1,sim,pessoal,48,2400.0,0
E02394,49.0,7210.0,11.4,437.0,1,nao,negocio,48,16500.0,0
E02395,23.0,5260.0,10.0,714.0,2,sim,pessoal,48,7800.0,0
E02396,38.0,3410.0,11.3,621.0,0,nao,veiculo,24,20200.0,0
E02397,28.0,,0.4,412.0,0,sim,negocio,36,28400.0,0
E02398,51.0,4550.0,5.4,715.0,1,sim,negocio,24,11300.0,0
E02399,48.0,2640.0,14.3,624.0,2,nao,reforma,12,8300.0,0
E02400,36.0,2380.0,2.4,615.0,1,sim,reforma,60,1500.0,0
E02401,35.0,6830.0,0.6,723.0,1,sim,pessoal,48,36100.0,0
E02402,46.0,4510.0,14.7,561.0,2,nao,veiculo,36,12500.0,0
E02403,40.0,3590.0,5.4,501.0,1,nao,pessoal,24,19000.0,0
E02404,34.0,3650.0,2.3,571.0,2,nao,veiculo,48,6400.0,0
E02405,18.0,8230.0,6.1,736.0,2,nao,reforma,24,37200.0,0
E02406,28.0,6450.0,4.0,524.0,1,nao,veiculo,60,30800.0,0
E02407,54.0,4050.0,0.3,655.0,0,nao,negocio,24,15900.0,0
E02408,60.0,16670.0,16.6,756.0,2,nao,veiculo,48,67200.0,0
E02409,35.0,4160.0,0.8,647.0,0,nao,veiculo,12,6500.0,0
E02410,42.0,5780.0,3.0,578.0,2,nao,pessoal,24,12300.0,0
E02411,37.0,6610.0,4.7,707.0,1,sim,reforma,24,12200.0,0
E02412,33.0,1500.0,19.7,637.0,1,sim,negocio,12,6800.0,0
E02413,32.0,3630.0,5.2,611.0,0,sim,veiculo,48,18000.0,0
E02414,20.0,3930.0,2.2,569.0,0,nao,pessoal,36,12500.0,0
E02415,40.0,1300.0,3.5,648.0,0,nao,pessoal,24,1400.0,0
E02416,43.0,5080.0,9.0,727.0,2,nao,pessoal,36,27400.0,0
E02417,35.0,1420.0,1.5,584.0,1,sim,reforma,48,5100.0,1
E02418,53.0,21900.0,6.9,621.0,6,sim,reforma,24,104500.0,1
E02419,28.0,6810.0,7.5,739.0,1,sim,pessoal,24,33700.0,0
E02420,30.0,2470.0,8.4,633.0,0,nao,veiculo,48,4200.0,0
E02421,24.0,16690.0,0.8,626.0,2,nao,negocio,48,71900.0,1
E02422,58.0,8430.0,13.0,493.0,2,sim,veiculo,48,16100.0,0
E02423,30.0,6190.0,7.2,647.0,1,nao,veiculo,48,19200.0,0
E02424,39.0,5450.0,8.4,696.0,1,sim,veiculo,36,27300.0,0
E02425,29.0,3540.0,1.9,605.0,1,sim,educacao,12,11100.0,0
E02426,50.0,3690.0,6.3,661.0,0,nao,pessoal,12,13600.0,1
E02427,48.0,6030.0,9.9,591.0,1,nao,pessoal,36,9200.0,0
E02428,40.0,15050.0,4.5,475.0,0,nao,negocio,36,29100.0,0
E02429,40.0,6880.0,0.4,419.0,0,nao,veiculo,36,29100.0,1
E02430,43.0,11960.0,7.5,744.0,1,nao,pessoal,12,61600.0,0
E02431,43.0,4770.0,6.0,848.0,0,nao,pessoal,36,6100.0,0
E02432,49.0,3120.0,2.9,788.0,1,sim,pessoal,12,16400.0,0
E02433,27.0,12460.0,14.5,556.0,2,sim,educacao,24,35200.0,0
E02434,50.0,,3.4,738.0,2,nao,pessoal,12,36000.0,1
E02435,29.0,2220.0,4.8,578.0,0,nao,pessoal,36,6600.0,0
E02436,40.0,4100.0,4.2,554.0,0,nao,pessoal,36,4800.0,0
E02437,30.0,8560.0,0.3,783.0,3,sim,veiculo,60,41200.0,0
E02438,39.0,3080.0,7.5,559.0,1,nao,reforma,60,10700.0,0
E02439,42.0,3860.0,5.1,611.0,1,sim,pessoal,36,14900.0,0
E02440,49.0,9600.0,0.6,609.0,0,sim,educacao,12,40600.0,0
E02441,56.0,4630.0,14.7,567.0,2,nao,educacao,48,14700.0,0
E02442,42.0,3730.0,4.5,807.0,1,sim,reforma,60,3700.0,0
E02443,26.0,5660.0,5.6,794.0,1,sim,veiculo,12,32900.0,0
E02444,31.0,,10.9,471.0,0,nao,pessoal,36,21500.0,0
E02445,30.0,1300.0,0.5,690.0,1,sim,pessoal,24,1200.0,0
E02446,51.0,15840.0,1.9,624.0,0,sim,veiculo,36,45300.0,0
E02447,18.0,4980.0,2.1,561.0,5,nao,pessoal,48,23300.0,1
E02448,39.0,7810.0,4.5,599.0,1,sim,negocio,36,32900.0,0
E02449,39.0,8560.0,14.9,662.0,3,nao,educacao,36,37200.0,0
E02450,52.0,2310.0,7.6,650.0,1,nao,pessoal,48,3900.0,0
E02451,36.0,1360.0,3.8,706.0,1,nao,pessoal,48,3000.0,0
E02452,34.0,7920.0,3.9,715.0,0,sim,pessoal,24,35900.0,0
E02453,49.0,8040.0,2.3,480.0,1,sim,pessoal,36,12600.0,0
E02454,45.0,2680.0,1.7,626.0,1,nao,pessoal,36,3800.0,0
E02455,57.0,10430.0,5.9,615.0,2,nao,negocio,24,28900.0,0
E02456,37.0,2550.0,2.8,734.0,2,sim,educacao,60,13900.0,0
E02457,34.0,,5.8,389.0,4,nao,pessoal,60,11400.0,1
E02458,32.0,4090.0,9.4,835.0,1,nao,pessoal,36,13900.0,0
E02459,47.0,2140.0,4.6,639.0,1,nao,pessoal,36,8500.0,0
E02460,58.0,3280.0,8.5,678.0,0,nao,pessoal,12,2400.0,0
E02461,19.0,5520.0,5.6,434.0,1,nao,reforma,24,8700.0,0
E02462,46.0,8540.0,7.5,605.0,0,nao,negocio,48,13600.0,0
E02463,39.0,4680.0,4.7,520.0,0,nao,pessoal,48,25500.0,1
E02464,41.0,3580.0,3.6,752.0,0,sim,pessoal,48,21300.0,0
E02465,56.0,2290.0,21.8,586.0,1,nao,reforma,24,12100.0,1
E02466,51.0,4070.0,2.2,624.0,1,sim,veiculo,24,7800.0,0
E02467,53.0,2560.0,5.4,563.0,0,sim,pessoal,24,2100.0,1
E02468,45.0,2420.0,8.0,530.0,2,nao,pessoal,24,13700.0,0
E02469,43.0,2530.0,8.4,720.0,1,sim,pessoal,36,11600.0,0
E02470,48.0,5040.0,0.2,532.0,2,nao,pessoal,60,22600.0,0
E02471,70.0,5430.0,4.9,660.0,1,sim,pessoal,36,8300.0,0
E02472,41.0,3830.0,,582.0,1,nao,pessoal,60,8100.0,0
E02473,43.0,8480.0,5.0,685.0,3,nao,veiculo,24,44700.0,0
E02474,32.0,7780.0,3.3,735.0,0,nao,veiculo,36,32500.0,0
E02475,19.0,2520.0,1.6,651.0,1,sim,reforma,12,5200.0,1
E02476,55.0,10720.0,6.0,744.0,0,nao,reforma,60,14600.0,0
E02477,37.0,1300.0,3.6,740.0,1,nao,reforma,36,3400.0,0
E02478,48.0,7360.0,8.4,678.0,2,nao,veiculo,24,28800.0,0
E02479,44.0,4880.0,6.2,662.0,3,nao,pessoal,24,23500.0,0
E02480,57.0,3380.0,1.9,551.0,1,sim,pessoal,36,10300.0,0
E02481,36.0,3430.0,8.2,563.0,0,nao,pessoal,36,16700.0,1
E02482,24.0,5170.0,4.3,669.0,0,sim,pessoal,24,7900.0,0
E02483,56.0,3260.0,2.7,554.0,2,nao,veiculo,36,8900.0,1
E02484,43.0,6360.0,9.2,586.0,2,sim,negocio,48,24100.0,0
E02485,41.0,1300.0,0.4,713.0,1,sim,veiculo,36,3400.0,0
E02486,18.0,3310.0,17.2,744.0,2,sim,pessoal,60,4800.0,0
E02487,47.0,5370.0,13.3,329.0,2,nao,veiculo,12,23700.0,1
E02488,19.0,4120.0,3.5,629.0,3,sim,pessoal,60,21000.0,1
E02489,51.0,2220.0,3.4,727.0,0,sim,negocio,60,5700.0,0
E02490,36.0,4130.0,1.4,595.0,0,nao,pessoal,12,15400.0,1
E02491,46.0,5640.0,2.2,708.0,0,nao,veiculo,24,24600.0,0
E02492,40.0,5330.0,1.4,698.0,3,nao,reforma,60,31700.0,0
E02493,36.0,3560.0,6.9,630.0,1,nao,reforma,12,13600.0,0
E02494,31.0,6110.0,4.3,583.0,2,sim,pessoal,24,11400.0,0
E02495,18.0,3290.0,4.3,515.0,0,nao,negocio,60,16700.0,0
E02496,37.0,3440.0,4.6,470.0,0,sim,pessoal,24,10300.0,0
E02497,43.0,7160.0,3.8,656.0,1,nao,educacao,36,33100.0,0
E02498,45.0,2310.0,2.2,468.0,1,sim,veiculo,60,8800.0,1
E02499,49.0,4470.0,10.8,713.0,1,nao,pessoal,60,23500.0,0
E02500,45.0,1990.0,6.1,741.0,3,nao,reforma,36,8400.0,0
E02501,64.0,7340.0,4.3,736.0,2,nao,pessoal,36,29000.0,0
E02502,34.0,5030.0,2.5,576.0,0,nao,reforma,60,25900.0,0
E02503,61.0,9290.0,1.2,759.0,0,nao,reforma,24,22500.0,0
E02504,42.0,9960.0,11.1,344.0,2,nao,pessoal,36,10300.0,0
E02505,48.0,4460.0,5.0,572.0,1,nao,pessoal,12,11500.0,0
E02506,52.0,1940.0,2.8,424.0,3,nao,negocio,12,2700.0,0
E02507,18.0,3200.0,5.2,671.0,1,nao,negocio,12,6900.0,1
E02508,60.0,2980.0,4.8,561.0,2,nao,pessoal,48,15700.0,0
E02509,46.0,13630.0,4.4,526.0,0,nao,reforma,24,49400.0,0
E02510,31.0,5480.0,2.0,453.0,2,sim,reforma,36,23900.0,0
E02511,34.0,6590.0,3.7,664.0,0,nao,veiculo,36,15300.0,0
E02512,50.0,10910.0,3.2,621.0,2,sim,educacao,60,52000.0,0
E02513,36.0,6190.0,3.2,552.0,3,nao,veiculo,24,8000.0,0
E02514,32.0,5100.0,7.9,693.0,0,nao,negocio,36,19000.0,0
E02515,38.0,7770.0,,564.0,1,sim,negocio,60,22900.0,0
E02516,29.0,1360.0,3.7,698.0,0,nao,pessoal,24,5800.0,0
E02517,25.0,2110.0,1.1,478.0,1,sim,reforma,60,9200.0,1
E02518,39.0,,2.7,815.0,1,nao,pessoal,36,5700.0,0
E02519,18.0,7770.0,1.8,831.0,2,nao,veiculo,36,34700.0,0
E02520,45.0,,15.1,571.0,0,sim,pessoal,36,6100.0,1
E02521,27.0,4630.0,12.6,788.0,0,sim,educacao,36,5500.0,0
E02522,64.0,1420.0,3.6,573.0,1,nao,educacao,36,8200.0,0
E02523,46.0,8620.0,10.1,684.0,0,sim,veiculo,12,11800.0,0
E02524,50.0,11910.0,6.4,410.0,1,sim,pessoal,36,53900.0,0
E02525,22.0,1890.0,2.4,561.0,1,nao,pessoal,60,3300.0,0
E02526,52.0,1370.0,0.9,723.0,0,nao,reforma,24,4400.0,0
E02527,19.0,6890.0,5.6,834.0,0,sim,pessoal,24,20000.0,0
E02528,36.0,7590.0,2.6,624.0,3,sim,negocio,36,39200.0,0
E02529,20.0,1300.0,5.2,496.0,0,nao,veiculo,36,3300.0,1
E02530,37.0,5750.0,33.6,674.0,0,nao,negocio,48,7700.0,0
E02531,44.0,3570.0,,484.0,1,nao,negocio,12,20200.0,1
E02532,37.0,2970.0,1.3,531.0,1,nao,educacao,36,3300.0,1
E02533,31.0,1720.0,7.1,587.0,2,sim,pessoal,24,2800.0,0
E02534,48.0,4990.0,,685.0,0,nao,negocio,24,24400.0,0
E02535,40.0,2890.0,16.3,531.0,0,sim,pessoal,12,10000.0,0
E02536,38.0,3520.0,11.3,587.0,1,sim,pessoal,36,1800.0,0
E02537,44.0,14370.0,14.2,655.0,0,sim,pessoal,12,27600.0,0
E02538,26.0,12620.0,3.9,709.0,2,nao,educacao,24,21000.0,0
E02539,50.0,8000.0,1.3,485.0,0,nao,educacao,24,22800.0,0
E02540,50.0,2580.0,4.5,583.0,1,nao,veiculo,24,10300.0,0
E02541,35.0,2980.0,3.7,649.0,1,nao,reforma,36,7900.0,1
E02542,43.0,3940.0,3.9,661.0,0,nao,educacao,12,10300.0,1
E02543,42.0,8130.0,14.0,672.0,1,sim,pessoal,12,28300.0,1
E02544,53.0,1960.0,2.5,664.0,0,sim,reforma,24,8900.0,0
E02545,70.0,2740.0,6.4,609.0,1,sim,negocio,24,13300.0,0
E02546,57.0,4690.0,4.9,744.0,0,nao,pessoal,48,6700.0,0
E02547,26.0,3510.0,4.6,713.0,3,sim,pessoal,36,10100.0,0
E02548,50.0,2530.0,8.9,770.0,1,sim,pessoal,48,12600.0,0
E02549,73.0,4790.0,1.7,569.0,0,sim,negocio,36,20300.0,0
E02550,28.0,1990.0,0.8,507.0,2,sim,reforma,36,1400.0,0
E02551,57.0,3770.0,8.0,609.0,3,nao,veiculo,48,2200.0,1
E02552,48.0,1690.0,4.0,645.0,2,nao,veiculo,12,8300.0,0
E02553,43.0,6540.0,23.9,670.0,1,sim,veiculo,36,22400.0,0
E02554,43.0,1450.0,5.1,432.0,1,nao,pessoal,48,7300.0,0
E02555,36.0,1510.0,0.2,536.0,2,nao,pessoal,24,4200.0,0
E02556,22.0,2590.0,10.0,552.0,2,nao,pessoal,12,4500.0,1
E02557,52.0,1640.0,8.4,668.0,2,nao,reforma,60,4700.0,0
E02558,19.0,3490.0,7.0,494.0,1,sim,pessoal,48,8400.0,0
E02559,38.0,3050.0,9.1,694.0,3,nao,reforma,60,3000.0,0
E02560,40.0,5310.0,5.9,495.0,1,nao,reforma,12,23400.0,1
E02561,36.0,3270.0,4.0,550.0,0,nao,veiculo,24,14200.0,0
E02562,42.0,5230.0,12.9,513.0,0,nao,negocio,36,11400.0,1
E02563,63.0,3650.0,26.5,654.0,2,sim,veiculo,24,10500.0,0
E02564,43.0,17540.0,8.7,711.0,1,sim,negocio,12,98600.0,0
E02565,43.0,,0.8,850.0,1,nao,veiculo,36,2400.0,0
E02566,52.0,1610.0,2.0,668.0,2,nao,pessoal,24,5200.0,0
E02567,46.0,4170.0,3.7,610.0,2,sim,negocio,24,14100.0,0
E02568,42.0,2050.0,10.4,578.0,0,sim,reforma,48,2700.0,0
E02569,36.0,3660.0,14.2,655.0,1,nao,pessoal,60,3000.0,0
E02570,41.0,8450.0,5.9,881.0,0,sim,veiculo,36,25400.0,0
E02571,47.0,5110.0,6.5,545.0,1,sim,negocio,60,20800.0,0
E02572,47.0,6500.0,1.4,822.0,1,sim,reforma,36,14300.0,0
E02573,28.0,2880.0,3.7,713.0,1,sim,pessoal,36,15200.0,0
E02574,23.0,2740.0,3.5,559.0,1,nao,negocio,24,11600.0,0
E02575,46.0,6960.0,1.5,640.0,1,nao,educacao,60,8700.0,0
E02576,31.0,1610.0,0.5,447.0,0,sim,pessoal,24,6000.0,0
E02577,41.0,4780.0,4.7,689.0,2,nao,negocio,48,16100.0,0
E02578,37.0,3340.0,15.5,511.0,0,sim,pessoal,24,2900.0,0
E02579,34.0,2660.0,,644.0,2,nao,reforma,24,14200.0,0
E02580,47.0,,4.9,623.0,1,sim,negocio,24,17700.0,0
E02581,41.0,3370.0,11.4,675.0,1,nao,pessoal,24,4500.0,0
E02582,55.0,5500.0,1.0,585.0,0,nao,veiculo,60,16300.0,0
E02583,49.0,4610.0,1.3,678.0,1,nao,veiculo,24,27600.0,0
E02584,29.0,2330.0,3.7,593.0,2,sim,veiculo,12,9900.0,0
E02585,35.0,8690.0,9.4,602.0,0,sim,veiculo,48,40900.0,0
E02586,37.0,9930.0,4.1,685.0,1,nao,negocio,24,33400.0,1
E02587,32.0,4900.0,3.1,479.0,1,sim,pessoal,36,3500.0,1
E02588,54.0,7540.0,0.7,657.0,1,sim,pessoal,24,24800.0,0
E02589,34.0,4110.0,12.3,554.0,2,nao,reforma,24,15500.0,1
E02590,40.0,2360.0,4.1,567.0,1,nao,pessoal,12,6400.0,0
E02591,45.0,6170.0,7.4,477.0,1,nao,educacao,60,15700.0,0
E02592,26.0,4080.0,8.2,466.0,2,nao,negocio,60,2100.0,1
E02593,40.0,4570.0,2.1,584.0,0,nao,veiculo,36,4800.0,0
E02594,59.0,3950.0,5.4,626.0,0,nao,pessoal,12,22600.0,0
E02595,41.0,7270.0,3.6,665.0,2,nao,negocio,24,31000.0,1
E02596,36.0,3870.0,1.1,625.0,1,nao,reforma,60,2600.0,0
E02597,50.0,,10.4,681.0,2,sim,negocio,24,16200.0,0
E02598,50.0,6860.0,2.3,584.0,2,nao,negocio,48,30000.0,1
E02599,18.0,13100.0,20.6,591.0,1,sim,veiculo,36,47700.0,0
E02600,38.0,3610.0,1.4,804.0,1,nao,educacao,48,20100.0,0
E02601,45.0,14690.0,1.5,713.0,3,sim,educacao,24,30600.0,1
E02602,50.0,8230.0,3.4,566.0,2,sim,educacao,48,38300.0,0
E02603,54.0,5520.0,2.6,602.0,0,nao,pessoal,36,13100.0,0
E02604,37.0,6770.0,10.8,531.0,1,sim,pessoal,12,13600.0,0
E02605,40.0,11910.0,9.7,773.0,2,nao,veiculo,24,51000.0,0
E02606,32.0,3770.0,7.4,636.0,1,nao,veiculo,24,8900.0,1
E02607,55.0,1310.0,10.5,490.0,1,sim,reforma,48,1500.0,0
E02608,18.0,1730.0,6.8,617.0,0,sim,educacao,12,9000.0,0
E02609,23.0,2420.0,4.9,486.0,1,nao,pessoal,12,8900.0,0
E02610,59.0,6140.0,1.2,591.0,2,sim,veiculo,12,19600.0,1
E02611,39.0,4020.0,5.7,623.0,1,nao,negocio,36,4500.0,0
E02612,35.0,12280.0,3.2,584.0,4,nao,veiculo,60,55800.0,1
E02613,52.0,7270.0,1.0,655.0,2,nao,negocio,60,26000.0,0
E02614,20.0,4400.0,3.7,660.0,2,nao,veiculo,36,2200.0,1
E02615,43.0,4180.0,4.1,683.0,0,nao,negocio,36,12400.0,0
E02616,49.0,3430.0,0.4,699.0,0,sim,pessoal,48,8900.0,0
E02617,41.0,3480.0,7.5,750.0,0,nao,educacao,60,17100.0,0
E02618,18.0,4420.0,1.9,674.0,1,sim,pessoal,60,11000.0,0
E02619,35.0,1830.0,7.1,528.0,2,nao,veiculo,48,3800.0,0
E02620,28.0,1670.0,13.3,783.0,1,nao,pessoal,60,5900.0,0
E02621,62.0,3820.0,9.0,866.0,4,nao,educacao,24,13700.0,0
E02622,53.0,4660.0,13.6,530.0,0,nao,pessoal,36,9500.0,0
E02623,37.0,,5.3,543.0,1,sim,pessoal,60,15000.0,0
E02624,18.0,2920.0,,750.0,1,sim,reforma,60,9800.0,0
E02625,40.0,9410.0,2.9,744.0,2,nao,pessoal,36,48800.0,1
E02626,26.0,,9.3,583.0,1,nao,negocio,36,10800.0,0
E02627,46.0,3890.0,4.4,473.0,1,sim,pessoal,48,20400.0,0
E02628,44.0,2810.0,5.8,444.0,0,nao,reforma,36,6000.0,0
E02629,35.0,2470.0,5.0,562.0,1,nao,negocio,60,12500.0,0
E02630,44.0,6640.0,4.0,775.0,0,sim,pessoal,12,38400.0,0
E02631,71.0,2450.0,1.0,649.0,0,nao,veiculo,12,7400.0,0
E02632,20.0,9570.0,1.9,587.0,1,nao,reforma,36,35300.0,1
E02633,26.0,6130.0,12.9,799.0,2,nao,pessoal,60,26500.0,0
E02634,43.0,3760.0,8.5,673.0,3,nao,veiculo,36,6900.0,0
E02635,30.0,2690.0,12.4,585.0,0,sim,pessoal,36,13100.0,0
E02636,45.0,5370.0,6.4,497.0,1,nao,pessoal,36,31100.0,0
E02637,24.0,3590.0,4.4,535.0,1,sim,pessoal,60,18300.0,0
E02638,41.0,3210.0,8.4,800.0,1,nao,negocio,36,10900.0,0
E02639,40.0,2940.0,5.5,613.0,0,sim,pessoal,24,8500.0,0
E02640,48.0,4870.0,4.1,459.0,2,nao,pessoal,60,22700.0,1
E02641,38.0,2760.0,6.4,595.0,1,nao,pessoal,48,9800.0,1
E02642,52.0,4440.0,0.3,671.0,1,sim,veiculo,12,14500.0,0
E02643,28.0,8040.0,4.3,635.0,3,sim,pessoal,60,9400.0,1
E02644,44.0,2900.0,3.0,787.0,2,sim,negocio,60,2800.0,0
E02645,19.0,2300.0,8.6,741.0,2,nao,pessoal,60,2500.0,0
E02646,18.0,13170.0,3.9,526.0,1,sim,negocio,36,53800.0,0
E02647,23.0,3670.0,12.5,567.0,0,sim,negocio,24,15700.0,0
E02648,65.0,6600.0,20.8,652.0,3,sim,pessoal,24,24200.0,0
E02649,58.0,3860.0,4.0,685.0,1,sim,pessoal,24,12200.0,0
E02650,44.0,3410.0,1.7,545.0,0,nao,veiculo,36,2900.0,1
E02651,30.0,7050.0,5.1,716.0,1,nao,educacao,12,25500.0,0
E02652,51.0,8720.0,2.4,584.0,0,nao,pessoal,36,8200.0,1
E02653,21.0,2120.0,5.8,700.0,0,nao,reforma,24,9600.0,0
E02654,18.0,1300.0,3.1,635.0,2,nao,pessoal,24,1500.0,1
E02655,38.0,6130.0,5.8,635.0,3,nao,pessoal,60,11500.0,1
E02656,39.0,9260.0,2.1,661.0,0,nao,educacao,60,22300.0,0
E02657,46.0,4220.0,6.1,665.0,3,sim,pessoal,24,4800.0,0
E02658,32.0,3470.0,2.8,650.0,1,nao,veiculo,48,18000.0,1
E02659,33.0,4290.0,1.6,632.0,2,nao,veiculo,36,6900.0,0
E02660,61.0,7080.0,,730.0,0,sim,pessoal,24,16400.0,0
E02661,38.0,5870.0,2.7,877.0,1,sim,negocio,12,12500.0,0
E02662,33.0,2370.0,4.9,744.0,1,sim,veiculo,12,4800.0,0
E02663,45.0,1930.0,1.5,584.0,2,sim,pessoal,48,1900.0,0
E02664,34.0,1590.0,3.1,739.0,2,sim,reforma,48,8500.0,1
E02665,61.0,4470.0,19.1,700.0,0,nao,negocio,48,10500.0,0
E02666,44.0,10590.0,8.2,742.0,1,nao,veiculo,12,14200.0,0
E02667,36.0,,1.3,690.0,2,nao,pessoal,48,1000.0,0
E02668,30.0,2360.0,11.7,665.0,0,sim,pessoal,60,2600.0,0
E02669,18.0,7480.0,5.1,394.0,0,nao,educacao,60,10600.0,1
E02670,43.0,2550.0,3.1,580.0,0,nao,pessoal,36,6000.0,0
E02671,30.0,6110.0,8.9,728.0,1,sim,negocio,12,4600.0,0
E02672,18.0,2710.0,7.2,770.0,1,sim,pessoal,36,4700.0,0
E02673,25.0,2190.0,14.4,500.0,0,sim,educacao,24,3800.0,0
E02674,55.0,5720.0,9.3,518.0,2,sim,veiculo,48,4100.0,0
E02675,37.0,1970.0,2.2,724.0,3,sim,veiculo,12,4400.0,0
E02676,42.0,3840.0,5.9,597.0,0,sim,pessoal,36,15900.0,0
E02677,43.0,3800.0,6.4,671.0,2,nao,pessoal,24,2800.0,0
E02678,63.0,12410.0,3.0,682.0,0,sim,veiculo,24,42000.0,0
E02679,32.0,2820.0,9.1,744.0,1,nao,veiculo,48,14000.0,0
E02680,38.0,2910.0,5.0,796.0,0,nao,pessoal,24,10700.0,0
E02681,52.0,6160.0,12.0,537.0,1,nao,pessoal,36,33600.0,1
E02682,40.0,5100.0,3.8,562.0,2,sim,negocio,24,18100.0,0
E02683,44.0,2650.0,2.8,757.0,1,nao,pessoal,48,5900.0,1
E02684,38.0,2800.0,5.6,631.0,1,sim,veiculo,48,14500.0,0
E02685,30.0,2440.0,4.7,679.0,1,nao,pessoal,60,6600.0,0
E02686,53.0,3510.0,9.1,507.0,2,nao,pessoal,24,10100.0,0
E02687,37.0,5380.0,6.0,616.0,0,sim,veiculo,60,2800.0,0
E02688,45.0,2530.0,6.0,735.0,0,sim,pessoal,24,2000.0,0
E02689,43.0,2830.0,3.2,677.0,1,sim,pessoal,36,14000.0,0
E02690,18.0,10050.0,2.7,635.0,0,nao,negocio,36,38800.0,0
E02691,39.0,3730.0,5.1,431.0,1,nao,veiculo,36,16600.0,1
E02692,41.0,6590.0,3.8,483.0,1,nao,veiculo,36,4000.0,0
E02693,18.0,4800.0,1.9,746.0,1,nao,pessoal,36,16900.0,0
E02694,24.0,4010.0,2.3,690.0,0,nao,pessoal,60,8700.0,0
E02695,37.0,7350.0,8.6,678.0,2,sim,pessoal,24,30200.0,0
E02696,34.0,3460.0,2.4,753.0,1,nao,pessoal,12,13600.0,1
E02697,51.0,4580.0,1.2,686.0,2,nao,pessoal,36,14800.0,0
E02698,58.0,1930.0,2.2,545.0,0,sim,pessoal,36,6400.0,0
E02699,33.0,2020.0,3.2,671.0,1,sim,reforma,12,4400.0,0
E02700,29.0,2120.0,8.0,678.0,0,sim,veiculo,60,2900.0,0
E02701,39.0,1920.0,27.8,655.0,5,sim,reforma,36,1900.0,0
E02702,53.0,9150.0,17.3,687.0,2,nao,veiculo,12,52000.0,1
E02703,40.0,2590.0,10.0,623.0,0,sim,pessoal,12,5900.0,0
E02704,53.0,3610.0,4.9,603.0,1,sim,pessoal,48,9300.0,1
E02705,53.0,6850.0,19.7,629.0,3,nao,veiculo,24,24500.0,0
E02706,47.0,10090.0,3.9,740.0,2,sim,negocio,24,9200.0,0
E02707,39.0,3730.0,5.9,827.0,1,nao,educacao,12,5200.0,0
E02708,27.0,3760.0,0.5,643.0,2,sim,negocio,12,4900.0,1
E02709,42.0,1930.0,2.7,724.0,1,nao,pessoal,24,1900.0,0
E02710,33.0,1390.0,5.3,699.0,4,nao,pessoal,24,5800.0,0
E02711,61.0,7600.0,6.4,867.0,2,sim,negocio,60,27000.0,0
E02712,53.0,3960.0,3.8,832.0,1,nao,educacao,24,12400.0,0
E02713,38.0,5850.0,11.4,651.0,1,nao,veiculo,12,28100.0,0
E02714,39.0,5260.0,5.2,597.0,2,sim,veiculo,36,20800.0,1
E02715,23.0,2340.0,3.2,416.0,0,nao,pessoal,36,3000.0,0
E02716,34.0,2450.0,9.0,662.0,0,nao,negocio,48,9600.0,0
E02717,65.0,5610.0,9.2,670.0,1,nao,negocio,24,28900.0,0
E02718,45.0,5120.0,0.4,658.0,1,nao,pessoal,24,5300.0,0
E02719,39.0,7800.0,8.4,669.0,2,nao,pessoal,24,31100.0,0
E02720,45.0,2610.0,5.5,706.0,1,nao,veiculo,24,1900.0,0
E02721,37.0,2390.0,3.9,635.0,0,nao,reforma,12,8900.0,1
E02722,40.0,4540.0,2.0,529.0,1,nao,pessoal,24,3800.0,0
E02723,40.0,9360.0,3.2,697.0,1,sim,pessoal,24,24200.0,0
E02724,61.0,10070.0,2.1,639.0,3,sim,veiculo,48,16500.0,0
E02725,18.0,2230.0,1.6,586.0,1,nao,reforma,24,1800.0,1
E02726,31.0,4310.0,3.3,864.0,0,sim,veiculo,24,20700.0,0
E02727,18.0,9040.0,10.7,661.0,1,sim,pessoal,48,21500.0,0
E02728,35.0,6310.0,0.8,582.0,1,nao,pessoal,24,7000.0,0
E02729,39.0,1660.0,2.5,695.0,0,nao,veiculo,60,2900.0,0
E02730,47.0,7170.0,14.6,888.0,2,nao,pessoal,12,36600.0,0
E02731,26.0,2640.0,1.9,704.0,1,nao,educacao,36,13100.0,0
E02732,30.0,5120.0,11.1,590.0,1,nao,pessoal,36,25600.0,0
E02733,48.0,5460.0,5.5,917.0,1,sim,pessoal,36,5200.0,0
E02734,46.0,6610.0,2.3,703.0,1,sim,veiculo,36,34500.0,0
E02735,36.0,4010.0,3.8,694.0,1,nao,pessoal,48,11800.0,0
E02736,18.0,5080.0,2.6,562.0,3,sim,pessoal,24,5100.0,1
E02737,40.0,4170.0,1.9,638.0,0,sim,educacao,24,22300.0,0
E02738,42.0,4570.0,3.4,735.0,3,nao,reforma,60,16400.0,0
E02739,41.0,9610.0,4.7,727.0,1,sim,pessoal,24,11200.0,0
E02740,20.0,5170.0,10.0,406.0,2,nao,negocio,24,15700.0,0
E02741,26.0,2410.0,2.4,606.0,2,sim,pessoal,24,2100.0,1
E02742,50.0,4860.0,0.4,672.0,1,sim,reforma,12,27500.0,0
E02743,59.0,3360.0,4.7,488.0,1,sim,veiculo,24,13200.0,1
E02744,50.0,7080.0,8.2,460.0,0,sim,negocio,36,38400.0,0
E02745,34.0,6400.0,2.4,752.0,1,nao,pessoal,36,32900.0,0
E02746,36.0,5670.0,6.5,640.0,1,sim,veiculo,36,9300.0,0
E02747,28.0,1930.0,0.2,604.0,1,nao,veiculo,36,5600.0,1
E02748,46.0,4810.0,7.1,612.0,2,nao,pessoal,60,14000.0,0
E02749,54.0,2130.0,0.9,704.0,2,sim,pessoal,12,2500.0,0
E02750,49.0,2200.0,8.5,696.0,1,nao,educacao,24,10600.0,0
E02751,48.0,3730.0,5.7,732.0,0,nao,pessoal,36,10000.0,0
E02752,31.0,5810.0,4.8,682.0,1,nao,reforma,36,15800.0,0
E02753,36.0,4900.0,2.2,717.0,4,nao,educacao,12,10100.0,1
E02754,34.0,3060.0,17.3,748.0,1,sim,pessoal,60,13400.0,1
E02755,50.0,4320.0,2.1,792.0,1,sim,veiculo,12,12400.0,0
E02756,40.0,10590.0,0.9,671.0,0,nao,educacao,24,51100.0,1
E02757,52.0,2850.0,4.8,642.0,1,nao,negocio,48,8700.0,1
E02758,45.0,1370.0,9.6,792.0,2,nao,veiculo,24,2500.0,0
E02759,30.0,4050.0,4.2,543.0,1,sim,veiculo,12,15800.0,0
E02760,22.0,2250.0,8.0,569.0,1,nao,pessoal,24,7100.0,0
E02761,64.0,4930.0,1.0,714.0,2,sim,reforma,36,28400.0,0
E02762,35.0,1630.0,0.8,736.0,1,nao,negocio,60,8100.0,0
E02763,41.0,1300.0,1.3,562.0,1,sim,negocio,48,6700.0,0
E02764,61.0,2700.0,3.7,694.0,2,nao,pessoal,60,3500.0,0
E02765,46.0,7790.0,13.3,622.0,1,sim,veiculo,48,16800.0,0
E02766,28.0,3000.0,4.2,607.0,1,sim,veiculo,24,5600.0,0
E02767,41.0,6680.0,,654.0,1,nao,reforma,24,19800.0,0
E02768,58.0,4150.0,1.0,734.0,1,sim,pessoal,48,2100.0,0
E02769,44.0,1490.0,1.2,764.0,2,nao,veiculo,24,3400.0,1
E02770,80.0,4140.0,8.2,781.0,2,nao,reforma,12,4300.0,0
E02771,18.0,8780.0,4.6,683.0,4,nao,pessoal,48,23000.0,0
E02772,35.0,5010.0,3.0,590.0,0,sim,pessoal,60,6700.0,0
E02773,24.0,8410.0,7.0,625.0,4,nao,negocio,60,10300.0,0
E02774,49.0,4590.0,0.1,628.0,0,nao,veiculo,48,7100.0,0
E02775,25.0,8840.0,9.0,511.0,1,sim,pessoal,24,49100.0,0
E02776,31.0,4970.0,1.0,526.0,0,nao,pessoal,36,4900.0,0
E02777,33.0,1590.0,7.5,383.0,1,nao,reforma,48,2900.0,0
E02778,42.0,2360.0,3.8,590.0,2,nao,pessoal,36,7800.0,1
E02779,38.0,8100.0,4.8,541.0,2,sim,reforma,48,28900.0,0
E02780,52.0,2740.0,9.3,666.0,4,sim,pessoal,24,7800.0,0
E02781,27.0,4220.0,5.6,596.0,2,nao,pessoal,36,8300.0,0
E02782,45.0,5140.0,10.8,802.0,1,sim,negocio,60,28200.0,0
E02783,37.0,3810.0,5.2,710.0,2,nao,pessoal,12,3900.0,0
E02784,18.0,3220.0,3.9,300.0,0,nao,pessoal,24,15700.0,1
E02785,53.0,5520.0,3.9,526.0,3,sim,pessoal,12,6900.0,0
E02786,31.0,4010.0,,603.0,2,sim,pessoal,24,2600.0,0
E02787,42.0,7000.0,15.5,586.0,0,sim,pessoal,36,8200.0,0
E02788,29.0,2170.0,,594.0,1,sim,pessoal,12,3100.0,1
E02789,74.0,3060.0,7.6,464.0,0,sim,veiculo,48,7700.0,0
E02790,59.0,11750.0,,677.0,0,nao,educacao,36,64400.0,0
E02791,34.0,11370.0,12.2,594.0,1,nao,negocio,48,32000.0,0
E02792,43.0,3960.0,5.1,527.0,4,nao,negocio,36,14900.0,1
E02793,43.0,2180.0,1.1,519.0,1,nao,reforma,12,1500.0,0
E02794,23.0,8100.0,0.8,620.0,2,sim,pessoal,36,29900.0,0
E02795,48.0,16910.0,3.0,887.0,2,sim,reforma,36,34100.0,0
E02796,40.0,1780.0,5.7,590.0,0,sim,reforma,48,5500.0,0
E02797,53.0,7320.0,3.7,725.0,1,nao,pessoal,36,4400.0,0
E02798,38.0,5850.0,2.7,756.0,0,nao,veiculo,12,21200.0,0
E02799,26.0,2440.0,6.4,577.0,0,nao,veiculo,36,8600.0,0
E02800,31.0,7570.0,3.0,657.0,3,sim,reforma,60,35200.0,0
E02801,25.0,2280.0,2.4,512.0,2,nao,reforma,24,7400.0,1
E02802,42.0,3310.0,2.3,382.0,2,sim,negocio,48,19500.0,1
E02803,49.0,3650.0,2.1,645.0,3,sim,educacao,36,3400.0,0
E02804,23.0,2090.0,2.9,638.0,0,nao,veiculo,12,1600.0,0
E02805,45.0,4070.0,4.5,560.0,1,nao,veiculo,36,15400.0,0
E02806,49.0,2070.0,5.4,770.0,1,sim,educacao,60,4300.0,0
E02807,45.0,3170.0,0.7,681.0,1,nao,pessoal,36,8000.0,0
E02808,24.0,9340.0,6.0,415.0,1,sim,pessoal,24,14600.0,0
E02809,60.0,6800.0,,576.0,2,sim,negocio,24,33500.0,0
E02810,44.0,6230.0,2.4,652.0,2,nao,educacao,36,35800.0,0
E02811,21.0,7680.0,3.8,705.0,2,sim,negocio,36,20500.0,1
E02812,33.0,10220.0,3.4,681.0,0,sim,educacao,24,10400.0,1
E02813,33.0,1530.0,10.8,672.0,1,sim,reforma,36,9100.0,0
E02814,37.0,5020.0,8.0,725.0,2,nao,negocio,36,22400.0,0
E02815,58.0,2330.0,2.8,469.0,1,nao,negocio,60,7300.0,1
E02816,43.0,2760.0,3.8,619.0,1,sim,reforma,48,16100.0,0
E02817,38.0,1990.0,2.5,547.0,0,sim,veiculo,24,4500.0,0
E02818,59.0,,11.0,815.0,0,nao,pessoal,36,82900.0,0
E02819,46.0,1350.0,10.4,687.0,1,nao,pessoal,12,5100.0,0
E02820,65.0,4650.0,9.5,689.0,4,nao,pessoal,60,14400.0,0
E02821,41.0,11710.0,10.2,708.0,1,sim,pessoal,48,55900.0,0
E02822,59.0,4020.0,3.9,621.0,0,sim,negocio,48,22800.0,1
E02823,18.0,1300.0,15.2,537.0,0,nao,reforma,36,5300.0,0
E02824,49.0,16000.0,6.4,637.0,1,nao,veiculo,36,77400.0,0
E02825,38.0,13920.0,7.7,689.0,2,sim,veiculo,24,43900.0,0
E02826,43.0,2240.0,9.9,865.0,0,nao,pessoal,12,1800.0,0
E02827,45.0,8110.0,0.5,785.0,1,nao,negocio,24,29300.0,0
E02828,48.0,5160.0,6.0,543.0,3,sim,reforma,48,10700.0,0
E02829,60.0,1840.0,4.5,709.0,0,nao,veiculo,12,2300.0,0
E02830,47.0,7890.0,10.3,733.0,3,nao,pessoal,36,37500.0,1
E02831,40.0,3090.0,14.2,506.0,1,nao,educacao,24,5800.0,0
E02832,46.0,4420.0,2.3,593.0,2,nao,pessoal,12,12300.0,0
E02833,29.0,6460.0,7.6,608.0,1,nao,pessoal,36,32600.0,0
E02834,63.0,5770.0,3.3,498.0,1,nao,veiculo,24,19800.0,1
E02835,32.0,5940.0,,594.0,0,nao,pessoal,36,33600.0,0
E02836,50.0,2090.0,9.0,618.0,1,nao,pessoal,36,10400.0,0
E02837,55.0,1300.0,1.9,728.0,2,sim,pessoal,36,1000.0,1
E02838,47.0,2680.0,12.0,604.0,0,nao,veiculo,12,15000.0,0
E02839,33.0,7140.0,3.4,569.0,0,sim,veiculo,48,16200.0,0
E02840,32.0,2020.0,6.5,585.0,0,nao,pessoal,12,8600.0,1
E02841,54.0,3920.0,10.2,780.0,3,nao,pessoal,24,7100.0,0
E02842,45.0,4970.0,4.6,721.0,2,nao,veiculo,48,7800.0,0
E02843,35.0,3950.0,5.0,484.0,1,sim,educacao,12,7400.0,1
E02844,30.0,9350.0,3.5,651.0,0,nao,pessoal,60,26600.0,0
E02845,32.0,,1.5,557.0,3,sim,pessoal,24,14800.0,1
E02846,42.0,3880.0,1.7,468.0,1,nao,pessoal,60,20600.0,0
E02847,69.0,4870.0,4.9,620.0,1,nao,veiculo,24,5100.0,0
E02848,25.0,4620.0,3.0,811.0,2,nao,veiculo,36,4500.0,0
E02849,18.0,1680.0,2.8,689.0,0,sim,negocio,36,9500.0,0
E02850,40.0,10080.0,0.4,594.0,4,nao,pessoal,36,43900.0,0
E02851,33.0,7750.0,4.1,741.0,0,nao,reforma,12,28300.0,0
E02852,36.0,2470.0,8.1,712.0,0,sim,pessoal,12,7900.0,0
E02853,26.0,5850.0,9.0,598.0,0,nao,veiculo,48,30600.0,0
E02854,55.0,3340.0,5.2,773.0,2,nao,reforma,36,16300.0,0
E02855,34.0,7090.0,7.7,517.0,2,sim,educacao,24,30800.0,1
E02856,46.0,10340.0,9.6,788.0,0,sim,educacao,12,56400.0,0
E02857,59.0,1580.0,2.8,703.0,2,nao,educacao,24,8800.0,0
E02858,37.0,12350.0,5.2,658.0,0,sim,pessoal,60,73900.0,0
E02859,30.0,11350.0,7.5,601.0,1,nao,veiculo,36,53400.0,0
E02860,38.0,2350.0,2.3,421.0,0,nao,veiculo,36,2400.0,1
E02861,39.0,1300.0,5.6,547.0,2,nao,veiculo,36,3500.0,0
E02862,46.0,4310.0,2.1,638.0,1,nao,veiculo,12,15400.0,0
E02863,40.0,5150.0,0.9,565.0,1,sim,reforma,48,16800.0,0
E02864,41.0,2300.0,5.5,540.0,2,nao,educacao,48,2100.0,0
E02865,34.0,2480.0,5.2,673.0,1,sim,pessoal,36,10100.0,0
E02866,42.0,6240.0,3.8,495.0,2,sim,veiculo,36,31200.0,0
E02867,44.0,,1.1,632.0,2,nao,reforma,36,17700.0,0
E02868,47.0,2700.0,0.6,521.0,1,sim,educacao,24,3800.0,0
E02869,20.0,6580.0,4.6,513.0,1,sim,educacao,48,4400.0,1
E02870,26.0,4380.0,4.1,778.0,1,nao,pessoal,24,6200.0,0
E02871,23.0,13900.0,7.8,514.0,2,nao,veiculo,36,44700.0,0
E02872,51.0,16320.0,1.0,399.0,1,nao,pessoal,60,12800.0,1
E02873,26.0,4910.0,2.3,842.0,0,nao,veiculo,36,8900.0,0
E02874,35.0,3900.0,0.3,569.0,0,nao,pessoal,48,2200.0,0
E02875,40.0,4370.0,5.4,528.0,2,nao,veiculo,24,13500.0,1
E02876,23.0,2790.0,3.1,726.0,1,sim,pessoal,24,8400.0,0
E02877,34.0,5470.0,,566.0,1,nao,reforma,36,27900.0,1
E02878,70.0,2470.0,7.9,593.0,1,sim,pessoal,24,2800.0,0
E02879,41.0,4850.0,0.9,621.0,0,nao,negocio,48,18500.0,0
E02880,61.0,2750.0,2.7,686.0,0,nao,pessoal,12,15900.0,0
E02881,34.0,2610.0,1.2,687.0,2,nao,negocio,24,10000.0,1
E02882,48.0,3140.0,9.6,793.0,0,nao,negocio,48,8500.0,0
E02883,34.0,3180.0,3.1,778.0,0,nao,reforma,36,10100.0,1
E02884,43.0,5200.0,11.0,648.0,1,sim,negocio,24,29200.0,0
E02885,50.0,5350.0,5.8,789.0,0,nao,pessoal,48,17700.0,0
E02886,35.0,4290.0,9.0,757.0,1,sim,veiculo,24,4500.0,0
E02887,46.0,4860.0,2.5,580.0,0,nao,pessoal,36,16600.0,0
E02888,36.0,5670.0,12.2,744.0,1,nao,pessoal,36,10300.0,0
E02889,43.0,2530.0,2.2,941.0,0,nao,veiculo,24,11700.0,0
E02890,52.0,4470.0,0.5,587.0,4,sim,reforma,48,3200.0,0
E02891,57.0,3620.0,0.8,648.0,2,nao,veiculo,12,13900.0,0
E02892,53.0,2710.0,,369.0,2,sim,pessoal,36,12800.0,1
E02893,40.0,7290.0,3.5,683.0,1,nao,pessoal,48,11100.0,0
E02894,55.0,13080.0,5.4,716.0,1,sim,reforma,36,57800.0,0
E02895,51.0,8510.0,6.9,669.0,0,nao,veiculo,12,39100.0,0
E02896,34.0,,4.2,690.0,2,nao,veiculo,36,13000.0,0
E02897,27.0,5150.0,0.4,744.0,1,sim,veiculo,36,20200.0,0
E02898,20.0,4850.0,4.1,555.0,0,nao,reforma,24,8000.0,1
E02899,61.0,5210.0,10.4,540.0,0,sim,pessoal,12,13500.0,1
E02900,21.0,5560.0,7.1,716.0,1,sim,negocio,36,24700.0,0
E02901,37.0,8400.0,10.6,702.0,0,nao,veiculo,24,13200.0,0
E02902,45.0,3600.0,14.3,586.0,1,nao,veiculo,60,17100.0,0
E02903,26.0,4550.0,0.4,675.0,1,nao,negocio,24,12500.0,0
E02904,60.0,8230.0,1.4,616.0,1,sim,veiculo,36,13000.0,0
E02905,69.0,2900.0,9.5,744.0,0,nao,pessoal,48,1900.0,0
E02906,42.0,3120.0,5.7,714.0,1,nao,educacao,36,9000.0,0
E02907,38.0,3030.0,2.3,682.0,1,sim,negocio,12,11700.0,1
E02908,31.0,3390.0,9.1,576.0,0,nao,reforma,48,9300.0,0
E02909,45.0,7610.0,2.2,525.0,0,sim,pessoal,12,28000.0,0
E02910,18.0,13360.0,2.3,717.0,1,nao,reforma,36,9300.0,0
E02911,41.0,2700.0,14.5,933.0,0,sim,educacao,48,2900.0,0
E02912,49.0,1770.0,4.7,657.0,2,sim,negocio,60,1500.0,0
E02913,33.0,3030.0,7.0,513.0,1,nao,negocio,48,13300.0,1
E02914,43.0,,4.5,833.0,1,nao,educacao,24,9800.0,0
E02915,46.0,3330.0,5.2,807.0,1,sim,pessoal,24,2500.0,0
E02916,44.0,5380.0,1.5,797.0,2,nao,pessoal,36,19000.0,0
E02917,35.0,3930.0,2.2,608.0,0,nao,negocio,24,2500.0,0
E02918,48.0,7490.0,11.1,600.0,1,sim,pessoal,24,4600.0,0
E02919,30.0,5350.0,15.4,585.0,1,sim,reforma,60,24000.0,0
E02920,28.0,,14.1,588.0,1,sim,pessoal,24,1000.0,0
E02921,32.0,2160.0,1.3,661.0,1,nao,veiculo,36,10700.0,0
E02922,43.0,3530.0,0.9,619.0,3,nao,veiculo,36,19600.0,0
E02923,18.0,1690.0,0.7,648.0,1,nao,reforma,24,1000.0,0
E02924,26.0,5520.0,,682.0,0,sim,veiculo,36,22100.0,0
E02925,27.0,7140.0,5.6,606.0,3,nao,educacao,24,39700.0,0
E02926,42.0,4890.0,2.9,492.0,2,nao,veiculo,36,27000.0,0
E02927,30.0,3630.0,18.6,525.0,0,nao,pessoal,60,20200.0,1
E02928,27.0,3760.0,2.5,633.0,2,nao,veiculo,24,5600.0,0
E02929,24.0,2690.0,5.4,656.0,1,sim,negocio,24,3900.0,0
E02930,29.0,3970.0,2.7,474.0,0,sim,veiculo,24,11500.0,0
E02931,33.0,2170.0,2.0,616.0,3,nao,reforma,12,10700.0,1
E02932,26.0,3180.0,1.8,692.0,1,nao,pessoal,24,5300.0,0
E02933,42.0,2700.0,1.0,733.0,0,nao,pessoal,12,15000.0,0
E02934,38.0,2720.0,15.8,688.0,1,sim,reforma,24,5100.0,0
E02935,54.0,15420.0,2.5,741.0,2,nao,educacao,24,16800.0,0
E02936,60.0,3540.0,8.3,708.0,0,nao,reforma,36,10700.0,0
E02937,38.0,5350.0,6.1,456.0,2,nao,pessoal,24,18000.0,1
E02938,46.0,3950.0,14.5,616.0,1,nao,negocio,48,6400.0,0
E02939,48.0,2180.0,9.6,711.0,0,sim,negocio,48,6700.0,0
E02940,41.0,4900.0,12.8,530.0,2,nao,veiculo,48,8700.0,1
E02941,31.0,1840.0,1.3,714.0,0,sim,veiculo,24,9000.0,0
E02942,44.0,4800.0,1.5,456.0,0,nao,pessoal,48,24000.0,1
E02943,25.0,4960.0,8.1,790.0,1,sim,negocio,60,24500.0,1
E02944,45.0,3730.0,3.4,655.0,0,sim,pessoal,48,13100.0,0
E02945,38.0,2190.0,1.1,510.0,0,sim,pessoal,60,5700.0,1
E02946,42.0,6230.0,0.2,533.0,0,nao,pessoal,36,22800.0,0
E02947,41.0,10060.0,8.3,672.0,2,nao,educacao,12,58600.0,0
E02948,57.0,1300.0,1.4,598.0,3,nao,educacao,48,1000.0,1
E02949,31.0,2620.0,1.2,838.0,0,nao,veiculo,12,6800.0,0
E02950,50.0,2220.0,1.0,602.0,1,nao,negocio,48,2400.0,1
E02951,41.0,2820.0,9.5,664.0,3,nao,negocio,24,7300.0,0
E02952,57.0,3290.0,2.6,815.0,0,nao,negocio,36,2700.0,0
E02953,24.0,3700.0,1.0,687.0,2,nao,veiculo,48,16400.0,1
E02954,39.0,12530.0,3.6,590.0,1,nao,pessoal,36,36900.0,0
E02955,44.0,3380.0,10.3,587.0,0,nao,reforma,36,8000.0,0
E02956,40.0,5600.0,4.4,758.0,1,nao,pessoal,12,21100.0,0
E02957,21.0,4850.0,4.3,816.0,1,sim,negocio,36,15700.0,0
E02958,32.0,4290.0,1.4,563.0,1,nao,negocio,48,6100.0,1
E02959,30.0,7070.0,6.0,570.0,0,sim,veiculo,36,20800.0,0
E02960,62.0,3530.0,13.4,580.0,0,sim,veiculo,36,3300.0,0
E02961,41.0,7170.0,6.0,670.0,1,nao,pessoal,36,40800.0,0
E02962,28.0,11860.0,1.5,841.0,2,nao,veiculo,36,43600.0,0
E02963,49.0,2390.0,2.2,739.0,1,nao,veiculo,60,3400.0,0
E02964,35.0,7400.0,0.3,660.0,1,nao,negocio,36,40900.0,0
E02965,56.0,5000.0,4.6,668.0,0,sim,negocio,36,11700.0,0
E02966,30.0,5100.0,3.7,702.0,3,nao,educacao,60,14900.0,0
E02967,27.0,3730.0,0.8,458.0,0,sim,pessoal,24,8700.0,1
E02968,34.0,7080.0,7.6,676.0,0,nao,negocio,36,9700.0,0
E02969,46.0,1680.0,1.8,908.0,1,nao,reforma,48,4500.0,0
E02970,46.0,3840.0,2.2,567.0,0,nao,pessoal,24,13000.0,0
E02971,56.0,1990.0,0.3,381.0,4,nao,negocio,36,4600.0,1
E02972,64.0,1350.0,1.5,821.0,1,nao,pessoal,60,6500.0,0
E02973,47.0,7910.0,3.5,584.0,1,nao,educacao,36,27400.0,0
E02974,32.0,1800.0,0.5,657.0,1,nao,pessoal,48,9000.0,0
E02975,51.0,10660.0,1.9,730.0,1,nao,pessoal,36,50500.0,0
E02976,41.0,5550.0,8.4,739.0,0,nao,pessoal,12,12100.0,0
E02977,40.0,4560.0,2.7,818.0,1,sim,pessoal,24,24200.0,0
E02978,39.0,2610.0,12.2,705.0,1,nao,veiculo,24,8300.0,0
E02979,28.0,7100.0,1.2,686.0,3,nao,negocio,24,25200.0,1
E02980,30.0,7970.0,1.3,758.0,1,nao,pessoal,36,8700.0,0
E02981,25.0,,1.8,481.0,2,sim,reforma,24,24100.0,0
E02982,19.0,10760.0,3.5,827.0,1,sim,pessoal,12,44600.0,0
E02983,43.0,3970.0,12.2,300.0,0,nao,veiculo,60,21400.0,1
E02984,58.0,3410.0,2.3,650.0,0,nao,pessoal,60,18800.0,0
E02985,45.0,4750.0,0.3,669.0,0,sim,reforma,12,4600.0,0
E02986,48.0,11440.0,4.0,712.0,0,sim,reforma,36,6700.0,0
E02987,64.0,2580.0,6.0,345.0,1,sim,veiculo,60,11100.0,1
E02988,28.0,8000.0,15.9,496.0,0,nao,pessoal,48,13800.0,0
E02989,59.0,5850.0,5.7,714.0,1,sim,pessoal,24,18200.0,0
E02990,55.0,6120.0,6.7,804.0,1,nao,pessoal,12,25300.0,0
E02991,40.0,3670.0,1.6,593.0,1,sim,veiculo,36,2000.0,0
E02992,27.0,2930.0,4.8,586.0,1,sim,veiculo,24,16200.0,0
E02993,46.0,5160.0,7.0,597.0,0,nao,veiculo,12,12800.0,0
E02994,69.0,2870.0,0.8,760.0,1,sim,negocio,24,5400.0,0
E02995,52.0,4680.0,5.1,813.0,1,nao,veiculo,24,18900.0,0
E02996,30.0,3700.0,3.4,639.0,2,nao,pessoal,24,12400.0,1
E02997,49.0,5950.0,6.2,675.0,1,nao,negocio,48,9100.0,0
E02998,37.0,,7.3,583.0,1,nao,negocio,60,7300.0,0
E02999,47.0,7290.0,8.8,637.0,2,nao,educacao,60,20700.0,0
E03000,28.0,3910.0,6.0,688.0,1,sim,negocio,36,13800.0,0
E03001,47.0,7260.0,5.8,741.0,2,nao,educacao,60,13100.0,0
E03002,34.0,8770.0,8.6,555.0,2,nao,veiculo,12,44200.0,0
E03003,18.0,1970.0,8.4,729.0,4,sim,pessoal,60,8100.0,0
E03004,40.0,5160.0,7.8,529.0,3,sim,reforma,24,15400.0,1
E03005,31.0,1680.0,2.3,383.0,0,sim,pessoal,24,6700.0,1
E03006,26.0,8240.0,0.9,754.0,2,nao,pessoal,24,33200.0,0
E03007,22.0,16890.0,,683.0,0,nao,pessoal,12,96700.0,0
E03008,33.0,4840.0,6.1,825.0,3,nao,pessoal,12,28400.0,0
E03009,35.0,3390.0,4.4,523.0,1,sim,negocio,12,9000.0,0
E03010,42.0,4350.0,3.7,743.0,0,sim,educacao,24,11300.0,0
E03011,32.0,3100.0,4.8,602.0,1,nao,negocio,60,18500.0,0
E03012,29.0,2040.0,3.4,772.0,0,sim,veiculo,24,6900.0,0
E03013,34.0,1300.0,4.6,661.0,2,nao,pessoal,48,1000.0,0
E03014,40.0,2550.0,3.7,610.0,1,sim,pessoal,48,9100.0,0
E03015,38.0,3400.0,2.2,547.0,0,nao,pessoal,24,6000.0,1
E03016,41.0,2990.0,2.2,688.0,1,nao,veiculo,48,12000.0,0
E03017,27.0,4100.0,4.2,647.0,1,sim,pessoal,12,12800.0,0
E03018,24.0,4280.0,7.1,584.0,1,nao,pessoal,60,18000.0,0
E03019,46.0,2570.0,10.2,761.0,1,nao,reforma,48,2800.0,0
E03020,44.0,4030.0,1.4,714.0,1,sim,reforma,48,18800.0,0
E03021,18.0,4250.0,1.4,435.0,2,sim,pessoal,12,6800.0,0
E03022,41.0,3500.0,2.0,569.0,2,nao,negocio,48,12200.0,0
E03023,37.0,6350.0,2.4,700.0,2,nao,veiculo,36,21800.0,0
E03024,24.0,19890.0,8.2,572.0,0,sim,pessoal,48,89300.0,0
E03025,60.0,6860.0,1.1,520.0,3,sim,educacao,36,21700.0,0
E03026,19.0,3720.0,2.4,493.0,1,nao,veiculo,60,7000.0,0
E03027,50.0,2400.0,6.0,512.0,2,nao,pessoal,24,12200.0,0
E03028,28.0,19330.0,1.2,697.0,5,nao,pessoal,24,59500.0,1
E03029,25.0,6090.0,2.6,605.0,0,nao,veiculo,24,18900.0,0
E03030,40.0,4090.0,2.8,457.0,3,sim,educacao,36,5600.0,0
E03031,27.0,6660.0,5.7,548.0,1,nao,negocio,48,35300.0,0
E03032,54.0,5000.0,2.6,587.0,2,sim,negocio,48,5300.0,0
E03033,53.0,6680.0,3.7,686.0,2,sim,pessoal,60,5200.0,0
E03034,35.0,4580.0,6.0,509.0,2,sim,negocio,12,21800.0,1
E03035,42.0,2420.0,1.8,432.0,1,nao,reforma,24,12900.0,0
E03036,48.0,3650.0,5.8,658.0,1,nao,veiculo,60,20000.0,0
E03037,26.0,1910.0,3.9,673.0,1,nao,pessoal,60,2200.0,0
E03038,56.0,6040.0,21.6,786.0,0,nao,pessoal,24,10200.0,0
E03039,32.0,5860.0,3.6,767.0,1,sim,pessoal,24,12500.0,0
E03040,38.0,6800.0,8.1,557.0,0,nao,veiculo,24,29200.0,0
E03041,37.0,7790.0,4.3,714.0,1,nao,negocio,24,23900.0,0
E03042,32.0,1300.0,5.9,715.0,2,nao,pessoal,24,1000.0,0
E03043,32.0,3530.0,2.9,536.0,1,sim,pessoal,24,13600.0,1
E03044,44.0,3610.0,8.3,654.0,1,nao,negocio,60,21000.0,0
E03045,46.0,3060.0,6.8,605.0,2,nao,pessoal,36,17900.0,1
E03046,26.0,4240.0,6.6,631.0,1,sim,negocio,36,17800.0,0
E03047,38.0,2150.0,2.3,598.0,3,sim,veiculo,48,7900.0,1
E03048,27.0,8640.0,5.7,798.0,1,sim,pessoal,24,41900.0,0
E03049,27.0,1390.0,1.3,751.0,2,sim,veiculo,36,7300.0,0
E03050,60.0,1790.0,5.3,753.0,0,sim,educacao,12,9800.0,0
E03051,36.0,2080.0,7.0,790.0,1,nao,veiculo,48,4600.0,0
E03052,25.0,5870.0,5.2,568.0,2,sim,negocio,12,18600.0,1
E03053,44.0,2670.0,3.3,616.0,0,sim,educacao,36,7500.0,0
E03054,34.0,8000.0,4.6,699.0,0,nao,veiculo,24,36900.0,0
E03055,40.0,1990.0,6.7,537.0,2,nao,negocio,24,9100.0,0
E03056,27.0,3930.0,0.8,774.0,2,nao,veiculo,36,10700.0,0
E03057,39.0,4990.0,14.6,574.0,0,sim,veiculo,36,5100.0,0
E03058,50.0,5230.0,0.7,421.0,1,nao,veiculo,24,12100.0,1
E03059,50.0,2140.0,2.5,590.0,2,nao,pessoal,36,6000.0,0
E03060,54.0,4330.0,7.0,593.0,3,nao,pessoal,24,25000.0,1
E03061,35.0,1300.0,5.3,683.0,0,nao,negocio,24,1000.0,0
E03062,32.0,19840.0,,366.0,0,nao,reforma,60,80800.0,1
E03063,39.0,7780.0,1.2,660.0,0,nao,negocio,60,18700.0,0
E03064,38.0,7270.0,4.7,662.0,0,nao,veiculo,60,17900.0,0
E03065,36.0,,3.2,813.0,2,sim,reforma,24,4100.0,0
E03066,27.0,3850.0,1.1,593.0,2,nao,negocio,48,6000.0,1
E03067,63.0,6100.0,14.2,669.0,4,nao,negocio,36,4400.0,1
E03068,43.0,3580.0,12.4,611.0,2,sim,veiculo,36,10500.0,0
E03069,19.0,5840.0,6.1,639.0,1,nao,reforma,60,13300.0,1
E03070,40.0,10010.0,11.8,568.0,1,nao,pessoal,36,24000.0,0
E03071,50.0,2200.0,,901.0,1,nao,pessoal,60,5200.0,0
E03072,70.0,7550.0,0.2,603.0,0,nao,pessoal,36,43800.0,0
E03073,42.0,2410.0,3.0,636.0,0,sim,pessoal,36,5300.0,0
E03074,49.0,2380.0,,756.0,1,nao,veiculo,60,4200.0,0
E03075,45.0,4090.0,1.5,569.0,2,sim,pessoal,36,10700.0,0
E03076,33.0,5480.0,5.3,823.0,0,nao,negocio,60,23600.0,0
E03077,44.0,1530.0,12.4,681.0,3,nao,pessoal,24,1100.0,1
E03078,37.0,8760.0,3.8,694.0,1,nao,veiculo,12,34500.0,0
E03079,31.0,2190.0,3.6,656.0,1,nao,pessoal,24,12900.0,0
E03080,42.0,1300.0,5.5,660.0,1,nao,veiculo,24,7200.0,0
E03081,43.0,2960.0,2.4,619.0,1,sim,pessoal,36,17000.0,0
E03082,49.0,2060.0,2.3,745.0,1,sim,veiculo,60,1900.0,0
E03083,51.0,4220.0,4.8,469.0,1,nao,negocio,36,14400.0,0
E03084,18.0,4720.0,5.5,745.0,0,nao,pessoal,48,23800.0,0
E03085,29.0,1850.0,,693.0,1,sim,veiculo,12,8800.0,0
E03086,57.0,3650.0,5.1,882.0,0,nao,pessoal,24,6100.0,0
E03087,32.0,7750.0,2.4,751.0,0,nao,veiculo,12,4700.0,0
E03088,27.0,14730.0,6.6,528.0,0,nao,veiculo,36,79900.0,1
E03089,18.0,3480.0,4.3,681.0,2,nao,pessoal,60,20800.0,0
E03090,54.0,4970.0,8.6,835.0,3,nao,pessoal,36,15900.0,0
E03091,37.0,2460.0,11.6,633.0,2,nao,negocio,60,4500.0,0
E03092,26.0,3620.0,9.6,572.0,2,sim,veiculo,48,5900.0,0
E03093,30.0,8370.0,7.0,761.0,0,nao,pessoal,12,38000.0,0
E03094,29.0,3210.0,3.1,645.0,1,nao,pessoal,36,5400.0,0
E03095,63.0,2590.0,7.3,583.0,1,sim,reforma,12,7400.0,0
E03096,48.0,3830.0,2.9,491.0,1,sim,veiculo,48,12300.0,0
E03097,45.0,2550.0,18.3,705.0,0,sim,pessoal,48,5100.0,0
E03098,46.0,2690.0,4.0,481.0,2,nao,veiculo,12,3200.0,0
E03099,56.0,,2.3,746.0,1,nao,pessoal,12,20300.0,0
E03100,67.0,2430.0,17.3,688.0,0,sim,educacao,24,11000.0,0
E03101,42.0,1300.0,4.4,532.0,2,nao,educacao,24,1900.0,1
E03102,36.0,2920.0,1.3,777.0,1,nao,reforma,60,2500.0,0
E03103,62.0,2820.0,6.0,626.0,1,nao,educacao,24,2800.0,0
E03104,33.0,4220.0,6.9,563.0,0,nao,veiculo,12,13400.0,0
E03105,53.0,5660.0,7.7,500.0,2,sim,veiculo,24,32100.0,1
E03106,27.0,4290.0,2.7,531.0,0,nao,reforma,24,25100.0,0
E03107,44.0,2640.0,5.5,676.0,4,nao,educacao,12,9600.0,1
E03108,40.0,4760.0,1.1,618.0,2,nao,veiculo,48,20400.0,1
E03109,37.0,6250.0,8.7,631.0,0,sim,reforma,36,24400.0,0
E03110,43.0,2720.0,1.7,610.0,2,sim,pessoal,24,14500.0,0
E03111,35.0,3570.0,6.2,872.0,1,nao,pessoal,60,2200.0,0
E03112,18.0,12430.0,3.9,778.0,0,nao,pessoal,60,47400.0,0
E03113,50.0,6230.0,0.5,846.0,3,nao,pessoal,24,3200.0,0
E03114,36.0,9490.0,1.5,594.0,0,nao,veiculo,12,31000.0,0
E03115,39.0,4740.0,2.4,738.0,2,nao,pessoal,24,11500.0,0
E03116,59.0,2830.0,0.9,575.0,0,nao,veiculo,24,2500.0,0
E03117,37.0,6370.0,1.2,388.0,1,nao,pessoal,24,7500.0,1
E03118,44.0,3240.0,9.3,524.0,0,sim,veiculo,12,9400.0,0
E03119,30.0,1920.0,1.5,820.0,3,nao,veiculo,36,5400.0,0
E03120,67.0,2500.0,2.8,687.0,1,nao,veiculo,24,13500.0,0
E03121,32.0,5250.0,6.8,783.0,1,sim,pessoal,24,18700.0,1
E03122,27.0,3940.0,2.8,511.0,1,nao,negocio,48,2800.0,0
E03123,18.0,3400.0,13.4,643.0,4,sim,veiculo,48,8200.0,0
E03124,48.0,3290.0,10.8,626.0,0,sim,veiculo,24,13700.0,0
E03125,46.0,4000.0,9.5,419.0,4,nao,negocio,60,8200.0,0
E03126,37.0,8800.0,5.8,804.0,4,sim,veiculo,24,10900.0,0
E03127,37.0,1390.0,13.5,724.0,1,nao,negocio,60,4200.0,0
E03128,35.0,4860.0,5.7,587.0,2,sim,negocio,60,7700.0,0
E03129,60.0,8210.0,12.7,797.0,0,nao,pessoal,60,40600.0,0
E03130,31.0,4780.0,7.7,482.0,0,sim,veiculo,12,3300.0,0
E03131,37.0,5560.0,2.8,654.0,2,nao,reforma,12,32600.0,1
E03132,18.0,8020.0,1.7,629.0,1,sim,reforma,24,37600.0,0
E03133,46.0,2500.0,1.5,601.0,0,nao,veiculo,24,5800.0,0
E03134,39.0,4580.0,19.5,785.0,1,sim,pessoal,60,23000.0,0
E03135,47.0,2050.0,0.9,648.0,2,nao,veiculo,36,9700.0,1
E03136,45.0,,2.8,525.0,1,nao,pessoal,36,34900.0,0
E03137,43.0,10950.0,0.9,678.0,0,nao,pessoal,12,8100.0,0
E03138,31.0,,11.0,572.0,1,nao,veiculo,24,8900.0,0
E03139,32.0,2320.0,13.0,613.0,1,sim,veiculo,60,4100.0,0
E03140,47.0,19230.0,1.6,735.0,0,sim,negocio,36,31700.0,0
E03141,33.0,7970.0,4.3,557.0,2,sim,veiculo,36,46200.0,0
E03142,47.0,2620.0,4.1,676.0,0,nao,veiculo,12,7300.0,0
E03143,42.0,4650.0,5.8,588.0,2,nao,pessoal,12,20700.0,1
E03144,48.0,3190.0,8.8,668.0,1,nao,pessoal,48,13800.0,0
E03145,27.0,4290.0,9.6,697.0,1,nao,veiculo,24,5300.0,0
E03146,34.0,7030.0,1.8,863.0,0,sim,pessoal,60,37100.0,0
E03147,40.0,3330.0,12.6,728.0,0,sim,negocio,24,8600.0,0
E03148,31.0,2110.0,1.4,802.0,1,sim,reforma,60,1600.0,0
E03149,35.0,1900.0,3.1,631.0,0,sim,pessoal,24,6000.0,0
E03150,34.0,4140.0,0.5,554.0,1,sim,pessoal,36,11400.0,1
E03151,44.0,6870.0,,559.0,1,sim,reforma,48,24900.0,1
E03152,43.0,1540.0,1.0,713.0,0,sim,educacao,24,1400.0,0
E03153,41.0,4010.0,7.1,869.0,0,nao,reforma,36,23500.0,0
E03154,27.0,4220.0,1.1,641.0,1,nao,veiculo,48,6900.0,0
E03155,32.0,2760.0,3.3,822.0,0,nao,negocio,48,15100.0,0
E03156,31.0,1940.0,1.4,477.0,0,sim,pessoal,48,1800.0,0
E03157,58.0,4700.0,6.8,691.0,2,nao,pessoal,12,18600.0,0
E03158,23.0,5110.0,8.1,628.0,0,sim,educacao,36,14500.0,0
E03159,27.0,,5.5,608.0,0,sim,educacao,12,6100.0,0
E03160,39.0,,1.7,635.0,0,nao,pessoal,12,5100.0,0
E03161,27.0,3410.0,3.9,583.0,2,sim,pessoal,60,11300.0,0
E03162,32.0,3760.0,1.5,664.0,1,sim,negocio,24,20700.0,0
E03163,31.0,12680.0,6.8,666.0,1,nao,reforma,24,53600.0,1
E03164,18.0,4820.0,3.8,720.0,1,nao,reforma,36,11400.0,0
E03165,40.0,6740.0,3.3,646.0,1,sim,veiculo,36,21400.0,1
E03166,21.0,2480.0,9.9,652.0,1,nao,pessoal,36,10400.0,0
E03167,65.0,2480.0,3.3,662.0,2,sim,negocio,24,7000.0,0
E03168,33.0,4520.0,0.2,606.0,2,nao,reforma,36,27100.0,0
E03169,35.0,2760.0,5.4,570.0,2,nao,pessoal,48,16200.0,0
E03170,29.0,2340.0,4.9,638.0,0,nao,educacao,12,14000.0,1
E03171,40.0,2580.0,1.4,485.0,2,nao,pessoal,36,11000.0,0
E03172,43.0,,0.6,565.0,0,sim,negocio,36,17400.0,1
E03173,18.0,15790.0,,474.0,1,sim,pessoal,24,90100.0,0
E03174,43.0,13380.0,3.9,576.0,0,nao,pessoal,60,10300.0,1
E03175,43.0,,12.2,662.0,1,nao,negocio,48,45800.0,0
E03176,22.0,8490.0,1.5,518.0,1,nao,pessoal,12,41000.0,1
E03177,45.0,6890.0,6.6,614.0,2,nao,pessoal,12,9000.0,0
E03178,24.0,1780.0,8.7,675.0,0,nao,negocio,36,8200.0,0
E03179,34.0,6800.0,4.1,665.0,2,nao,veiculo,24,34900.0,0
E03180,33.0,1550.0,5.7,676.0,0,sim,pessoal,24,1100.0,0
E03181,24.0,10650.0,10.3,497.0,0,nao,pessoal,36,40600.0,0
E03182,26.0,5720.0,6.4,685.0,1,nao,reforma,36,16200.0,1
E03183,66.0,2600.0,1.6,625.0,0,nao,reforma,24,9500.0,0
E03184,18.0,5370.0,6.2,819.0,2,nao,reforma,12,20500.0,0
E03185,50.0,2290.0,1.1,642.0,3,nao,pessoal,36,9200.0,1
E03186,38.0,3790.0,5.7,713.0,2,sim,negocio,24,7900.0,0
E03187,59.0,4020.0,13.2,614.0,2,sim,pessoal,36,5100.0,0
E03188,54.0,3440.0,5.0,606.0,0,nao,veiculo,24,7300.0,0
E03189,25.0,12320.0,8.1,557.0,0,nao,reforma,36,38200.0,0
E03190,31.0,,8.5,309.0,0,sim,pessoal,48,12800.0,1
E03191,50.0,5960.0,10.0,531.0,3,nao,veiculo,24,21900.0,0
E03192,40.0,3130.0,0.4,757.0,1,sim,reforma,48,7700.0,1
E03193,28.0,3610.0,4.8,633.0,1,sim,pessoal,48,14000.0,0
E03194,30.0,7680.0,8.2,744.0,0,nao,educacao,24,10900.0,0
E03195,66.0,3070.0,3.5,795.0,0,sim,reforma,36,8400.0,0
E03196,39.0,3080.0,5.6,567.0,0,nao,veiculo,12,12700.0,0
E03197,40.0,4540.0,1.9,737.0,1,sim,pessoal,24,13500.0,0
E03198,48.0,,0.7,477.0,1,sim,negocio,36,11400.0,0
E03199,24.0,3500.0,8.9,533.0,1,nao,veiculo,60,12100.0,0
E03200,58.0,3350.0,8.7,646.0,2,sim,negocio,24,1900.0,0
E03201,18.0,1900.0,4.2,666.0,3,nao,reforma,12,2000.0,0
E03202,56.0,6570.0,3.6,671.0,1,nao,pessoal,36,28000.0,0
E03203,46.0,2790.0,16.9,842.0,4,nao,pessoal,36,5200.0,0
E03204,50.0,4090.0,15.9,807.0,1,sim,pessoal,24,11900.0,0
E03205,33.0,1300.0,1.0,676.0,1,sim,veiculo,60,3600.0,0
E03206,32.0,6410.0,1.6,638.0,1,sim,pessoal,24,33800.0,0
E03207,59.0,8000.0,5.9,788.0,2,sim,pessoal,60,6700.0,0
E03208,73.0,6490.0,1.4,582.0,1,nao,pessoal,36,18800.0,0
E03209,42.0,,2.3,688.0,0,nao,pessoal,12,9200.0,0
E03210,56.0,3600.0,7.6,471.0,1,sim,veiculo,60,19100.0,0
E03211,43.0,12770.0,3.0,664.0,3,nao,pessoal,36,75900.0,1
E03212,32.0,3660.0,2.8,898.0,1,sim,pessoal,36,16000.0,0
E03213,62.0,10210.0,4.5,772.0,0,sim,reforma,36,41500.0,0
E03214,37.0,3130.0,0.9,674.0,3,nao,veiculo,24,14700.0,1
E03215,48.0,12660.0,13.1,728.0,3,nao,veiculo,36,36900.0,0
E03216,42.0,4360.0,4.4,461.0,0,nao,pessoal,36,21100.0,0
E03217,46.0,2450.0,3.8,718.0,3,sim,negocio,48,9900.0,1
E03218,35.0,1300.0,2.4,659.0,1,nao,pessoal,24,7700.0,0
E03219,43.0,3130.0,3.4,782.0,1,nao,negocio,48,4500.0,1
E03220,29.0,7470.0,13.4,695.0,0,nao,negocio,60,12000.0,0
E03221,61.0,2620.0,4.2,516.0,0,nao,veiculo,60,5500.0,0
E03222,44.0,1650.0,9.1,821.0,0,nao,educacao,24,8800.0,0
E03223,39.0,3750.0,13.4,621.0,1,nao,pessoal,48,8600.0,0
E03224,47.0,11460.0,13.5,846.0,1,sim,educacao,36,10500.0,0
E03225,48.0,11380.0,2.7,624.0,1,sim,veiculo,48,39900.0,0
E03226,32.0,1300.0,4.1,539.0,0,sim,negocio,36,4600.0,1
E03227,26.0,5970.0,12.3,515.0,1,nao,pessoal,24,23300.0,0
E03228,34.0,5600.0,6.8,478.0,1,sim,negocio,36,5100.0,1
E03229,50.0,,3.2,727.0,1,nao,veiculo,36,4300.0,0
E03230,37.0,4120.0,0.6,591.0,3,nao,negocio,36,4300.0,1
E03231,26.0,12500.0,2.0,727.0,1,nao,veiculo,36,58700.0,0
E03232,42.0,5240.0,8.7,547.0,1,nao,pessoal,24,8800.0,1
E03233,60.0,9060.0,7.3,698.0,4,sim,reforma,24,35100.0,0
E03234,39.0,1910.0,4.8,618.0,1,sim,reforma,48,3400.0,0
E03235,20.0,7180.0,2.6,636.0,3,nao,pessoal,60,6800.0,1
E03236,30.0,3990.0,3.0,710.0,1,sim,pessoal,24,7900.0,0
E03237,33.0,3410.0,0.2,763.0,1,sim,veiculo,48,1800.0,0
E03238,40.0,2560.0,2.3,701.0,0,nao,reforma,24,9300.0,0
E03239,46.0,2930.0,4.4,810.0,2,nao,negocio,48,16800.0,0
E03240,49.0,4270.0,3.9,462.0,1,sim,pessoal,12,11500.0,0
E03241,38.0,3010.0,25.0,534.0,1,nao,pessoal,36,10600.0,0
E03242,29.0,7130.0,4.9,581.0,0,nao,pessoal,60,8000.0,0
E03243,20.0,1300.0,7.4,706.0,2,nao,pessoal,24,3200.0,0
E03244,43.0,7440.0,6.1,475.0,1,nao,veiculo,48,24500.0,0
E03245,19.0,1490.0,4.9,523.0,0,nao,pessoal,24,6600.0,1
E03246,60.0,2490.0,5.4,679.0,1,sim,veiculo,24,11700.0,1
E03247,53.0,,19.4,585.0,1,nao,veiculo,24,15400.0,0
E03248,57.0,7370.0,0.3,442.0,2,nao,veiculo,24,6200.0,1
E03249,37.0,,2.3,684.0,0,nao,veiculo,12,31800.0,1
E03250,41.0,7490.0,2.3,614.0,0,nao,educacao,48,13000.0,0
E03251,25.0,4990.0,3.0,497.0,1,sim,negocio,48,28500.0,1
E03252,50.0,3760.0,0.7,655.0,0,nao,pessoal,60,15000.0,0
E03253,21.0,3370.0,4.6,316.0,0,nao,pessoal,12,19200.0,1
E03254,37.0,3920.0,0.7,542.0,1,nao,negocio,60,17400.0,1
E03255,28.0,4370.0,11.0,836.0,2,nao,pessoal,12,18700.0,0
E03256,57.0,3580.0,7.2,740.0,0,nao,veiculo,60,11200.0,0
E03257,45.0,2540.0,5.2,630.0,0,sim,veiculo,60,6900.0,0
E03258,43.0,1660.0,4.5,692.0,1,nao,veiculo,60,1900.0,0
E03259,36.0,,,493.0,1,nao,pessoal,24,3100.0,0
E03260,48.0,7710.0,0.9,813.0,0,nao,educacao,48,44700.0,0
E03261,58.0,3650.0,2.0,655.0,0,nao,veiculo,36,7600.0,0
E03262,59.0,3060.0,1.7,644.0,3,nao,negocio,24,8500.0,0
E03263,71.0,7370.0,8.5,653.0,2,nao,pessoal,36,28000.0,0
E03264,28.0,3980.0,3.1,643.0,2,sim,pessoal,24,6600.0,0
E03265,33.0,5410.0,7.6,635.0,0,sim,pessoal,36,20700.0,0
E03266,49.0,3340.0,2.3,794.0,1,sim,negocio,36,9500.0,0
E03267,40.0,3490.0,1.2,688.0,2,sim,pessoal,60,13300.0,0
E03268,44.0,2140.0,,579.0,0,nao,veiculo,36,3000.0,0
E03269,22.0,4150.0,8.4,620.0,1,nao,educacao,24,19800.0,0
E03270,50.0,2650.0,0.8,774.0,2,sim,pessoal,12,11300.0,0
E03271,34.0,2430.0,5.4,789.0,3,nao,reforma,36,6900.0,0
E03272,45.0,4570.0,1.2,498.0,0,sim,pessoal,12,6300.0,0
E03273,38.0,4410.0,0.9,660.0,1,sim,veiculo,36,24400.0,1
E03274,27.0,2640.0,3.5,476.0,0,nao,pessoal,12,12400.0,0
E03275,60.0,3520.0,5.1,668.0,0,sim,pessoal,60,20400.0,0
E03276,47.0,3880.0,3.2,567.0,2,nao,pessoal,36,9000.0,0
E03277,40.0,8420.0,7.4,489.0,0,sim,veiculo,36,45600.0,1
E03278,28.0,1640.0,9.5,785.0,0,sim,pessoal,60,4500.0,0
E03279,49.0,8770.0,1.1,765.0,1,nao,negocio,24,40800.0,0
E03280,46.0,7600.0,2.8,554.0,1,nao,pessoal,60,19400.0,0
E03281,29.0,4240.0,9.5,689.0,2,nao,pessoal,12,10900.0,0
E03282,45.0,5480.0,2.4,624.0,1,sim,reforma,12,4200.0,0
E03283,39.0,5720.0,0.8,619.0,2,nao,negocio,24,14100.0,0
E03284,45.0,1820.0,16.1,732.0,0,nao,veiculo,60,1300.0,0
E03285,46.0,4880.0,5.3,681.0,1,nao,veiculo,24,16800.0,1
E03286,32.0,3290.0,3.2,640.0,2,sim,pessoal,36,8400.0,0
E03287,45.0,1360.0,7.5,901.0,0,sim,veiculo,48,7600.0,0
E03288,57.0,,8.4,636.0,0,sim,reforma,36,8500.0,0
E03289,48.0,8090.0,12.2,625.0,1,nao,veiculo,36,32300.0,0
E03290,40.0,3730.0,2.4,434.0,2,nao,reforma,24,16600.0,0
E03291,41.0,7250.0,0.6,894.0,1,sim,pessoal,48,6700.0,0
E03292,58.0,,2.4,508.0,2,sim,pessoal,60,7100.0,0
E03293,58.0,1870.0,5.6,785.0,3,nao,pessoal,24,10800.0,0
E03294,27.0,6700.0,3.2,530.0,3,sim,veiculo,24,4400.0,0
E03295,46.0,6930.0,2.5,631.0,1,sim,negocio,36,21600.0,0
E03296,37.0,3110.0,6.0,712.0,2,sim,pessoal,24,18400.0,0
E03297,25.0,1720.0,1.9,904.0,1,nao,pessoal,24,8200.0,0
E03298,50.0,3790.0,2.0,546.0,1,sim,pessoal,36,5100.0,0
E03299,47.0,2910.0,0.4,806.0,2,nao,reforma,60,12600.0,0
E03300,33.0,3920.0,6.8,565.0,0,nao,pessoal,36,13900.0,0
E03301,37.0,,3.9,679.0,0,sim,pessoal,24,19800.0,0
E03302,54.0,7950.0,6.7,520.0,0,nao,negocio,24,12200.0,0
E03303,35.0,6870.0,6.5,661.0,1,nao,pessoal,12,18000.0,0
E03304,33.0,5820.0,2.1,705.0,1,sim,pessoal,36,30800.0,0
E03305,26.0,3830.0,18.4,736.0,2,sim,negocio,12,22200.0,0
E03306,47.0,8710.0,1.3,730.0,1,nao,pessoal,36,38300.0,0
E03307,23.0,2470.0,1.0,634.0,1,sim,pessoal,36,2200.0,0
E03308,23.0,2810.0,0.9,594.0,2,nao,pessoal,24,8300.0,0
E03309,37.0,5650.0,3.2,759.0,2,nao,veiculo,36,3300.0,0
E03310,32.0,15390.0,3.8,806.0,0,nao,pessoal,60,30400.0,0
E03311,24.0,3820.0,8.7,510.0,1,sim,negocio,24,13600.0,0
E03312,27.0,8200.0,2.1,627.0,2,sim,reforma,60,48100.0,1
E03313,20.0,2200.0,3.7,578.0,3,nao,negocio,24,7000.0,0
E03314,42.0,4920.0,5.5,676.0,1,nao,reforma,60,6600.0,0
E03315,24.0,,19.5,573.0,2,nao,pessoal,60,34300.0,0
E03316,25.0,6960.0,11.5,662.0,1,nao,pessoal,24,31100.0,0
E03317,38.0,3610.0,2.2,749.0,3,nao,educacao,12,4600.0,0
E03318,37.0,2920.0,5.3,452.0,1,sim,pessoal,60,3500.0,0
E03319,41.0,2160.0,11.9,576.0,2,nao,pessoal,60,6000.0,1
E03320,63.0,3830.0,2.5,644.0,4,nao,pessoal,48,6300.0,0
E03321,32.0,11540.0,1.6,548.0,0,nao,educacao,24,12800.0,1
E03322,18.0,3540.0,3.8,690.0,0,sim,reforma,60,4600.0,0
E03323,50.0,18770.0,4.0,521.0,1,sim,pessoal,60,85600.0,1
E03324,24.0,4280.0,,683.0,1,nao,pessoal,60,7200.0,0
E03325,48.0,7000.0,8.3,635.0,3,nao,reforma,24,15900.0,0
E03326,29.0,15690.0,2.4,552.0,1,sim,reforma,24,61900.0,1
E03327,40.0,4600.0,2.8,494.0,1,sim,veiculo,36,16000.0,1
E03328,35.0,13200.0,1.0,680.0,0,sim,veiculo,24,31400.0,0
E03329,34.0,4430.0,6.8,853.0,1,nao,pessoal,36,14300.0,0
E03330,18.0,3770.0,10.0,723.0,2,nao,veiculo,12,1900.0,0
E03331,33.0,4580.0,13.2,719.0,2,nao,pessoal,12,11300.0,0
E03332,26.0,,11.5,598.0,1,nao,negocio,60,9600.0,0
E03333,44.0,2520.0,13.6,642.0,1,sim,negocio,36,8800.0,0
E03334,64.0,2250.0,8.3,532.0,0,nao,negocio,12,5000.0,0
E03335,39.0,4240.0,4.2,553.0,0,nao,veiculo,24,13200.0,0
E03336,60.0,6040.0,3.3,700.0,1,nao,negocio,36,8800.0,1
E03337,18.0,3020.0,4.8,517.0,0,sim,pessoal,36,17400.0,0
E03338,42.0,18910.0,8.2,620.0,0,sim,pessoal,12,101800.0,0
E03339,35.0,1640.0,13.7,549.0,2,sim,veiculo,48,2700.0,0
E03340,31.0,2050.0,5.8,615.0,1,nao,pessoal,24,11400.0,0
E03341,18.0,6540.0,12.7,537.0,1,nao,veiculo,36,32100.0,1
E03342,45.0,,14.9,423.0,2,sim,veiculo,24,2400.0,0
E03343,50.0,1300.0,16.5,687.0,2,sim,veiculo,36,1000.0,0
E03344,41.0,5560.0,2.8,639.0,1,sim,pessoal,36,16700.0,0
E03345,21.0,5180.0,12.4,728.0,0,nao,reforma,12,5100.0,0
E03346,28.0,4800.0,7.7,807.0,0,nao,pessoal,24,3800.0,0
E03347,34.0,4100.0,4.2,690.0,2,nao,negocio,24,20600.0,0
E03348,53.0,4160.0,4.1,730.0,1,nao,pessoal,48,15900.0,0
E03349,24.0,11490.0,1.4,729.0,1,nao,veiculo,24,56300.0,1
E03350,48.0,7840.0,7.9,833.0,1,sim,negocio,12,41400.0,0
E03351,55.0,6590.0,3.4,550.0,0,nao,pessoal,36,16200.0,0
E03352,39.0,8130.0,4.9,608.0,2,sim,pessoal,36,21600.0,1
E03353,43.0,4040.0,0.3,580.0,1,nao,negocio,24,13900.0,1
E03354,37.0,5130.0,,646.0,0,nao,veiculo,24,21500.0,0
E03355,24.0,1300.0,10.1,564.0,1,nao,veiculo,36,1400.0,0
E03356,40.0,19340.0,2.0,530.0,0,nao,veiculo,36,38800.0,0
E03357,29.0,4330.0,8.9,579.0,0,sim,negocio,24,17000.0,0
E03358,51.0,8560.0,4.0,539.0,1,sim,pessoal,48,24700.0,0
E03359,51.0,7280.0,16.4,558.0,1,nao,negocio,24,36700.0,0
E03360,40.0,6820.0,2.2,449.0,1,nao,pessoal,36,37900.0,0
E03361,34.0,,4.7,865.0,0,nao,pessoal,60,6400.0,0
E03362,47.0,9310.0,7.3,550.0,3,nao,negocio,12,31200.0,1
E03363,31.0,6930.0,10.2,755.0,0,nao,veiculo,12,6900.0,0
E03364,18.0,2120.0,1.1,753.0,0,nao,pessoal,24,12000.0,0
E03365,28.0,4700.0,11.8,652.0,0,nao,veiculo,48,5000.0,1
E03366,34.0,4520.0,7.8,535.0,3,nao,reforma,24,24000.0,0
E03367,26.0,3250.0,9.8,759.0,4,sim,veiculo,36,14200.0,0
E03368,55.0,2160.0,1.5,743.0,1,sim,educacao,24,4600.0,0
E03369,21.0,2380.0,2.4,735.0,2,sim,pessoal,60,6900.0,1
E03370,44.0,6240.0,6.1,739.0,1,nao,pessoal,48,23900.0,0
E03371,40.0,3350.0,3.1,695.0,0,nao,reforma,24,12200.0,0
E03372,26.0,5740.0,9.0,710.0,0,sim,veiculo,60,5700.0,0
E03373,39.0,3880.0,9.2,744.0,0,nao,pessoal,60,17300.0,0
E03374,26.0,3940.0,10.0,572.0,2,nao,veiculo,36,20000.0,1
E03375,40.0,2430.0,3.6,632.0,2,sim,veiculo,24,11200.0,0
E03376,40.0,2940.0,3.6,491.0,1,nao,pessoal,36,12700.0,0
E03377,18.0,4020.0,1.6,803.0,2,nao,pessoal,60,12900.0,0
E03378,18.0,1570.0,1.4,690.0,1,nao,veiculo,60,1000.0,0
E03379,57.0,4850.0,0.4,500.0,0,nao,negocio,48,5100.0,0
E03380,44.0,4020.0,12.9,387.0,1,nao,veiculo,36,2800.0,1
E03381,32.0,1680.0,10.5,653.0,0,sim,pessoal,12,5500.0,0
E03382,35.0,3950.0,1.3,621.0,2,nao,pessoal,12,20500.0,1
E03383,34.0,1300.0,4.0,585.0,0,sim,educacao,36,1100.0,0
E03384,51.0,,3.4,674.0,1,nao,pessoal,60,11300.0,0
E03385,34.0,4430.0,5.4,747.0,1,nao,pessoal,48,11700.0,0
E03386,22.0,7280.0,1.5,775.0,0,nao,reforma,60,32800.0,0
E03387,34.0,20560.0,22.0,798.0,0,sim,negocio,24,32800.0,0
E03388,30.0,4710.0,1.6,646.0,0,sim,pessoal,36,12200.0,0
E03389,37.0,5030.0,10.2,829.0,0,nao,veiculo,60,12200.0,0
E03390,56.0,1610.0,1.6,593.0,0,nao,reforma,12,3600.0,0
E03391,23.0,3770.0,3.9,676.0,2,sim,pessoal,36,11400.0,0
E03392,26.0,3190.0,10.2,694.0,4,sim,veiculo,12,8500.0,0
E03393,47.0,1520.0,4.9,725.0,3,sim,veiculo,24,3300.0,0
E03394,29.0,11900.0,4.2,520.0,1,sim,pessoal,24,51300.0,0
E03395,53.0,5490.0,15.7,732.0,2,sim,pessoal,60,19100.0,1
E03396,51.0,5830.0,2.4,709.0,4,nao,negocio,24,6300.0,0
E03397,48.0,11480.0,10.8,486.0,1,nao,pessoal,60,53500.0,0
E03398,54.0,1810.0,3.7,657.0,0,nao,reforma,60,5100.0,0
E03399,50.0,1960.0,1.1,618.0,3,nao,veiculo,36,5600.0,1
E03400,32.0,9770.0,2.6,851.0,4,sim,reforma,12,11600.0,0
E03401,68.0,2330.0,0.7,685.0,0,nao,pessoal,12,1600.0,0
E03402,24.0,6360.0,,601.0,2,nao,veiculo,24,9800.0,0
E03403,39.0,5020.0,6.2,586.0,0,sim,negocio,36,13500.0,1
E03404,36.0,14050.0,9.9,745.0,1,sim,veiculo,36,32200.0,0
E03405,59.0,10350.0,3.7,675.0,1,nao,negocio,48,23800.0,0
E03406,47.0,10630.0,8.2,656.0,2,nao,reforma,36,18900.0,0
E03407,48.0,1540.0,9.6,714.0,2,nao,reforma,36,2700.0,0
E03408,47.0,6340.0,5.1,652.0,0,nao,veiculo,36,7600.0,0
E03409,31.0,7930.0,1.9,787.0,2,sim,pessoal,24,47500.0,0
E03410,31.0,4180.0,3.7,615.0,1,sim,educacao,24,21500.0,1
E03411,63.0,2920.0,0.2,533.0,2,nao,veiculo,24,8600.0,0
E03412,58.0,3900.0,16.3,605.0,2,nao,pessoal,24,10800.0,0
E03413,38.0,7100.0,7.9,638.0,0,sim,veiculo,36,6600.0,0
E03414,31.0,1980.0,3.8,665.0,0,sim,educacao,12,9900.0,0
E03415,43.0,12210.0,3.6,668.0,2,nao,veiculo,24,11300.0,0
E03416,56.0,1380.0,1.3,670.0,3,nao,veiculo,36,5700.0,0
E03417,45.0,2800.0,1.4,576.0,1,nao,veiculo,24,2600.0,0
E03418,34.0,2030.0,4.9,482.0,0,nao,pessoal,36,11900.0,0
E03419,40.0,4270.0,13.3,430.0,0,nao,pessoal,48,8600.0,0
E03420,41.0,3110.0,4.7,720.0,1,nao,pessoal,12,3700.0,1
E03421,59.0,9230.0,11.7,382.0,0,sim,pessoal,48,7900.0,0
E03422,28.0,3690.0,9.9,671.0,1,nao,pessoal,12,18300.0,0
E03423,42.0,5080.0,2.4,693.0,0,nao,veiculo,24,15400.0,0
E03424,49.0,3910.0,7.1,707.0,0,nao,reforma,12,13200.0,1
E03425,28.0,3490.0,0.9,690.0,1,nao,pessoal,12,6300.0,0
E03426,34.0,4740.0,11.7,632.0,1,nao,educacao,36,18100.0,0
E03427,50.0,1920.0,20.2,496.0,1,nao,pessoal,60,11500.0,0
E03428,44.0,2370.0,1.8,569.0,1,sim,veiculo,36,1300.0,0
E03429,48.0,2160.0,4.8,790.0,1,nao,educacao,24,9600.0,0
E03430,55.0,5070.0,3.2,694.0,2,nao,educacao,24,26000.0,0
E03431,39.0,4590.0,12.0,518.0,0,nao,pessoal,60,8600.0,0
E03432,62.0,4800.0,10.1,537.0,0,sim,pessoal,24,13800.0,1
E03433,59.0,4300.0,1.8,862.0,0,sim,negocio,24,19200.0,0
E03434,39.0,5380.0,3.9,509.0,1,nao,negocio,12,7900.0,0
E03435,48.0,3260.0,2.3,639.0,0,nao,pessoal,36,9000.0,0
E03436,43.0,3870.0,7.6,661.0,3,sim,reforma,60,6200.0,0
E03437,21.0,5300.0,9.7,749.0,3,nao,pessoal,36,6900.0,0
E03438,59.0,,6.9,746.0,1,nao,pessoal,36,14700.0,0
E03439,28.0,5650.0,8.8,706.0,2,nao,veiculo,36,22300.0,0
E03440,51.0,8430.0,9.8,652.0,1,nao,educacao,24,31800.0,0
E03441,39.0,4750.0,9.6,699.0,1,nao,pessoal,24,14200.0,0
E03442,26.0,10050.0,2.9,981.0,1,nao,veiculo,24,37000.0,0
E03443,53.0,3950.0,12.3,1000.0,0,sim,pessoal,60,13100.0,0
E03444,48.0,8160.0,2.5,708.0,2,nao,educacao,24,41500.0,0
E03445,31.0,2600.0,4.8,597.0,1,nao,pessoal,12,7400.0,1
E03446,25.0,5100.0,5.6,643.0,3,nao,veiculo,36,27700.0,1
E03447,41.0,5930.0,5.6,735.0,1,nao,veiculo,36,18100.0,0
E03448,43.0,7650.0,3.7,535.0,2,nao,veiculo,48,18000.0,0
E03449,49.0,5750.0,7.4,719.0,1,sim,pessoal,24,21400.0,0
E03450,18.0,10780.0,,661.0,1,nao,veiculo,24,7700.0,0
E03451,56.0,6640.0,9.0,471.0,1,sim,reforma,12,17800.0,0
E03452,38.0,4440.0,0.7,684.0,1,nao,veiculo,24,10200.0,0
E03453,47.0,4520.0,2.1,583.0,1,sim,pessoal,36,6500.0,1
E03454,39.0,2910.0,5.5,759.0,1,sim,negocio,24,13300.0,0
E03455,50.0,3630.0,2.8,620.0,1,sim,pessoal,36,10400.0,0
E03456,24.0,3860.0,2.6,479.0,3,sim,pessoal,12,11200.0,1
E03457,24.0,4860.0,0.4,588.0,3,sim,pessoal,60,25200.0,0
E03458,47.0,3880.0,3.1,660.0,2,nao,pessoal,36,6800.0,0
E03459,56.0,1850.0,0.9,417.0,1,nao,pessoal,12,3600.0,0
E03460,45.0,8850.0,12.3,710.0,2,nao,veiculo,24,29200.0,0
E03461,28.0,1300.0,3.7,553.0,2,nao,pessoal,24,5800.0,1
E03462,55.0,2520.0,12.5,724.0,1,sim,pessoal,48,11900.0,0
E03463,41.0,9070.0,5.1,844.0,1,sim,veiculo,48,5200.0,0
E03464,36.0,2610.0,13.9,770.0,0,nao,veiculo,24,13900.0,0
E03465,45.0,7710.0,21.9,625.0,2,nao,reforma,48,43100.0,0
E03466,40.0,4900.0,1.1,749.0,1,nao,educacao,24,28000.0,0
E03467,29.0,5820.0,13.3,701.0,0,nao,pessoal,24,23600.0,0
E03468,45.0,3300.0,8.8,647.0,1,sim,veiculo,60,4200.0,0
E03469,29.0,3600.0,7.6,985.0,2,sim,veiculo,24,14600.0,0
E03470,49.0,6280.0,1.6,745.0,0,sim,pessoal,36,9800.0,0
E03471,39.0,4420.0,3.6,582.0,2,sim,negocio,36,16500.0,0
E03472,40.0,3190.0,11.4,668.0,2,nao,pessoal,24,16100.0,1
E03473,50.0,4150.0,19.1,701.0,0,nao,reforma,12,13300.0,0
E03474,27.0,3540.0,7.8,692.0,0,nao,veiculo,12,4500.0,0
E03475,37.0,1970.0,11.2,643.0,1,nao,veiculo,60,9100.0,0
E03476,50.0,4450.0,6.5,680.0,2,sim,educacao,24,17500.0,0
E03477,36.0,6410.0,10.5,621.0,2,sim,educacao,12,35800.0,1
E03478,18.0,4180.0,6.8,675.0,1,nao,reforma,24,22000.0,0
E03479,42.0,3880.0,4.0,852.0,2,nao,negocio,36,16000.0,0
E03480,48.0,5120.0,17.5,689.0,2,nao,negocio,48,23100.0,0
E03481,46.0,,1.8,660.0,0,sim,veiculo,48,12500.0,0
E03482,46.0,1300.0,0.6,791.0,1,nao,pessoal,60,6100.0,0
E03483,35.0,7440.0,3.6,745.0,2,sim,pessoal,60,4200.0,1
E03484,30.0,6050.0,4.7,615.0,0,nao,veiculo,24,28700.0,0
E03485,47.0,1300.0,5.4,514.0,1,nao,negocio,60,6500.0,1
E03486,40.0,3810.0,1.8,476.0,2,sim,negocio,12,4100.0,0
E03487,36.0,,0.8,729.0,1,nao,veiculo,24,14400.0,0
E03488,35.0,3230.0,4.8,950.0,0,nao,pessoal,36,9800.0,0
E03489,41.0,2490.0,2.8,626.0,1,sim,reforma,36,9700.0,0
E03490,43.0,4060.0,1.7,356.0,1,nao,veiculo,48,16500.0,1
E03491,33.0,2650.0,5.1,781.0,0,nao,veiculo,36,7100.0,0
E03492,40.0,4080.0,11.7,679.0,1,nao,pessoal,36,22800.0,0
E03493,22.0,1840.0,7.4,621.0,0,sim,veiculo,60,5000.0,0
E03494,47.0,5730.0,3.3,505.0,1,sim,pessoal,60,27300.0,0
E03495,43.0,11010.0,5.3,790.0,0,sim,pessoal,24,56100.0,0
E03496,42.0,4310.0,1.2,651.0,0,sim,pessoal,36,9100.0,0
E03497,36.0,6460.0,5.7,756.0,2,sim,pessoal,12,31700.0,0
E03498,58.0,3650.0,1.9,646.0,2,nao,pessoal,60,7400.0,1
E03499,34.0,10670.0,4.6,852.0,1,nao,veiculo,36,34700.0,0
E03500,22.0,2810.0,12.8,666.0,0,nao,reforma,12,4700.0,0
E03501,35.0,1620.0,3.0,566.0,0,sim,educacao,36,5000.0,0
E03502,25.0,1770.0,1.2,703.0,1,sim,pessoal,12,1200.0,0
E03503,18.0,2470.0,0.7,655.0,1,sim,negocio,48,9900.0,0
E03504,62.0,4640.0,0.1,517.0,0,sim,veiculo,12,10600.0,1
E03505,33.0,3490.0,4.3,545.0,2,sim,reforma,12,12100.0,1
E03506,53.0,13950.0,6.8,651.0,1,nao,negocio,48,23100.0,0
E03507,44.0,4880.0,7.3,796.0,2,sim,veiculo,36,7100.0,0
E03508,54.0,4470.0,2.5,585.0,0,nao,veiculo,24,10700.0,0
E03509,29.0,4570.0,9.1,759.0,1,nao,veiculo,24,15100.0,0
E03510,65.0,,0.7,623.0,2,nao,educacao,24,34100.0,0
E03511,27.0,1520.0,0.4,803.0,3,nao,veiculo,24,5600.0,0
E03512,42.0,6130.0,8.5,861.0,2,nao,educacao,48,3700.0,0
E03513,35.0,2410.0,1.1,667.0,0,nao,pessoal,24,8800.0,0
E03514,54.0,5100.0,2.6,577.0,1,nao,veiculo,60,20600.0,0
E03515,46.0,3430.0,5.2,575.0,1,nao,veiculo,24,2600.0,1
E03516,18.0,4450.0,2.1,761.0,1,sim,educacao,12,3600.0,1
E03517,37.0,5660.0,2.0,543.0,2,sim,educacao,24,19900.0,0
E03518,56.0,7180.0,8.3,456.0,1,nao,veiculo,12,8100.0,1
E03519,31.0,5660.0,4.0,780.0,2,sim,pessoal,24,3500.0,0
E03520,36.0,4580.0,8.6,550.0,1,nao,pessoal,48,10600.0,0
E03521,40.0,5650.0,0.9,496.0,1,sim,negocio,48,24100.0,1
E03522,35.0,4080.0,2.8,557.0,2,sim,veiculo,36,3400.0,0
E03523,55.0,5860.0,10.2,621.0,1,nao,educacao,24,34000.0,0
E03524,32.0,8490.0,6.8,508.0,2,nao,veiculo,36,36600.0,1
E03525,41.0,12480.0,4.0,519.0,0,nao,veiculo,36,73600.0,0
E03526,50.0,8510.0,12.1,671.0,4,nao,pessoal,36,48200.0,1
E03527,44.0,10000.0,11.1,586.0,1,nao,pessoal,36,27100.0,0
E03528,50.0,2510.0,5.4,694.0,1,sim,veiculo,36,1900.0,0
E03529,35.0,7340.0,6.7,712.0,2,nao,pessoal,12,31300.0,1
E03530,34.0,4840.0,0.6,578.0,0,nao,educacao,36,19100.0,1
E03531,42.0,2580.0,2.3,626.0,0,nao,pessoal,12,12700.0,0
E03532,39.0,2870.0,12.2,735.0,2,nao,veiculo,36,16000.0,0
E03533,41.0,8130.0,1.4,776.0,1,sim,reforma,48,10300.0,0
E03534,41.0,7560.0,1.6,377.0,2,nao,negocio,24,25400.0,1
E03535,44.0,2160.0,2.9,481.0,2,nao,veiculo,48,11400.0,0
E03536,42.0,3900.0,0.6,666.0,1,sim,negocio,24,11900.0,0
E03537,47.0,1930.0,7.2,647.0,2,nao,veiculo,60,4000.0,0
E03538,36.0,3340.0,1.0,612.0,0,nao,veiculo,60,2900.0,0
E03539,49.0,2780.0,4.2,602.0,3,sim,negocio,36,2300.0,1
E03540,36.0,4130.0,8.6,555.0,4,nao,pessoal,60,21400.0,1
E03541,67.0,6720.0,3.2,810.0,2,sim,veiculo,24,9000.0,0
E03542,55.0,2610.0,9.9,529.0,0,sim,educacao,48,14000.0,0
E03543,62.0,2290.0,0.3,633.0,1,sim,pessoal,24,6300.0,0
E03544,40.0,4220.0,6.7,633.0,2,nao,veiculo,60,8000.0,0
E03545,29.0,4180.0,7.7,740.0,0,sim,negocio,24,23500.0,0
E03546,18.0,2000.0,13.1,726.0,0,nao,pessoal,60,7500.0,0
E03547,28.0,5850.0,9.3,643.0,0,nao,veiculo,24,6300.0,0
E03548,41.0,2450.0,2.4,617.0,0,nao,pessoal,36,7600.0,0
E03549,57.0,9510.0,,538.0,0,sim,reforma,12,15500.0,0
E03550,33.0,6590.0,3.1,778.0,1,nao,veiculo,24,16100.0,0
E03551,35.0,8900.0,4.6,448.0,2,nao,negocio,12,5300.0,0
E03552,48.0,3670.0,19.8,532.0,1,sim,negocio,36,8300.0,0
E03553,18.0,10560.0,2.2,742.0,1,sim,veiculo,36,53600.0,0
E03554,49.0,5720.0,7.6,533.0,0,nao,reforma,48,15500.0,0
E03555,54.0,7400.0,1.7,714.0,0,sim,veiculo,24,9100.0,0
E03556,60.0,7970.0,13.8,793.0,3,sim,pessoal,24,15000.0,1
E03557,43.0,6790.0,3.8,774.0,0,sim,negocio,24,19100.0,0
E03558,40.0,2100.0,15.6,570.0,3,sim,pessoal,24,1400.0,0
E03559,46.0,3480.0,1.9,600.0,3,nao,pessoal,36,10200.0,0
E03560,51.0,4800.0,7.7,527.0,2,sim,veiculo,36,3100.0,0
E03561,52.0,2650.0,5.2,660.0,1,nao,negocio,12,12300.0,1
E03562,41.0,5540.0,,824.0,3,sim,pessoal,24,25200.0,0
E03563,34.0,2620.0,5.6,646.0,2,sim,pessoal,12,8700.0,0
E03564,30.0,6130.0,2.1,643.0,2,sim,pessoal,36,12200.0,0
E03565,45.0,8390.0,1.5,658.0,2,nao,veiculo,48,29500.0,0
E03566,45.0,14880.0,8.3,631.0,2,nao,reforma,48,80200.0,1
E03567,32.0,3800.0,7.1,711.0,0,nao,veiculo,24,17400.0,0
E03568,39.0,,1.7,476.0,3,nao,educacao,12,27100.0,1
E03569,69.0,3620.0,1.7,658.0,1,sim,veiculo,60,16800.0,0
E03570,57.0,6800.0,19.7,718.0,1,sim,pessoal,24,28700.0,0
E03571,64.0,4190.0,3.4,755.0,1,sim,pessoal,24,14300.0,0
E03572,50.0,3430.0,8.2,807.0,1,nao,pessoal,24,7200.0,0
E03573,59.0,14250.0,0.2,560.0,1,sim,negocio,24,75800.0,1
E03574,32.0,7180.0,6.7,543.0,1,nao,negocio,24,30800.0,1
E03575,54.0,1920.0,4.5,599.0,3,sim,reforma,48,11000.0,0
E03576,46.0,3250.0,3.5,729.0,3,nao,negocio,36,16100.0,0
E03577,53.0,4940.0,1.8,488.0,0,nao,negocio,60,8500.0,1
E03578,41.0,5190.0,3.5,667.0,1,nao,educacao,24,12700.0,0
E03579,27.0,1530.0,3.1,671.0,0,nao,veiculo,36,7200.0,0
E03580,34.0,3740.0,2.7,580.0,2,sim,pessoal,60,10900.0,1
E03581,59.0,10940.0,1.6,725.0,4,sim,pessoal,24,17400.0,0
E03582,29.0,7230.0,15.6,496.0,0,sim,pessoal,48,39800.0,1
E03583,44.0,6850.0,14.2,793.0,1,sim,reforma,24,23500.0,0
E03584,37.0,1300.0,4.9,710.0,0,nao,negocio,60,4600.0,0
E03585,53.0,1350.0,2.8,617.0,0,sim,reforma,48,3400.0,0
E03586,22.0,3870.0,1.0,500.0,1,nao,veiculo,36,11300.0,0
E03587,33.0,2490.0,7.6,639.0,1,sim,veiculo,60,5000.0,1
E03588,22.0,3160.0,28.5,707.0,5,nao,reforma,24,7400.0,0
E03589,33.0,2980.0,4.5,583.0,2,sim,pessoal,24,3400.0,0
E03590,50.0,4540.0,,430.0,1,nao,educacao,36,11900.0,1
E03591,19.0,3150.0,6.1,550.0,1,sim,educacao,60,8500.0,1
E03592,29.0,10450.0,3.7,918.0,1,nao,negocio,36,50000.0,0
E03593,30.0,1300.0,3.5,688.0,1,sim,veiculo,24,5200.0,0
E03594,36.0,5580.0,0.7,610.0,1,nao,negocio,36,27200.0,0
E03595,34.0,3680.0,2.5,923.0,1,nao,educacao,12,16700.0,0
E03596,42.0,,1.1,745.0,2,nao,veiculo,12,10300.0,0
E03597,49.0,5270.0,7.6,838.0,0,sim,veiculo,48,27300.0,0
E03598,18.0,2610.0,1.3,683.0,1,sim,reforma,24,2300.0,0
E03599,45.0,3910.0,6.4,744.0,0,nao,pessoal,12,14100.0,0
E03600,37.0,5850.0,9.9,667.0,2,sim,educacao,36,30500.0,0
E03601,43.0,2840.0,5.9,556.0,1,sim,reforma,24,14800.0,0
E03602,35.0,6080.0,3.0,627.0,1,nao,educacao,36,29100.0,0
E03603,53.0,7350.0,11.5,655.0,1,sim,pessoal,24,33500.0,0
E03604,37.0,1780.0,2.4,633.0,0,nao,veiculo,36,7100.0,0
E03605,57.0,2390.0,5.8,567.0,1,nao,reforma,12,6800.0,0
E03606,58.0,1300.0,9.0,612.0,0,nao,reforma,24,3700.0,0
E03607,37.0,9270.0,5.1,597.0,5,sim,pessoal,24,55400.0,1
E03608,45.0,2690.0,7.6,589.0,0,sim,veiculo,24,2900.0,0
E03609,43.0,12870.0,3.1,794.0,1,nao,pessoal,36,72600.0,0
E03610,43.0,3470.0,2.0,673.0,2,sim,veiculo,12,3200.0,0
E03611,18.0,14370.0,3.6,496.0,1,nao,veiculo,36,36700.0,0
E03612,18.0,3800.0,2.8,488.0,2,nao,veiculo,48,18300.0,1
E03613,42.0,2030.0,1.7,599.0,1,nao,pessoal,36,5500.0,0
E03614,52.0,4290.0,2.3,540.0,1,sim,reforma,24,12300.0,0
E03615,45.0,3140.0,3.6,615.0,0,nao,veiculo,24,4500.0,0
E03616,47.0,3510.0,9.0,855.0,1,sim,pessoal,24,8200.0,0
E03617,44.0,7910.0,2.8,562.0,2,sim,pessoal,36,45300.0,0
E03618,41.0,6590.0,4.1,531.0,3,nao,negocio,24,21700.0,1
E03619,52.0,4910.0,5.4,682.0,0,nao,pessoal,60,5000.0,1
E03620,35.0,3440.0,7.1,556.0,1,nao,pessoal,36,15300.0,0
E03621,51.0,3440.0,4.1,435.0,1,nao,veiculo,36,8600.0,0
E03622,37.0,,22.6,609.0,0,sim,veiculo,48,17500.0,0
E03623,40.0,11800.0,3.1,465.0,4,nao,veiculo,12,6900.0,1
E03624,56.0,8110.0,2.7,543.0,1,nao,negocio,60,13400.0,1
E03625,42.0,1810.0,2.1,682.0,0,nao,veiculo,36,6600.0,0
E03626,46.0,7390.0,7.8,487.0,3,sim,educacao,36,26000.0,1
E03627,51.0,3080.0,3.0,749.0,2,nao,pessoal,36,4400.0,0
E03628,18.0,3890.0,0.5,621.0,1,sim,pessoal,12,12700.0,0
E03629,45.0,7550.0,1.8,819.0,2,sim,pessoal,48,13100.0,0
E03630,41.0,4450.0,1.1,650.0,1,nao,pessoal,60,19200.0,0
E03631,22.0,7240.0,1.6,629.0,1,sim,negocio,24,25500.0,1
E03632,35.0,3640.0,2.7,653.0,2,nao,negocio,12,15200.0,0
E03633,44.0,1560.0,5.5,706.0,3,nao,pessoal,12,6100.0,0
E03634,28.0,2930.0,4.3,798.0,2,sim,educacao,48,10400.0,0
E03635,43.0,1430.0,2.2,534.0,3,sim,pessoal,12,2000.0,0
E03636,31.0,5400.0,6.5,648.0,1,nao,reforma,36,6700.0,0
E03637,31.0,3220.0,2.8,637.0,1,sim,veiculo,48,11400.0,1
E03638,33.0,3450.0,8.5,775.0,1,sim,veiculo,12,5900.0,0
E03639,49.0,3560.0,2.7,671.0,0,nao,pessoal,36,10700.0,0
E03640,57.0,7150.0,1.7,549.0,2,sim,veiculo,12,29400.0,0
E03641,47.0,5580.0,1.2,653.0,1,nao,pessoal,48,30300.0,0
E03642,34.0,1300.0,6.5,479.0,1,nao,pessoal,12,4100.0,1
E03643,46.0,1300.0,3.7,815.0,0,nao,reforma,36,1200.0,0
E03644,49.0,7800.0,5.5,576.0,1,sim,negocio,48,31700.0,0
E03645,39.0,4960.0,14.5,513.0,1,nao,pessoal,60,12200.0,0
E03646,29.0,3710.0,6.4,734.0,3,nao,pessoal,12,9500.0,0
E03647,61.0,4280.0,5.6,707.0,0,sim,pessoal,36,15900.0,0
E03648,36.0,4560.0,9.5,859.0,2,nao,negocio,24,13500.0,0
E03649,39.0,4300.0,2.3,668.0,3,nao,veiculo,24,13000.0,0
E03650,33.0,6470.0,8.0,706.0,1,nao,veiculo,24,18400.0,0
E03651,61.0,2210.0,2.8,699.0,0,nao,reforma,36,4000.0,0
E03652,56.0,3440.0,4.4,597.0,3,nao,negocio,60,19400.0,0
E03653,44.0,4020.0,13.5,624.0,0,nao,pessoal,24,7100.0,0
E03654,52.0,4650.0,3.3,770.0,1,nao,negocio,12,26700.0,1
E03655,38.0,3750.0,7.0,558.0,2,sim,pessoal,12,17100.0,0
E03656,52.0,3780.0,5.7,652.0,3,sim,veiculo,48,14400.0,0
E03657,40.0,5720.0,13.9,402.0,5,nao,veiculo,48,28600.0,1
E03658,43.0,7790.0,2.0,716.0,0,sim,pessoal,24,33000.0,0
E03659,32.0,4830.0,1.2,719.0,0,nao,reforma,36,12400.0,0
E03660,18.0,,5.2,811.0,0,sim,educacao,12,8700.0,0
E03661,32.0,3210.0,2.8,678.0,0,nao,veiculo,36,14100.0,0
E03662,40.0,1570.0,10.0,536.0,1,nao,educacao,36,3800.0,0
E03663,31.0,6000.0,4.6,663.0,0,nao,veiculo,24,3800.0,0
E03664,70.0,3630.0,1.9,946.0,0,nao,pessoal,60,7000.0,0
E03665,51.0,7660.0,3.4,493.0,1,nao,negocio,36,7000.0,1
E03666,44.0,5080.0,0.0,657.0,1,nao,veiculo,36,9800.0,0
E03667,41.0,5520.0,5.4,459.0,1,sim,negocio,48,3700.0,1
E03668,43.0,1930.0,8.4,793.0,5,nao,veiculo,36,6000.0,0
E03669,54.0,2370.0,11.8,613.0,1,sim,pessoal,24,5600.0,0
E03670,40.0,3590.0,1.6,732.0,1,sim,reforma,12,11600.0,1
E03671,33.0,3120.0,6.0,478.0,1,nao,pessoal,24,16500.0,1
E03672,35.0,3500.0,12.5,617.0,0,sim,pessoal,60,10600.0,0
E03673,26.0,2290.0,0.6,408.0,2,nao,pessoal,36,8500.0,1
E03674,30.0,5820.0,5.2,563.0,2,nao,reforma,36,4800.0,1
E03675,50.0,3740.0,10.9,707.0,2,nao,educacao,36,22300.0,0
E03676,49.0,7620.0,,516.0,3,sim,pessoal,60,34900.0,0
E03677,50.0,1770.0,8.1,791.0,0,nao,educacao,60,7700.0,0
E03678,26.0,10060.0,3.8,555.0,0,sim,pessoal,36,23200.0,1
E03679,52.0,3880.0,4.3,592.0,2,sim,pessoal,12,12000.0,0
E03680,35.0,2520.0,5.2,525.0,2,nao,veiculo,60,10200.0,0
E03681,35.0,3580.0,14.7,832.0,3,nao,pessoal,60,15000.0,0
E03682,29.0,2520.0,4.8,415.0,2,nao,negocio,36,2100.0,1
E03683,23.0,3560.0,1.1,673.0,0,nao,negocio,12,4100.0,0
E03684,28.0,7850.0,1.8,621.0,0,sim,pessoal,36,27600.0,0
E03685,29.0,3450.0,5.6,821.0,0,nao,reforma,36,9000.0,0
E03686,34.0,4490.0,2.9,591.0,1,nao,pessoal,24,4900.0,0
E03687,51.0,,3.7,616.0,2,sim,pessoal,48,4600.0,0
E03688,50.0,3640.0,,582.0,1,sim,educacao,24,11000.0,1
E03689,50.0,,4.2,646.0,0,nao,negocio,60,19700.0,0
E03690,34.0,1970.0,5.7,717.0,0,nao,pessoal,36,4300.0,1
E03691,34.0,12370.0,1.8,631.0,0,nao,educacao,36,40600.0,1
E03692,52.0,5130.0,5.8,532.0,2,sim,pessoal,12,11500.0,1
E03693,22.0,12220.0,4.4,595.0,0,sim,pessoal,60,40700.0,0
E03694,18.0,,7.4,699.0,2,sim,negocio,36,19200.0,0
E03695,25.0,1440.0,10.5,715.0,1,nao,pessoal,24,8500.0,0
E03696,43.0,5230.0,12.7,840.0,0,sim,veiculo,36,10200.0,0
E03697,39.0,4140.0,3.0,593.0,0,nao,reforma,48,11800.0,1
E03698,25.0,3620.0,2.4,643.0,0,sim,negocio,24,17800.0,0
E03699,42.0,3460.0,1.2,679.0,0,nao,negocio,36,9000.0,1
E03700,48.0,9200.0,0.6,719.0,0,nao,pessoal,48,13100.0,0
E03701,71.0,2140.0,,712.0,0,nao,pessoal,12,10900.0,1
E03702,56.0,3570.0,11.7,492.0,0,nao,educacao,60,20300.0,0
E03703,43.0,5580.0,4.9,457.0,0,nao,pessoal,24,12500.0,0
E03704,51.0,2850.0,6.2,682.0,3,nao,pessoal,24,10000.0,1
E03705,71.0,4690.0,14.9,539.0,2,nao,pessoal,48,25900.0,1
E03706,30.0,8050.0,8.7,544.0,1,nao,pessoal,24,11300.0,0
E03707,23.0,,14.2,604.0,0,nao,educacao,24,11500.0,0
E03708,54.0,1310.0,0.9,440.0,0,sim,pessoal,36,3500.0,1
E03709,38.0,2650.0,4.8,609.0,0,nao,negocio,48,12600.0,0
E03710,27.0,2470.0,,599.0,2,sim,pessoal,24,7800.0,0
E03711,39.0,6160.0,0.2,590.0,2,nao,educacao,60,27500.0,0
E03712,30.0,,1.8,504.0,1,sim,pessoal,24,17600.0,0
E03713,27.0,4300.0,1.9,818.0,1,nao,pessoal,60,4300.0,0
E03714,48.0,3000.0,8.2,779.0,1,sim,negocio,48,15100.0,0
E03715,33.0,3840.0,0.7,824.0,2,sim,veiculo,24,19000.0,0
E03716,22.0,12300.0,,518.0,0,nao,negocio,48,23700.0,0
E03717,41.0,16920.0,3.1,688.0,1,nao,veiculo,12,33000.0,1
E03718,35.0,4930.0,10.7,882.0,0,sim,pessoal,24,25800.0,0
E03719,45.0,2290.0,6.3,661.0,4,sim,pessoal,36,6100.0,0
E03720,37.0,4800.0,6.8,672.0,0,sim,reforma,48,22200.0,0
E03721,33.0,10510.0,2.9,625.0,1,nao,veiculo,36,43700.0,0
E03722,55.0,4900.0,3.9,635.0,5,nao,veiculo,48,19400.0,1
E03723,26.0,1540.0,2.6,848.0,1,nao,pessoal,24,3400.0,0
E03724,53.0,3800.0,1.6,469.0,2,nao,pessoal,24,6900.0,1
E03725,41.0,1910.0,12.3,615.0,2,nao,pessoal,24,3600.0,0
E03726,52.0,2370.0,1.5,734.0,1,sim,pessoal,60,10600.0,0
E03727,40.0,3900.0,3.8,571.0,0,nao,veiculo,24,11500.0,0
E03728,44.0,2540.0,4.2,711.0,2,nao,educacao,24,14700.0,0
E03729,44.0,5590.0,4.2,670.0,1,nao,pessoal,24,27600.0,0
E03730,57.0,7440.0,1.9,760.0,0,nao,pessoal,12,21600.0,0
E03731,44.0,1960.0,4.6,602.0,1,nao,reforma,24,11700.0,1
E03732,25.0,7500.0,5.6,596.0,0,sim,pessoal,24,5300.0,0
E03733,43.0,6980.0,12.8,659.0,1,nao,pessoal,24,32800.0,0
E03734,53.0,4420.0,5.9,634.0,3,nao,educacao,36,16600.0,0
E03735,54.0,5100.0,4.6,662.0,2,nao,veiculo,48,24600.0,0
E03736,36.0,6050.0,5.5,708.0,1,nao,pessoal,60,26000.0,0
E03737,33.0,7830.0,1.0,664.0,0,sim,educacao,24,43300.0,0
E03738,26.0,1530.0,3.6,607.0,5,sim,pessoal,60,4800.0,1
E03739,51.0,,2.8,526.0,1,nao,reforma,48,29500.0,0
E03740,49.0,8230.0,9.1,673.0,2,nao,pessoal,24,31600.0,0
E03741,58.0,4800.0,20.0,507.0,1,sim,educacao,36,22300.0,0
E03742,33.0,6990.0,1.7,700.0,0,nao,veiculo,12,5700.0,0
E03743,43.0,1300.0,7.2,613.0,3,nao,pessoal,60,2700.0,1
E03744,38.0,7020.0,18.5,603.0,2,sim,reforma,48,11600.0,1
E03745,34.0,2040.0,9.8,581.0,0,sim,pessoal,60,6500.0,0
E03746,40.0,7600.0,2.0,658.0,2,nao,pessoal,12,21700.0,1
E03747,26.0,13770.0,13.0,619.0,2,sim,veiculo,24,10100.0,0
E03748,49.0,11490.0,0.8,602.0,0,nao,pessoal,36,15300.0,0
E03749,52.0,10820.0,,689.0,0,nao,pessoal,24,17700.0,0
E03750,48.0,3670.0,4.4,604.0,1,sim,veiculo,48,9000.0,0
E03751,40.0,8270.0,5.5,681.0,0,sim,veiculo,24,15700.0,0
E03752,51.0,3690.0,9.7,758.0,1,nao,pessoal,24,5500.0,0
E03753,35.0,10020.0,19.3,642.0,0,sim,negocio,24,13100.0,0
E03754,23.0,5660.0,5.7,643.0,4,nao,educacao,48,22500.0,0
E03755,36.0,1300.0,23.3,416.0,0,sim,pessoal,24,1000.0,0
E03756,33.0,6960.0,4.3,703.0,1,nao,pessoal,60,23300.0,1
E03757,69.0,1680.0,6.2,446.0,1,sim,pessoal,36,4400.0,1
E03758,50.0,13030.0,0.5,679.0,5,sim,pessoal,12,54900.0,1
E03759,40.0,6930.0,,596.0,2,sim,negocio,24,31500.0,0
E03760,54.0,3890.0,8.1,613.0,1,nao,pessoal,60,12900.0,0
E03761,48.0,12210.0,5.6,521.0,1,nao,educacao,24,38200.0,0
E03762,41.0,4840.0,6.1,552.0,1,nao,pessoal,12,2900.0,1
E03763,38.0,2460.0,0.4,394.0,0,nao,negocio,12,8900.0,1
E03764,30.0,4960.0,5.1,761.0,0,sim,reforma,12,23800.0,0
E03765,45.0,11930.0,1.7,624.0,1,nao,pessoal,24,62300.0,1
E03766,51.0,5600.0,8.4,589.0,1,sim,reforma,24,30400.0,0
E03767,24.0,1340.0,4.4,396.0,1,nao,negocio,12,6700.0,1
E03768,46.0,5060.0,1.9,592.0,0,nao,veiculo,36,10300.0,0
E03769,45.0,5590.0,5.3,506.0,0,nao,negocio,48,19700.0,0
E03770,31.0,4580.0,0.6,396.0,1,nao,pessoal,12,13600.0,0
E03771,40.0,1300.0,,687.0,0,nao,reforma,36,1300.0,0
E03772,23.0,2640.0,8.1,578.0,0,nao,pessoal,60,15500.0,0
E03773,43.0,5720.0,13.1,923.0,2,sim,pessoal,12,32900.0,0
E03774,46.0,10770.0,6.6,621.0,0,sim,veiculo,36,41000.0,0
E03775,49.0,2430.0,6.3,595.0,1,nao,pessoal,36,10500.0,0
E03776,45.0,2590.0,6.0,815.0,0,nao,pessoal,24,11400.0,0
E03777,53.0,2490.0,1.3,599.0,3,nao,pessoal,24,7500.0,0
E03778,32.0,5990.0,3.6,644.0,1,sim,veiculo,48,13700.0,1
E03779,49.0,6000.0,0.3,782.0,0,nao,reforma,36,31300.0,0
E03780,36.0,6020.0,8.2,656.0,1,nao,reforma,36,22400.0,0
E03781,30.0,3240.0,2.9,601.0,0,sim,veiculo,36,8600.0,0
E03782,34.0,2890.0,9.3,783.0,0,nao,pessoal,48,3600.0,0
E03783,27.0,5970.0,2.7,743.0,1,sim,veiculo,36,13600.0,0
E03784,44.0,9830.0,1.6,875.0,0,sim,veiculo,24,15200.0,0
E03785,27.0,4900.0,4.1,756.0,0,nao,pessoal,48,11200.0,0
E03786,50.0,5440.0,2.2,650.0,1,nao,negocio,60,29000.0,0
E03787,45.0,2540.0,13.4,651.0,1,nao,pessoal,12,12300.0,0
E03788,46.0,2160.0,5.8,638.0,0,nao,pessoal,36,5500.0,0
E03789,37.0,,2.5,541.0,2,sim,pessoal,36,20200.0,1
E03790,18.0,3310.0,6.9,669.0,0,sim,pessoal,60,8700.0,0
E03791,36.0,4230.0,3.4,779.0,1,sim,pessoal,36,12300.0,1
E03792,41.0,6940.0,4.5,758.0,0,sim,pessoal,24,37300.0,0
E03793,35.0,5690.0,3.1,561.0,2,sim,pessoal,36,7900.0,0
E03794,50.0,,4.7,571.0,3,nao,pessoal,48,5600.0,0
E03795,36.0,6550.0,4.0,747.0,1,sim,veiculo,24,33800.0,0
E03796,47.0,7600.0,4.1,562.0,2,sim,veiculo,60,34700.0,0
E03797,31.0,9980.0,0.6,552.0,0,nao,pessoal,36,53000.0,0
E03798,51.0,3600.0,4.0,551.0,1,nao,veiculo,24,15600.0,0
E03799,55.0,3830.0,3.8,619.0,2,sim,veiculo,60,15800.0,1
E03800,32.0,2420.0,6.4,775.0,2,sim,negocio,48,7900.0,0
E03801,52.0,6860.0,11.5,641.0,1,sim,pessoal,24,16200.0,1
E03802,43.0,7270.0,,596.0,1,sim,veiculo,36,42000.0,0
E03803,28.0,4550.0,1.1,780.0,1,sim,pessoal,24,8000.0,0
E03804,42.0,11040.0,7.0,574.0,1,nao,negocio,24,29300.0,0
E03805,46.0,5320.0,6.5,539.0,0,nao,educacao,60,31600.0,0
E03806,20.0,2680.0,9.2,612.0,2,nao,negocio,24,7700.0,0
E03807,32.0,4650.0,1.4,610.0,1,sim,pessoal,24,18500.0,0
E03808,43.0,3790.0,5.2,674.0,0,sim,reforma,48,19500.0,0
E03809,25.0,5810.0,12.5,880.0,1,nao,negocio,48,7800.0,0
E03810,21.0,19990.0,1.4,520.0,3,sim,pessoal,24,16200.0,0
E03811,52.0,10510.0,4.4,608.0,2,nao,veiculo,12,13300.0,0
E03812,64.0,8500.0,2.8,720.0,1,nao,veiculo,60,47000.0,0
E03813,48.0,1890.0,6.1,734.0,0,nao,veiculo,36,9900.0,0
E03814,38.0,9840.0,6.4,867.0,2,sim,veiculo,36,26500.0,0
E03815,34.0,6680.0,4.5,752.0,1,nao,pessoal,36,32000.0,0
E03816,51.0,10000.0,1.0,604.0,1,sim,educacao,36,15600.0,0
E03817,34.0,,6.5,623.0,0,nao,pessoal,48,3700.0,0
E03818,57.0,2770.0,4.5,550.0,0,nao,pessoal,24,12700.0,0
E03819,45.0,6420.0,0.3,631.0,1,sim,pessoal,36,12900.0,0
E03820,49.0,1630.0,8.0,712.0,1,nao,reforma,24,2900.0,0
E03821,48.0,10620.0,10.2,639.0,0,sim,veiculo,24,54000.0,0
E03822,32.0,6160.0,14.9,627.0,2,sim,pessoal,12,19600.0,1
E03823,55.0,4680.0,4.5,715.0,3,sim,veiculo,12,6900.0,0
E03824,47.0,2520.0,1.0,742.0,1,sim,veiculo,48,3000.0,0
E03825,25.0,2850.0,7.4,727.0,1,sim,negocio,48,4600.0,0
E03826,27.0,2180.0,4.0,760.0,0,nao,pessoal,60,5300.0,0
E03827,18.0,,3.5,669.0,1,nao,pessoal,48,9900.0,0
E03828,39.0,7240.0,15.5,531.0,1,sim,pessoal,36,17900.0,0
E03829,38.0,3430.0,9.4,590.0,2,nao,veiculo,12,9200.0,0
E03830,52.0,7290.0,10.8,605.0,0,nao,reforma,60,38700.0,0
E03831,61.0,1870.0,1.2,659.0,1,nao,pessoal,24,5000.0,0
E03832,47.0,1430.0,6.6,756.0,0,nao,pessoal,36,8400.0,0
E03833,19.0,8530.0,15.3,669.0,2,sim,pessoal,60,46700.0,0
E03834,48.0,2830.0,7.2,531.0,0,nao,veiculo,24,15500.0,1
E03835,34.0,3830.0,4.6,723.0,2,nao,pessoal,36,15600.0,0
E03836,42.0,2510.0,,683.0,0,sim,negocio,24,4400.0,0
E03837,57.0,4940.0,15.5,690.0,1,nao,veiculo,12,28800.0,0
E03838,31.0,11690.0,4.1,889.0,2,nao,pessoal,24,47500.0,0
E03839,23.0,2650.0,1.2,909.0,0,nao,veiculo,24,12300.0,0
E03840,40.0,1640.0,4.1,704.0,2,nao,educacao,60,6600.0,0
E03841,22.0,2090.0,9.1,623.0,1,nao,veiculo,24,9900.0,0
E03842,39.0,4330.0,3.0,729.0,1,sim,negocio,60,4900.0,0
E03843,41.0,2070.0,0.2,378.0,2,nao,veiculo,36,1100.0,0
E03844,19.0,2490.0,5.7,487.0,1,sim,veiculo,36,13400.0,1
E03845,32.0,1300.0,20.9,778.0,1,nao,pessoal,12,1800.0,0
E03846,52.0,4990.0,0.2,581.0,0,nao,negocio,48,17600.0,0
E03847,57.0,6600.0,2.4,580.0,0,nao,negocio,12,31900.0,1
E03848,55.0,2470.0,2.3,760.0,0,sim,negocio,60,8000.0,0
E03849,54.0,2770.0,8.0,666.0,1,nao,negocio,24,5400.0,0
E03850,43.0,4720.0,1.9,649.0,3,sim,negocio,12,16000.0,1
E03851,21.0,5800.0,3.0,683.0,0,nao,veiculo,36,25700.0,1
E03852,50.0,4380.0,1.5,734.0,3,nao,reforma,12,2400.0,0
E03853,38.0,4460.0,6.1,816.0,3,nao,pessoal,12,11900.0,0
E03854,18.0,3360.0,9.3,488.0,0,sim,veiculo,60,15600.0,1
E03855,44.0,6180.0,1.0,700.0,3,nao,negocio,36,8700.0,0
E03856,39.0,5540.0,,792.0,1,nao,veiculo,36,13700.0,0
E03857,41.0,2500.0,6.6,409.0,3,nao,pessoal,12,9900.0,1
E03858,30.0,3360.0,5.4,712.0,0,sim,reforma,36,5700.0,0
E03859,30.0,5920.0,2.3,632.0,1,nao,reforma,48,15500.0,1
E03860,42.0,5860.0,8.1,497.0,0,sim,pessoal,36,24900.0,0
E03861,37.0,2280.0,3.6,610.0,0,sim,veiculo,60,13600.0,0
E03862,37.0,4070.0,3.1,846.0,0,nao,veiculo,48,17900.0,0
E03863,28.0,3280.0,6.3,435.0,3,nao,educacao,48,11800.0,1
E03864,25.0,1360.0,8.9,727.0,0,nao,pessoal,36,4900.0,0
E03865,31.0,10660.0,16.1,524.0,1,nao,negocio,36,23600.0,1
E03866,49.0,,0.9,872.0,0,sim,pessoal,12,13500.0,0
E03867,48.0,2590.0,3.9,949.0,1,nao,reforma,24,8900.0,0
E03868,19.0,4080.0,14.2,547.0,1,nao,veiculo,24,20700.0,0
E03869,40.0,3190.0,3.2,630.0,2,nao,veiculo,60,10400.0,1
E03870,33.0,9390.0,2.6,727.0,0,sim,negocio,36,49800.0,0
E03871,64.0,8350.0,,783.0,2,nao,veiculo,48,42200.0,0
E03872,31.0,4120.0,7.3,703.0,1,nao,reforma,24,11200.0,0
E03873,29.0,7240.0,2.6,478.0,2,nao,pessoal,24,21500.0,1
E03874,30.0,4250.0,13.7,539.0,1,sim,negocio,24,9900.0,0
E03875,55.0,1530.0,6.1,656.0,1,nao,negocio,36,7800.0,0
E03876,19.0,4230.0,8.0,582.0,0,nao,veiculo,12,2500.0,0
E03877,27.0,3000.0,5.8,649.0,1,sim,veiculo,12,6000.0,1
E03878,41.0,2710.0,3.2,501.0,1,nao,pessoal,60,15700.0,1
E03879,46.0,5930.0,1.5,528.0,0,nao,educacao,36,15100.0,0
E03880,47.0,14600.0,2.6,503.0,1,sim,pessoal,12,37400.0,0
E03881,18.0,2640.0,1.8,708.0,1,nao,educacao,36,12300.0,0
E03882,31.0,4840.0,2.3,726.0,2,nao,pessoal,24,11800.0,0
E03883,46.0,4410.0,,641.0,2,nao,pessoal,24,8500.0,0
E03884,30.0,13480.0,12.5,453.0,1,nao,negocio,12,52300.0,1
E03885,26.0,3230.0,8.4,670.0,1,sim,reforma,36,11600.0,0
E03886,48.0,11710.0,13.4,632.0,3,sim,veiculo,48,51800.0,1
E03887,54.0,1390.0,0.1,786.0,1,nao,veiculo,48,6100.0,0
E03888,33.0,2860.0,3.5,633.0,3,nao,veiculo,12,16600.0,1
E03889,36.0,7000.0,2.2,528.0,0,sim,reforma,60,8100.0,0
E03890,29.0,1300.0,18.3,649.0,1,sim,pessoal,36,6800.0,0
E03891,49.0,3550.0,7.5,572.0,2,nao,veiculo,36,7900.0,0
E03892,62.0,,6.0,576.0,0,nao,reforma,48,2800.0,0
E03893,41.0,1840.0,1.7,589.0,3,nao,veiculo,36,6100.0,0
E03894,38.0,11740.0,7.2,601.0,2,nao,educacao,60,63400.0,1
E03895,39.0,7650.0,8.7,608.0,1,nao,negocio,36,43600.0,1
E03896,41.0,4640.0,0.3,588.0,0,nao,veiculo,24,16600.0,1
E03897,18.0,8970.0,11.1,724.0,0,nao,educacao,36,15800.0,0
E03898,20.0,5610.0,2.0,506.0,1,nao,negocio,12,10700.0,0
E03899,56.0,7500.0,2.8,649.0,2,sim,reforma,24,30000.0,0
E03900,62.0,4980.0,2.2,575.0,1,nao,veiculo,24,24000.0,0
E03901,35.0,3300.0,5.8,571.0,0,nao,pessoal,12,4200.0,1
E03902,30.0,2730.0,4.8,735.0,1,nao,negocio,48,2800.0,1
E03903,54.0,3650.0,4.3,731.0,1,nao,negocio,24,17500.0,0
E03904,51.0,1570.0,0.5,672.0,2,sim,pessoal,36,2200.0,0
E03905,51.0,4500.0,1.6,745.0,0,nao,pessoal,24,16200.0,0
E03906,25.0,10430.0,6.4,830.0,0,nao,veiculo,48,11300.0,1
E03907,21.0,2510.0,6.0,724.0,1,nao,educacao,60,9100.0,0
E03908,22.0,3910.0,6.6,656.0,0,nao,veiculo,24,15400.0,0
E03909,34.0,1300.0,0.5,743.0,0,nao,reforma,48,6100.0,0
E03910,34.0,4420.0,4.9,515.0,0,nao,pessoal,36,18900.0,0
E03911,44.0,24640.0,11.4,576.0,1,sim,pessoal,24,89600.0,0
E03912,54.0,4660.0,2.4,635.0,1,nao,pessoal,36,27800.0,0
E03913,25.0,7580.0,1.7,663.0,0,nao,negocio,48,9600.0,0
E03914,50.0,3130.0,0.3,506.0,0,nao,pessoal,48,7900.0,0
E03915,53.0,6020.0,8.8,468.0,1,nao,pessoal,36,4800.0,0
E03916,72.0,2890.0,3.1,611.0,0,sim,educacao,24,16800.0,1
E03917,42.0,4760.0,7.9,680.0,0,nao,pessoal,60,19000.0,0
E03918,40.0,1520.0,0.3,811.0,1,nao,reforma,48,8200.0,0
E03919,37.0,8230.0,4.6,634.0,1,nao,pessoal,12,13700.0,0
E03920,42.0,5650.0,10.5,685.0,1,nao,veiculo,12,3200.0,0
E03921,66.0,,4.6,640.0,0,sim,veiculo,48,15600.0,0
E03922,50.0,3250.0,5.9,913.0,2,sim,pessoal,24,5100.0,0
E03923,42.0,5600.0,1.8,688.0,0,nao,pessoal,36,19900.0,0
E03924,20.0,10130.0,1.9,529.0,2,sim,pessoal,48,31100.0,0
E03925,45.0,2670.0,8.8,695.0,2,sim,reforma,60,3100.0,0
E03926,27.0,6620.0,5.0,653.0,1,nao,veiculo,24,25400.0,0
E03927,56.0,4170.0,6.5,608.0,2,sim,negocio,24,20900.0,1
E03928,37.0,10690.0,14.3,566.0,3,nao,negocio,12,39600.0,1
E03929,18.0,2720.0,14.7,645.0,1,nao,veiculo,36,10500.0,1
E03930,24.0,3060.0,5.9,598.0,1,nao,veiculo,24,3300.0,1
E03931,32.0,7560.0,0.8,596.0,1,nao,veiculo,36,15000.0,0
E03932,39.0,3810.0,4.9,674.0,1,nao,pessoal,12,21100.0,1
E03933,36.0,5650.0,2.9,702.0,2,sim,pessoal,36,26400.0,0
E03934,35.0,6630.0,3.5,624.0,0,nao,pessoal,12,35200.0,0
E03935,60.0,4770.0,4.5,587.0,1,sim,pessoal,36,18600.0,0
E03936,34.0,1500.0,12.0,594.0,2,sim,reforma,24,8000.0,0
E03937,32.0,6260.0,5.0,711.0,0,sim,reforma,12,28700.0,0
E03938,40.0,2830.0,,656.0,0,nao,pessoal,36,2500.0,0
E03939,35.0,1710.0,5.4,555.0,0,nao,negocio,12,8500.0,1
E03940,42.0,11910.0,5.0,409.0,1,sim,veiculo,24,28800.0,0
E03941,28.0,8440.0,7.9,742.0,1,sim,pessoal,36,30400.0,0
E03942,42.0,2040.0,3.1,526.0,2,nao,pessoal,24,3600.0,0
E03943,18.0,1300.0,3.0,503.0,0,nao,pessoal,48,2600.0,0
E03944,29.0,3640.0,1.2,704.0,1,nao,reforma,12,3500.0,1
E03945,34.0,11470.0,12.1,467.0,0,sim,negocio,12,23000.0,1
E03946,34.0,2330.0,1.5,566.0,1,nao,pessoal,36,8500.0,1
E03947,40.0,3210.0,8.1,731.0,0,nao,veiculo,36,3400.0,1
E03948,28.0,2180.0,4.1,690.0,0,nao,veiculo,24,5200.0,0
E03949,39.0,5110.0,0.9,595.0,0,sim,reforma,12,15300.0,0
E03950,44.0,3940.0,2.7,598.0,1,nao,veiculo,36,7500.0,0
E03951,36.0,2620.0,4.9,551.0,1,sim,negocio,48,10900.0,0
E03952,41.0,1710.0,14.6,595.0,0,sim,reforma,36,5200.0,0
E03953,35.0,,7.2,593.0,1,sim,pessoal,60,24300.0,1
E03954,38.0,7030.0,21.8,632.0,2,nao,veiculo,60,40900.0,0
E03955,35.0,2980.0,13.0,734.0,1,nao,negocio,48,17100.0,0
E03956,72.0,6160.0,13.3,686.0,1,sim,veiculo,24,31100.0,0
E03957,40.0,4030.0,3.6,629.0,0,nao,pessoal,60,12100.0,1
E03958,27.0,14000.0,1.1,578.0,4,nao,negocio,24,59100.0,1
E03959,36.0,9540.0,0.4,725.0,2,nao,veiculo,36,35000.0,0
E03960,24.0,5450.0,9.1,758.0,1,sim,veiculo,60,32600.0,0
E03961,18.0,4410.0,2.5,643.0,0,sim,negocio,48,6400.0,1
E03962,41.0,4490.0,1.4,691.0,0,nao,negocio,24,18200.0,0
E03963,52.0,4220.0,2.7,378.0,2,nao,negocio,24,16500.0,1
E03964,46.0,3950.0,13.6,567.0,2,nao,negocio,24,18200.0,0
E03965,41.0,1440.0,13.1,483.0,0,nao,educacao,24,1700.0,0
E03966,50.0,11940.0,,658.0,0,nao,pessoal,36,15600.0,0
E03967,34.0,2070.0,4.1,510.0,1,nao,pessoal,48,11400.0,0
E03968,18.0,9330.0,5.8,963.0,0,nao,pessoal,48,23400.0,0
E03969,46.0,2150.0,1.0,723.0,1,sim,educacao,24,11100.0,1
E03970,36.0,3240.0,9.0,674.0,2,nao,negocio,36,5400.0,0
E03971,46.0,4450.0,3.9,582.0,0,sim,pessoal,60,3700.0,0
E03972,46.0,4460.0,8.8,591.0,1,nao,pessoal,36,12000.0,0
E03973,40.0,1690.0,3.0,668.0,0,sim,pessoal,60,2200.0,0
E03974,42.0,6980.0,5.9,865.0,2,sim,veiculo,24,40700.0,0
E03975,46.0,2990.0,12.1,724.0,0,sim,veiculo,60,6900.0,0
E03976,36.0,5900.0,2.0,700.0,0,nao,negocio,60,17300.0,0
E03977,49.0,13300.0,6.9,611.0,0,sim,pessoal,60,60000.0,0
E03978,67.0,4110.0,4.4,422.0,1,sim,pessoal,60,7900.0,0
E03979,42.0,4780.0,4.1,591.0,0,nao,pessoal,24,5200.0,0
E03980,44.0,2130.0,1.6,587.0,1,sim,pessoal,36,6700.0,0
E03981,56.0,4290.0,3.6,616.0,1,nao,pessoal,48,16600.0,0
E03982,53.0,2050.0,14.0,631.0,4,nao,pessoal,48,2100.0,0
E03983,39.0,3770.0,8.6,654.0,0,sim,negocio,24,11300.0,0
E03984,19.0,5140.0,7.7,552.0,0,sim,veiculo,60,13100.0,0
E03985,29.0,1980.0,6.0,739.0,0,sim,veiculo,24,5900.0,0
E03986,43.0,2430.0,2.4,815.0,1,nao,veiculo,60,5500.0,0
E03987,35.0,6150.0,2.8,602.0,2,sim,negocio,24,4900.0,0
E03988,30.0,3610.0,2.0,653.0,0,nao,reforma,48,10900.0,0
E03989,44.0,3620.0,2.5,520.0,0,sim,veiculo,36,3500.0,0
E03990,32.0,9430.0,0.9,510.0,2,sim,pessoal,24,19100.0,1
E03991,56.0,2080.0,9.0,778.0,2,sim,veiculo,24,2500.0,0
E03992,31.0,1860.0,5.1,735.0,0,nao,negocio,12,1200.0,0
E03993,40.0,4990.0,2.6,642.0,0,sim,negocio,36,6900.0,0
E03994,36.0,15050.0,6.0,682.0,1,nao,veiculo,24,86300.0,0
E03995,35.0,5870.0,4.7,691.0,1,sim,pessoal,48,3800.0,0
E03996,43.0,4000.0,4.2,517.0,0,sim,negocio,12,22800.0,1
E03997,18.0,4960.0,20.4,484.0,1,nao,reforma,24,12100.0,1
E03998,40.0,3260.0,4.2,458.0,1,nao,pessoal,24,4500.0,0
E03999,50.0,8620.0,5.8,668.0,0,sim,negocio,48,12900.0,0
E04000,50.0,2530.0,12.8,772.0,2,sim,pessoal,12,4600.0,0
E04001,46.0,3430.0,3.4,698.0,2,sim,pessoal,24,10300.0,1
E04002,46.0,,1.6,563.0,2,sim,pessoal,48,16400.0,0
E04003,46.0,4510.0,5.3,419.0,0,nao,educacao,60,14100.0,0
E04004,56.0,6570.0,8.4,737.0,0,sim,veiculo,12,11100.0,0
E04005,43.0,2380.0,5.1,646.0,1,nao,veiculo,24,11900.0,0
E04006,38.0,2800.0,3.9,630.0,1,sim,pessoal,60,15900.0,0
E04007,31.0,4270.0,7.5,665.0,3,sim,negocio,36,24200.0,1
E04008,37.0,4640.0,13.5,561.0,2,sim,educacao,48,16900.0,0
E04009,47.0,,5.2,589.0,2,sim,veiculo,24,15200.0,0
E04010,49.0,1780.0,5.1,588.0,0,nao,pessoal,60,1800.0,0
E04011,34.0,5140.0,8.0,696.0,1,nao,educacao,60,17600.0,0
E04012,34.0,4490.0,17.6,558.0,0,nao,educacao,12,6400.0,0
E04013,46.0,7790.0,3.9,592.0,1,nao,reforma,36,35400.0,0
E04014,55.0,1520.0,9.9,568.0,0,nao,reforma,60,7500.0,0
E04015,67.0,2150.0,1.0,558.0,2,nao,pessoal,24,4700.0,1
E04016,47.0,2730.0,6.4,598.0,0,nao,veiculo,24,16200.0,0
E04017,34.0,1300.0,1.8,642.0,1,sim,veiculo,24,6200.0,0
E04018,29.0,5670.0,,701.0,1,nao,pessoal,60,14000.0,0
E04019,60.0,2890.0,3.5,751.0,1,sim,negocio,60,14800.0,0
E04020,44.0,2970.0,10.4,944.0,4,sim,reforma,24,5200.0,0
E04021,36.0,4160.0,1.3,749.0,1,sim,educacao,36,21900.0,0
E04022,34.0,2030.0,3.6,722.0,0,nao,reforma,12,9500.0,0
E04023,58.0,3260.0,4.5,618.0,0,sim,pessoal,36,14000.0,0
E04024,37.0,6970.0,4.3,749.0,4,nao,veiculo,48,21900.0,0
E04025,55.0,1490.0,0.6,820.0,1,sim,veiculo,12,7300.0,0
E04026,49.0,2470.0,5.2,678.0,0,nao,reforma,48,11900.0,0
E04027,37.0,5180.0,0.8,645.0,2,sim,veiculo,36,9500.0,0
E04028,61.0,12080.0,3.5,702.0,0,sim,pessoal,12,44400.0,0
E04029,40.0,6920.0,5.0,824.0,2,sim,pessoal,24,24900.0,0
E04030,35.0,4390.0,2.1,565.0,0,sim,veiculo,24,23800.0,0
E04031,57.0,11360.0,4.6,799.0,1,nao,pessoal,24,61800.0,0
E04032,50.0,2450.0,5.0,721.0,4,nao,veiculo,24,4000.0,0
E04033,35.0,7750.0,4.8,577.0,0,sim,negocio,24,42200.0,1
E04034,50.0,5710.0,2.7,614.0,1,nao,pessoal,24,25500.0,0
E04035,53.0,,4.9,678.0,1,sim,educacao,48,30500.0,0
E04036,48.0,14400.0,1.9,567.0,0,nao,negocio,36,80800.0,1
E04037,34.0,2790.0,1.3,788.0,2,nao,veiculo,36,11600.0,0
E04038,44.0,3430.0,1.3,725.0,0,sim,negocio,12,5100.0,0
E04039,27.0,3910.0,16.5,491.0,0,sim,veiculo,24,9800.0,1
E04040,36.0,8340.0,2.2,718.0,1,sim,veiculo,12,20800.0,0
E04041,36.0,1770.0,0.8,659.0,3,sim,pessoal,60,9800.0,0
E04042,50.0,8160.0,4.0,684.0,0,sim,educacao,36,28200.0,0
E04043,51.0,1300.0,4.9,721.0,1,nao,pessoal,24,1800.0,0
E04044,24.0,5350.0,2.1,666.0,1,nao,reforma,24,7800.0,0
E04045,45.0,,4.0,690.0,3,nao,pessoal,24,6900.0,1
E04046,39.0,3480.0,0.7,574.0,0,nao,veiculo,24,2800.0,0
E04047,45.0,3180.0,,808.0,0,nao,educacao,36,14500.0,0
E04048,59.0,4790.0,1.6,711.0,1,sim,educacao,12,3300.0,0
E04049,35.0,,11.8,519.0,1,sim,reforma,48,24700.0,1
E04050,37.0,9430.0,2.3,715.0,1,nao,veiculo,36,32400.0,0
E04051,49.0,1970.0,5.7,450.0,1,nao,pessoal,24,3400.0,0
E04052,41.0,4330.0,5.5,472.0,1,nao,negocio,24,11800.0,1
E04053,22.0,4770.0,2.7,809.0,2,nao,negocio,48,3500.0,0
E04054,61.0,3340.0,6.5,802.0,1,nao,negocio,24,18700.0,0
E04055,43.0,4340.0,13.0,622.0,1,nao,pessoal,24,7600.0,0
E04056,52.0,3580.0,3.6,697.0,0,nao,reforma,36,14300.0,0
E04057,35.0,10570.0,3.9,681.0,0,sim,pessoal,60,50700.0,0
E04058,24.0,6650.0,6.1,624.0,2,nao,negocio,12,25100.0,1
E04059,39.0,5800.0,7.4,548.0,4,sim,reforma,60,32700.0,1
E04060,43.0,16040.0,7.1,496.0,1,nao,educacao,24,81900.0,1
E04061,55.0,3760.0,13.3,743.0,0,nao,negocio,60,10100.0,0
E04062,35.0,6640.0,2.6,607.0,1,sim,pessoal,12,34900.0,1
E04063,52.0,2780.0,5.5,452.0,0,nao,veiculo,24,8800.0,1
E04064,24.0,4060.0,2.0,612.0,0,nao,veiculo,60,24100.0,1
E04065,36.0,3440.0,3.6,611.0,1,nao,pessoal,24,19800.0,0
E04066,43.0,4360.0,5.1,921.0,1,nao,pessoal,24,5500.0,0
E04067,27.0,6550.0,,586.0,2,nao,pessoal,24,21300.0,1
E04068,59.0,4100.0,6.1,668.0,0,nao,reforma,24,3700.0,0
E04069,38.0,5110.0,8.1,670.0,1,sim,pessoal,24,18900.0,0
E04070,32.0,2850.0,1.5,648.0,1,sim,pessoal,36,9700.0,0
E04071,28.0,2100.0,6.5,588.0,1,nao,reforma,24,10900.0,0
E04072,26.0,3750.0,1.8,661.0,0,nao,reforma,36,17200.0,0
E04073,49.0,2650.0,,564.0,1,sim,veiculo,24,14900.0,0
E04074,31.0,7660.0,,721.0,1,nao,negocio,12,6200.0,0
E04075,45.0,4970.0,5.0,642.0,0,sim,pessoal,24,17200.0,0
E04076,35.0,3460.0,4.1,558.0,2,nao,reforma,60,15700.0,0
E04077,51.0,4600.0,0.8,741.0,1,nao,pessoal,48,8100.0,0
E04078,45.0,4130.0,14.8,681.0,0,nao,negocio,60,6100.0,0
E04079,49.0,2040.0,3.2,600.0,2,nao,pessoal,24,4300.0,0
E04080,71.0,3600.0,2.8,763.0,2,sim,veiculo,36,2900.0,0
E04081,35.0,,,660.0,2,sim,reforma,24,16500.0,0
E04082,42.0,6680.0,11.0,733.0,1,nao,educacao,36,13100.0,0
E04083,43.0,1620.0,7.6,563.0,2,nao,pessoal,60,1000.0,1
E04084,45.0,3230.0,,622.0,2,nao,pessoal,36,13800.0,0
E04085,35.0,8090.0,1.1,721.0,0,nao,veiculo,48,31000.0,0
E04086,48.0,3400.0,5.7,620.0,2,sim,pessoal,36,5500.0,0
E04087,66.0,7040.0,3.4,595.0,2,sim,veiculo,24,37500.0,1
E04088,39.0,5450.0,4.9,761.0,1,sim,veiculo,36,8000.0,0
E04089,40.0,6760.0,5.3,779.0,0,nao,veiculo,60,38200.0,0
E04090,29.0,3600.0,,654.0,3,sim,pessoal,36,1900.0,0
E04091,21.0,1760.0,14.2,480.0,0,nao,negocio,24,5600.0,1
E04092,29.0,3810.0,10.9,765.0,0,sim,pessoal,36,18300.0,0
E04093,25.0,5690.0,3.8,417.0,4,sim,reforma,36,25800.0,1
E04094,26.0,8270.0,8.5,660.0,0,nao,veiculo,36,41700.0,0
E04095,32.0,2490.0,1.5,804.0,1,nao,educacao,48,11200.0,0
E04096,28.0,3450.0,0.7,567.0,0,nao,pessoal,60,15500.0,0
E04097,30.0,3340.0,6.4,716.0,2,sim,veiculo,36,11100.0,0
E04098,28.0,11330.0,1.4,497.0,5,sim,negocio,24,53200.0,1
E04099,28.0,3880.0,0.5,600.0,1,sim,veiculo,24,16800.0,0
E04100,68.0,5020.0,4.8,745.0,4,nao,reforma,48,9500.0,0
E04101,30.0,4730.0,7.8,642.0,0,nao,negocio,48,17000.0,1
E04102,33.0,1300.0,2.2,369.0,1,nao,educacao,12,1700.0,1
E04103,45.0,4980.0,4.5,595.0,0,sim,pessoal,60,16500.0,0
E04104,25.0,3860.0,4.0,454.0,1,sim,pessoal,36,6300.0,0
E04105,21.0,2230.0,6.5,620.0,0,nao,reforma,24,11500.0,0
E04106,26.0,15230.0,9.6,567.0,2,sim,pessoal,24,82500.0,0
E04107,38.0,10260.0,2.6,360.0,1,nao,pessoal,60,19600.0,1
E04108,41.0,,2.0,558.0,2,sim,veiculo,24,26900.0,1
E04109,48.0,4610.0,7.6,521.0,0,nao,negocio,48,18700.0,1
E04110,45.0,10460.0,6.3,660.0,1,nao,pessoal,24,27300.0,0
E04111,60.0,8260.0,3.6,556.0,0,nao,veiculo,12,33900.0,1
E04112,41.0,3520.0,6.2,670.0,0,nao,veiculo,60,6400.0,0
E04113,40.0,4570.0,3.5,708.0,0,nao,veiculo,48,16600.0,0
E04114,29.0,6210.0,1.7,803.0,1,sim,negocio,60,31800.0,0
E04115,40.0,2800.0,25.6,663.0,0,nao,educacao,60,4800.0,0
E04116,31.0,19370.0,1.7,695.0,1,sim,reforma,36,114100.0,0
E04117,26.0,6930.0,7.4,616.0,2,nao,pessoal,36,32600.0,1
E04118,62.0,3220.0,2.4,543.0,0,sim,reforma,24,14900.0,0
E04119,25.0,60000.0,3.0,702.0,1,nao,negocio,36,109400.0,0
E04120,62.0,3140.0,2.7,655.0,1,sim,veiculo,60,17100.0,0
E04121,54.0,7890.0,1.9,644.0,0,sim,pessoal,48,19600.0,0
E04122,39.0,3160.0,1.4,634.0,2,sim,negocio,24,9600.0,0
E04123,24.0,3200.0,7.0,610.0,1,nao,pessoal,60,5900.0,0
E04124,38.0,5500.0,3.3,573.0,0,nao,pessoal,24,20000.0,0
E04125,28.0,,8.4,636.0,1,sim,veiculo,36,17300.0,0
E04126,59.0,4360.0,4.5,545.0,1,nao,reforma,12,11000.0,1
E04127,48.0,4880.0,4.8,779.0,0,sim,educacao,60,23500.0,0
E04128,52.0,7410.0,8.6,666.0,5,sim,negocio,12,6500.0,0
E04129,37.0,8990.0,3.6,332.0,1,nao,veiculo,36,6800.0,0
E04130,39.0,,1.7,777.0,0,sim,negocio,24,68900.0,0
E04131,47.0,,9.0,790.0,1,sim,pessoal,12,21900.0,0
E04132,36.0,3650.0,1.8,620.0,3,nao,pessoal,36,5100.0,0
E04133,58.0,2870.0,2.4,599.0,1,sim,pessoal,36,16700.0,0
E04134,33.0,7260.0,3.8,774.0,4,sim,reforma,24,18500.0,0
E04135,56.0,3660.0,11.7,781.0,0,nao,pessoal,36,2800.0,0
E04136,29.0,2660.0,1.8,458.0,1,nao,veiculo,24,9100.0,1
E04137,33.0,1970.0,3.4,728.0,1,sim,negocio,36,6400.0,0
E04138,37.0,3730.0,1.6,770.0,3,nao,pessoal,36,9700.0,0
E04139,35.0,1710.0,0.7,572.0,2,nao,veiculo,12,1200.0,0
E04140,31.0,6220.0,38.4,543.0,1,nao,negocio,12,7400.0,0
E04141,18.0,2040.0,7.0,712.0,0,nao,negocio,36,3500.0,0
E04142,42.0,7080.0,3.8,863.0,1,nao,veiculo,12,22500.0,0
E04143,31.0,9520.0,8.7,795.0,2,nao,veiculo,24,28300.0,0
E04144,35.0,3790.0,,723.0,2,sim,negocio,24,18800.0,0
E04145,48.0,1300.0,3.9,628.0,0,sim,veiculo,48,2900.0,0
E04146,31.0,12660.0,6.1,646.0,1,nao,pessoal,12,16300.0,0
E04147,39.0,4320.0,14.1,636.0,1,sim,pessoal,24,18300.0,0
E04148,31.0,7000.0,4.7,610.0,1,sim,veiculo,24,27400.0,0
E04149,60.0,,3.3,570.0,1,nao,educacao,36,1500.0,1
E04150,50.0,10750.0,4.1,718.0,4,sim,negocio,60,12100.0,1
E04151,39.0,1300.0,10.4,491.0,0,nao,veiculo,24,1000.0,0
E04152,41.0,1710.0,,733.0,3,nao,veiculo,24,7500.0,0
E04153,19.0,9640.0,1.9,586.0,0,nao,pessoal,24,51200.0,0
E04154,32.0,2150.0,3.4,695.0,1,sim,reforma,60,1200.0,0
E04155,58.0,7230.0,11.6,558.0,0,sim,pessoal,24,3700.0,0
E04156,33.0,6100.0,2.3,462.0,1,nao,educacao,36,21900.0,1
E04157,38.0,6670.0,11.0,801.0,1,sim,reforma,60,24900.0,0
E04158,20.0,8950.0,1.6,749.0,0,nao,veiculo,48,52800.0,0
E04159,46.0,2220.0,8.3,604.0,0,sim,pessoal,24,7800.0,0
E04160,38.0,12260.0,1.4,867.0,0,sim,reforma,24,12700.0,0
E04161,27.0,3930.0,2.2,821.0,1,nao,negocio,24,21600.0,0
E04162,24.0,6710.0,2.5,704.0,3,sim,veiculo,36,30400.0,0
E04163,64.0,12790.0,6.1,481.0,0,sim,pessoal,24,9700.0,0
E04164,34.0,4570.0,12.2,493.0,0,nao,reforma,24,3700.0,0
E04165,32.0,19690.0,1.3,660.0,1,sim,veiculo,48,26200.0,0
E04166,49.0,1300.0,10.6,754.0,3,nao,reforma,48,2500.0,0
E04167,18.0,12900.0,7.8,829.0,0,nao,veiculo,48,14600.0,0
E04168,58.0,3230.0,2.2,669.0,3,nao,pessoal,36,19100.0,0
E04169,34.0,2050.0,3.6,731.0,0,nao,reforma,24,5900.0,0
E04170,36.0,23370.0,2.7,773.0,3,sim,pessoal,12,15200.0,0
E04171,29.0,1970.0,5.4,457.0,1,nao,reforma,60,3100.0,0
E04172,40.0,2340.0,7.5,577.0,0,sim,negocio,48,4600.0,0
E04173,31.0,7820.0,2.0,688.0,0,sim,reforma,60,6300.0,0
E04174,37.0,7410.0,0.8,705.0,0,nao,educacao,60,38600.0,0
E04175,27.0,3700.0,1.5,521.0,1,nao,veiculo,36,14600.0,1
E04176,41.0,2000.0,3.8,717.0,2,nao,reforma,60,2500.0,0
E04177,34.0,3580.0,,729.0,1,sim,veiculo,24,7100.0,0
E04178,41.0,3490.0,3.4,665.0,0,sim,veiculo,36,9400.0,1
E04179,35.0,2110.0,0.5,713.0,1,nao,reforma,24,2800.0,0
E04180,59.0,3040.0,3.4,679.0,2,sim,veiculo,36,11900.0,0
E04181,37.0,9080.0,13.9,694.0,2,sim,pessoal,36,15900.0,0
E04182,47.0,6290.0,4.7,616.0,1,sim,veiculo,24,21100.0,0
E04183,38.0,6820.0,,558.0,1,sim,negocio,24,6600.0,0
E04184,49.0,3180.0,6.4,617.0,2,nao,negocio,36,5500.0,0
E04185,32.0,2370.0,3.7,677.0,0,nao,pessoal,12,12600.0,0
E04186,35.0,11550.0,9.7,408.0,0,sim,pessoal,60,68700.0,0
E04187,40.0,2800.0,8.0,513.0,1,sim,pessoal,60,12500.0,0
E04188,18.0,2020.0,8.7,557.0,2,sim,veiculo,12,3200.0,0
E04189,44.0,5160.0,1.7,475.0,1,sim,veiculo,24,15000.0,1
E04190,30.0,4160.0,2.0,636.0,1,sim,veiculo,24,8300.0,0
E04191,35.0,2800.0,11.9,380.0,1,nao,pessoal,60,6900.0,1
E04192,50.0,2190.0,16.9,684.0,1,sim,pessoal,12,4400.0,0
E04193,39.0,2120.0,3.8,602.0,1,sim,veiculo,24,7900.0,1
E04194,33.0,5270.0,9.6,661.0,2,sim,veiculo,36,17600.0,0
E04195,42.0,2490.0,1.5,765.0,1,nao,educacao,12,9800.0,0
E04196,32.0,9740.0,5.7,726.0,3,nao,educacao,24,15600.0,0
E04197,39.0,7400.0,1.3,506.0,2,sim,pessoal,36,21800.0,0
E04198,28.0,4760.0,11.5,538.0,0,nao,pessoal,60,27500.0,0
E04199,51.0,4460.0,6.5,549.0,2,nao,pessoal,60,5100.0,1
E04200,25.0,10510.0,4.7,941.0,0,nao,negocio,60,44900.0,0
E04201,45.0,9920.0,4.6,448.0,0,nao,reforma,24,56300.0,1
E04202,18.0,9840.0,10.6,606.0,0,sim,pessoal,60,15600.0,0
E04203,39.0,8160.0,3.1,761.0,2,sim,reforma,36,17200.0,0
E04204,44.0,3580.0,4.3,631.0,0,nao,veiculo,60,16400.0,0
E04205,28.0,14240.0,3.1,609.0,0,sim,reforma,24,31900.0,0
E04206,45.0,4530.0,2.8,794.0,1,sim,pessoal,24,22500.0,0
E04207,40.0,4390.0,2.4,446.0,0,sim,veiculo,24,18600.0,1
E04208,35.0,3360.0,2.0,696.0,2,nao,educacao,36,3600.0,0
E04209,41.0,2820.0,11.9,557.0,1,sim,veiculo,12,13800.0,0
E04210,55.0,4610.0,6.7,664.0,3,sim,educacao,48,11800.0,0
E04211,43.0,2730.0,2.1,762.0,0,nao,veiculo,60,7300.0,0
E04212,26.0,3120.0,4.3,575.0,0,nao,educacao,24,4500.0,0
E04213,29.0,9500.0,6.4,627.0,0,nao,negocio,60,28200.0,0
E04214,29.0,6140.0,16.5,756.0,0,sim,negocio,12,7600.0,1
E04215,34.0,5950.0,7.6,464.0,1,nao,pessoal,36,17900.0,0
E04216,45.0,1770.0,,722.0,0,sim,pessoal,24,3300.0,0
E04217,47.0,18020.0,1.3,577.0,0,sim,educacao,24,18700.0,0
E04218,45.0,2760.0,8.4,743.0,2,sim,pessoal,24,10500.0,0
E04219,18.0,3930.0,8.4,619.0,0,nao,reforma,36,13100.0,0
E04220,44.0,4470.0,2.3,581.0,1,nao,veiculo,36,15000.0,1
E04221,35.0,5200.0,5.3,658.0,1,nao,veiculo,60,9500.0,0
E04222,47.0,4540.0,2.6,772.0,0,nao,pessoal,48,15200.0,0
E04223,53.0,3220.0,11.3,592.0,3,nao,negocio,60,5500.0,0
E04224,21.0,2620.0,9.9,585.0,1,nao,veiculo,24,8700.0,0
E04225,37.0,3130.0,8.3,770.0,0,nao,pessoal,36,8900.0,0
E04226,49.0,1300.0,0.2,629.0,1,nao,negocio,36,4600.0,0
E04227,44.0,10940.0,5.5,601.0,0,nao,educacao,36,7900.0,0
E04228,53.0,18990.0,2.9,606.0,2,nao,pessoal,60,37100.0,0
E04229,54.0,12820.0,3.7,743.0,0,nao,negocio,24,62100.0,1
E04230,36.0,7040.0,3.8,727.0,0,sim,educacao,24,12500.0,0
E04231,30.0,6670.0,5.6,535.0,2,sim,pessoal,36,34000.0,1
E04232,30.0,5170.0,11.7,578.0,3,sim,veiculo,24,16700.0,0
E04233,51.0,5030.0,6.6,739.0,2,sim,pessoal,36,8000.0,0
E04234,48.0,,24.0,694.0,0,sim,pessoal,24,15700.0,0
E04235,43.0,3020.0,6.5,364.0,3,sim,reforma,60,12900.0,1
E04236,40.0,1300.0,,664.0,2,sim,veiculo,24,3400.0,0
E04237,46.0,,1.7,623.0,0,nao,veiculo,12,5000.0,0
E04238,41.0,3870.0,0.5,756.0,2,nao,pessoal,24,12700.0,0
E04239,35.0,4620.0,9.9,815.0,0,sim,veiculo,60,27700.0,0
E04240,54.0,5880.0,3.4,600.0,0,sim,pessoal,48,22600.0,1
E04241,26.0,4910.0,4.0,928.0,1,nao,negocio,48,25600.0,0
E04242,50.0,4810.0,2.9,442.0,1,nao,negocio,48,7900.0,0
E04243,26.0,2940.0,0.6,622.0,1,sim,pessoal,24,3500.0,0
E04244,44.0,4420.0,1.3,641.0,1,nao,pessoal,24,10700.0,0
E04245,54.0,5150.0,8.7,716.0,3,nao,pessoal,48,21600.0,0
E04246,49.0,,1.6,744.0,0,nao,negocio,60,2100.0,0
E04247,41.0,3550.0,3.6,766.0,1,nao,negocio,24,9900.0,0
E04248,19.0,1390.0,9.3,724.0,3,sim,negocio,24,1300.0,0
E04249,27.0,14470.0,5.6,675.0,1,nao,negocio,60,23300.0,0
E04250,45.0,1990.0,22.7,618.0,3,sim,reforma,24,6100.0,0
E04251,36.0,6670.0,5.5,512.0,1,sim,educacao,24,15600.0,0
E04252,33.0,6290.0,8.3,610.0,1,nao,veiculo,24,11800.0,0
E04253,18.0,2610.0,6.2,622.0,1,nao,negocio,36,11600.0,1
E04254,36.0,7520.0,17.4,495.0,2,sim,veiculo,36,40900.0,0
E04255,40.0,,1.2,726.0,0,nao,veiculo,24,30100.0,0
E04256,33.0,2080.0,0.6,557.0,0,nao,veiculo,24,6900.0,1
E04257,40.0,3350.0,2.1,703.0,2,nao,veiculo,36,8400.0,0
E04258,35.0,3240.0,5.4,679.0,0,nao,reforma,36,13700.0,0
E04259,48.0,5850.0,6.6,507.0,1,nao,pessoal,48,27300.0,0
E04260,38.0,6240.0,0.8,533.0,1,sim,educacao,48,10900.0,1
E04261,37.0,3000.0,4.3,568.0,1,sim,negocio,36,12900.0,1
E04262,38.0,5840.0,8.4,586.0,2,sim,pessoal,24,19300.0,0
E04263,33.0,3660.0,1.1,799.0,1,nao,negocio,60,4200.0,0
E04264,52.0,4950.0,24.6,665.0,4,nao,reforma,48,8600.0,0
E04265,32.0,5870.0,0.9,561.0,4,sim,negocio,60,5800.0,1
E04266,48.0,6580.0,4.7,717.0,0,nao,pessoal,36,39400.0,0
E04267,30.0,3180.0,1.1,808.0,2,sim,negocio,36,7600.0,0
E04268,59.0,1740.0,16.5,584.0,0,nao,reforma,24,6000.0,0
E04269,69.0,3830.0,4.2,632.0,1,nao,pessoal,36,20500.0,0
E04270,45.0,4460.0,13.9,572.0,0,nao,veiculo,48,15600.0,0
E04271,46.0,1300.0,6.4,705.0,0,nao,negocio,12,6900.0,0
E04272,39.0,3480.0,8.3,695.0,5,sim,veiculo,48,19300.0,0
E04273,41.0,2800.0,8.5,669.0,1,nao,reforma,48,3200.0,0
E04274,30.0,2770.0,10.2,650.0,0,nao,pessoal,24,3700.0,0
E04275,28.0,2440.0,2.3,504.0,0,nao,veiculo,12,4400.0,0
E04276,45.0,5880.0,10.7,472.0,2,nao,veiculo,24,31000.0,1
E04277,30.0,1950.0,3.2,637.0,1,nao,reforma,36,8700.0,0
E04278,47.0,5880.0,2.6,514.0,0,nao,negocio,60,5400.0,1
E04279,50.0,7610.0,5.0,666.0,0,sim,negocio,60,15000.0,0
E04280,55.0,9240.0,2.0,482.0,0,sim,negocio,60,36600.0,0
E04281,29.0,4780.0,6.4,582.0,0,sim,pessoal,12,4000.0,0
E04282,27.0,8980.0,7.4,589.0,0,nao,pessoal,48,4900.0,0
E04283,47.0,3450.0,11.1,366.0,1,nao,reforma,60,11400.0,0
E04284,48.0,4110.0,4.3,543.0,0,nao,pessoal,48,19600.0,1
E04285,47.0,7000.0,4.9,669.0,1,nao,educacao,36,11300.0,0
E04286,49.0,4450.0,9.2,810.0,2,nao,veiculo,36,22300.0,0
E04287,29.0,2760.0,4.9,806.0,0,nao,pessoal,36,3100.0,0
E04288,39.0,,1.1,665.0,0,sim,veiculo,24,5900.0,0
E04289,37.0,,3.1,673.0,1,nao,veiculo,60,35800.0,0
E04290,49.0,4580.0,5.3,739.0,1,nao,negocio,60,4900.0,0
E04291,46.0,4230.0,9.2,527.0,0,sim,veiculo,36,7900.0,0
E04292,46.0,5790.0,9.3,485.0,1,sim,veiculo,60,30000.0,0
E04293,43.0,2270.0,2.9,541.0,1,nao,pessoal,24,11700.0,0
E04294,41.0,5340.0,8.4,597.0,0,nao,reforma,60,22800.0,0
E04295,36.0,4010.0,3.4,697.0,1,nao,reforma,36,6600.0,1
E04296,42.0,2210.0,2.4,509.0,0,sim,pessoal,24,12700.0,1
E04297,46.0,,2.0,687.0,1,sim,negocio,48,11100.0,0
E04298,52.0,9220.0,6.3,606.0,1,nao,reforma,48,8400.0,0
E04299,54.0,2960.0,7.4,527.0,0,nao,veiculo,24,17600.0,1
E04300,47.0,4870.0,10.2,758.0,1,nao,veiculo,24,20900.0,0
E04301,55.0,6870.0,8.1,741.0,0,sim,veiculo,24,35000.0,0
E04302,48.0,3090.0,1.2,680.0,2,nao,pessoal,12,16300.0,0
E04303,22.0,14910.0,12.3,785.0,1,sim,negocio,60,88700.0,0
E04304,50.0,7270.0,6.9,641.0,1,sim,veiculo,48,33000.0,1
E04305,28.0,3180.0,18.4,617.0,1,nao,veiculo,24,6400.0,0
E04306,57.0,4480.0,11.0,606.0,0,nao,pessoal,48,10800.0,0
E04307,18.0,1300.0,2.1,511.0,2,nao,pessoal,24,4300.0,0
E04308,18.0,5290.0,8.0,626.0,1,nao,pessoal,24,16600.0,0
E04309,60.0,18870.0,1.7,610.0,1,nao,negocio,36,20700.0,0
E04310,63.0,4560.0,5.1,567.0,0,sim,pessoal,12,7100.0,0
E04311,54.0,3100.0,0.8,533.0,0,sim,reforma,48,4400.0,0
E04312,57.0,5380.0,3.2,718.0,1,sim,veiculo,48,25300.0,0
E04313,25.0,1480.0,7.0,697.0,1,nao,pessoal,24,4000.0,0
E04314,53.0,8980.0,1.7,708.0,0,nao,veiculo,24,8200.0,0
E04315,30.0,3760.0,1.7,546.0,3,nao,pessoal,36,4400.0,0
E04316,54.0,2610.0,8.6,738.0,0,nao,veiculo,60,9400.0,0
E04317,35.0,2830.0,3.1,688.0,2,nao,reforma,60,10600.0,0
E04318,39.0,5290.0,2.6,568.0,0,nao,veiculo,12,17500.0,0
E04319,52.0,7090.0,1.2,658.0,1,nao,pessoal,24,11200.0,1
E04320,40.0,4070.0,7.9,414.0,2,sim,pessoal,24,15500.0,1
E04321,46.0,6370.0,1.9,812.0,1,nao,pessoal,48,18800.0,0
E04322,32.0,5540.0,3.4,645.0,3,nao,pessoal,48,9100.0,0
E04323,31.0,2010.0,12.1,528.0,0,nao,pessoal,60,2200.0,0
E04324,37.0,6700.0,5.5,738.0,2,sim,reforma,60,9300.0,0
E04325,27.0,5340.0,9.2,499.0,1,nao,pessoal,36,12300.0,1
E04326,48.0,3760.0,12.9,658.0,2,sim,negocio,48,16600.0,0
E04327,44.0,8450.0,1.8,685.0,0,nao,pessoal,24,43400.0,0
E04328,24.0,4060.0,,706.0,3,sim,veiculo,24,9700.0,0
E04329,58.0,6210.0,2.0,598.0,2,sim,negocio,12,16000.0,0
E04330,58.0,1880.0,8.3,613.0,2,nao,educacao,48,7000.0,1
E04331,39.0,9340.0,9.0,782.0,1,sim,veiculo,36,26200.0,0
E04332,34.0,10480.0,1.6,669.0,1,nao,veiculo,60,19600.0,0
E04333,55.0,2010.0,0.2,707.0,3,sim,pessoal,36,2400.0,0
E04334,29.0,2100.0,13.8,536.0,2,sim,negocio,36,12000.0,1
E04335,59.0,4700.0,6.9,665.0,1,sim,pessoal,36,18800.0,0
E04336,40.0,11450.0,15.3,618.0,0,sim,reforma,12,54300.0,0
E04337,56.0,8070.0,0.4,453.0,3,nao,reforma,12,28700.0,1
E04338,49.0,4260.0,1.4,576.0,0,nao,negocio,36,12100.0,0
E04339,72.0,4410.0,7.2,619.0,1,sim,pessoal,24,16500.0,0
E04340,49.0,2550.0,13.4,713.0,1,nao,negocio,24,14800.0,0
E04341,63.0,6280.0,3.8,420.0,0,nao,pessoal,12,28900.0,0
E04342,34.0,2320.0,2.8,761.0,2,nao,pessoal,48,2000.0,0
E04343,29.0,9810.0,6.2,882.0,1,nao,pessoal,36,30700.0,0
E04344,38.0,5400.0,3.3,664.0,1,nao,pessoal,60,9700.0,0
E04345,42.0,1790.0,3.6,569.0,1,sim,pessoal,36,6100.0,0
E04346,41.0,5150.0,0.2,585.0,0,nao,veiculo,24,21200.0,0
E04347,40.0,4170.0,4.6,472.0,0,nao,veiculo,12,9300.0,1
E04348,44.0,1830.0,4.2,589.0,3,nao,pessoal,48,5300.0,0
E04349,50.0,3220.0,9.6,437.0,0,nao,pessoal,36,9000.0,1
E04350,25.0,6860.0,12.8,616.0,2,sim,reforma,36,25800.0,1
E04351,38.0,5510.0,4.9,1000.0,1,nao,veiculo,48,13000.0,0
E04352,35.0,4330.0,1.0,718.0,3,nao,pessoal,24,10300.0,0
E04353,43.0,3830.0,9.9,568.0,1,sim,negocio,60,2600.0,1
E04354,39.0,2160.0,1.5,429.0,1,nao,reforma,12,6900.0,1
E04355,56.0,3650.0,13.7,590.0,0,nao,pessoal,36,7600.0,0
E04356,46.0,5400.0,1.5,736.0,1,sim,pessoal,24,9600.0,0
E04357,53.0,3380.0,2.1,641.0,0,nao,pessoal,36,13500.0,0
E04358,37.0,7030.0,9.0,709.0,0,sim,reforma,60,5700.0,0
E04359,51.0,2260.0,2.7,814.0,3,sim,veiculo,48,8400.0,0
E04360,34.0,4480.0,4.2,730.0,0,nao,negocio,12,15300.0,0
E04361,28.0,4830.0,7.1,680.0,1,nao,veiculo,12,4700.0,0
E04362,56.0,7530.0,10.2,605.0,1,sim,veiculo,12,7400.0,0
E04363,39.0,6040.0,4.0,521.0,1,nao,pessoal,36,34800.0,1
E04364,40.0,2610.0,5.8,694.0,2,sim,veiculo,36,5900.0,0
E04365,31.0,7530.0,4.4,760.0,3,nao,reforma,36,3900.0,0
E04366,29.0,3230.0,9.7,445.0,2,sim,reforma,24,11200.0,1
E04367,59.0,2870.0,1.2,758.0,2,sim,reforma,36,10900.0,0
E04368,52.0,3520.0,6.6,742.0,0,nao,veiculo,60,9600.0,0
E04369,29.0,4330.0,3.9,482.0,1,sim,pessoal,48,18300.0,1
E04370,31.0,8830.0,3.2,626.0,1,nao,veiculo,36,25000.0,0
E04371,43.0,5590.0,2.9,676.0,1,sim,negocio,60,19500.0,0
E04372,35.0,8360.0,3.0,605.0,1,nao,reforma,24,11400.0,0
E04373,31.0,6680.0,3.1,810.0,0,nao,reforma,24,39300.0,0
E04374,31.0,8360.0,0.8,783.0,1,sim,veiculo,60,28500.0,0
E04375,38.0,3790.0,9.0,586.0,1,nao,reforma,48,8100.0,0
E04376,23.0,1300.0,2.3,573.0,1,nao,veiculo,36,4600.0,0
E04377,30.0,11210.0,2.7,683.0,2,nao,educacao,48,12800.0,0
E04378,53.0,5390.0,2.0,686.0,0,sim,pessoal,36,30800.0,0
E04379,27.0,8350.0,11.8,547.0,2,nao,negocio,48,42600.0,1
E04380,39.0,1300.0,2.4,565.0,3,nao,veiculo,48,1000.0,1
E04381,43.0,9930.0,3.5,495.0,1,sim,pessoal,60,33300.0,0
E04382,52.0,12780.0,1.4,636.0,1,sim,pessoal,36,32400.0,0
E04383,24.0,13930.0,6.4,574.0,3,sim,reforma,48,70800.0,0
E04384,30.0,2080.0,6.3,521.0,1,sim,pessoal,60,12000.0,1
E04385,39.0,1300.0,5.8,643.0,0,sim,pessoal,36,1000.0,0
E04386,52.0,2350.0,3.3,799.0,0,sim,pessoal,24,6300.0,0
E04387,48.0,4450.0,6.3,459.0,1,sim,reforma,60,20900.0,1
E04388,59.0,6270.0,4.5,612.0,0,nao,educacao,36,12500.0,1
E04389,32.0,3050.0,1.5,577.0,2,nao,pessoal,48,13800.0,1
E04390,31.0,6650.0,8.5,592.0,2,sim,veiculo,36,33500.0,1
E04391,32.0,3390.0,14.1,689.0,1,nao,veiculo,60,18900.0,0
E04392,32.0,3840.0,5.5,567.0,0,sim,reforma,24,23000.0,0
E04393,29.0,4040.0,17.4,603.0,0,sim,pessoal,12,18600.0,1
E04394,45.0,1880.0,4.2,616.0,1,nao,negocio,24,10300.0,0
E04395,19.0,3370.0,4.6,722.0,2,nao,reforma,24,4200.0,1
E04396,55.0,4000.0,2.0,548.0,0,sim,veiculo,24,22300.0,1
E04397,38.0,2990.0,3.0,690.0,1,nao,pessoal,24,7200.0,0
E04398,45.0,2910.0,7.0,702.0,0,nao,negocio,36,17400.0,0
E04399,24.0,4770.0,,692.0,0,nao,pessoal,60,8600.0,0
E04400,30.0,1530.0,12.7,502.0,0,nao,veiculo,48,5300.0,0
E04401,33.0,7990.0,8.0,664.0,0,sim,reforma,60,14900.0,0
E04402,34.0,9890.0,,683.0,0,nao,veiculo,24,12400.0,0
E04403,33.0,3530.0,4.4,566.0,0,nao,reforma,36,5300.0,1
E04404,40.0,5530.0,,733.0,0,nao,pessoal,60,17500.0,0
E04405,33.0,6440.0,4.7,671.0,2,sim,negocio,48,11400.0,1
E04406,48.0,8160.0,2.7,650.0,1,sim,veiculo,48,37800.0,0
E04407,50.0,4180.0,2.2,646.0,1,nao,reforma,36,17100.0,0
E04408,61.0,7460.0,21.7,689.0,0,nao,reforma,48,37300.0,0
E04409,43.0,6290.0,8.3,554.0,1,nao,veiculo,24,22100.0,0
E04410,38.0,2950.0,14.8,577.0,2,sim,pessoal,36,11700.0,0
E04411,41.0,2430.0,0.4,681.0,0,nao,pessoal,36,14500.0,1
E04412,45.0,,0.0,750.0,2,nao,veiculo,60,9700.0,1
E04413,32.0,1730.0,2.1,627.0,1,nao,pessoal,24,5300.0,0
E04414,50.0,3440.0,7.3,554.0,1,sim,pessoal,48,1900.0,0
E04415,49.0,4650.0,2.1,647.0,1,nao,educacao,60,3300.0,0
E04416,20.0,2670.0,7.0,717.0,0,nao,negocio,36,5400.0,0
E04417,63.0,2900.0,5.3,686.0,1,nao,veiculo,48,2700.0,0
E04418,44.0,2180.0,2.9,796.0,0,sim,veiculo,48,7400.0,0
E04419,29.0,7010.0,7.7,737.0,2,nao,veiculo,24,31500.0,0
E04420,28.0,4790.0,14.3,746.0,0,nao,veiculo,24,12300.0,1
E04421,43.0,5660.0,11.1,683.0,1,nao,reforma,48,5500.0,0
E04422,30.0,3410.0,8.5,668.0,2,sim,veiculo,48,6500.0,0
E04423,29.0,3440.0,12.2,456.0,2,nao,pessoal,24,12100.0,1
E04424,35.0,4230.0,1.5,649.0,1,nao,veiculo,12,3200.0,0
E04425,46.0,1830.0,11.2,688.0,1,nao,veiculo,60,1300.0,0
E04426,36.0,4220.0,3.7,557.0,1,sim,educacao,24,25200.0,0
E04427,30.0,3520.0,,579.0,1,nao,pessoal,60,20700.0,1
E04428,59.0,1830.0,2.7,645.0,1,nao,veiculo,24,8300.0,0
E04429,46.0,3050.0,10.9,474.0,1,sim,educacao,36,14000.0,1
E04430,30.0,3250.0,2.7,766.0,1,nao,pessoal,48,11000.0,0
E04431,43.0,2620.0,8.6,438.0,0,nao,negocio,60,3600.0,0
E04432,42.0,9460.0,9.0,497.0,1,sim,pessoal,48,16800.0,0
E04433,40.0,7880.0,2.4,685.0,3,nao,negocio,36,45100.0,1
E04434,41.0,3710.0,9.4,809.0,0,nao,pessoal,36,3800.0,0
E04435,38.0,5220.0,0.7,725.0,1,nao,veiculo,24,10900.0,0
E04436,46.0,3460.0,11.7,759.0,0,nao,veiculo,36,9800.0,0
E04437,40.0,4060.0,3.1,654.0,1,sim,pessoal,24,23200.0,1
E04438,43.0,6510.0,1.8,610.0,1,nao,educacao,36,14100.0,0
E04439,45.0,2290.0,0.7,534.0,1,sim,pessoal,36,12800.0,0
E04440,40.0,3180.0,8.8,668.0,0,nao,pessoal,48,13700.0,0
E04441,49.0,4360.0,8.9,808.0,1,nao,pessoal,12,21500.0,0
E04442,56.0,2250.0,13.2,488.0,0,sim,pessoal,48,9600.0,0
E04443,37.0,5100.0,5.0,676.0,0,nao,reforma,24,2900.0,0
E04444,34.0,8390.0,3.5,659.0,0,sim,pessoal,60,13200.0,0
E04445,24.0,6500.0,0.7,868.0,0,sim,pessoal,36,7300.0,0
E04446,49.0,6620.0,4.7,716.0,2,sim,pessoal,48,3800.0,0
E04447,38.0,2620.0,1.3,652.0,1,sim,pessoal,36,12000.0,0
E04448,26.0,4120.0,3.0,766.0,0,nao,pessoal,60,11200.0,1
E04449,34.0,7800.0,12.1,594.0,1,sim,educacao,48,37500.0,0
E04450,46.0,2210.0,5.6,796.0,1,nao,pessoal,24,8600.0,0
E04451,50.0,1950.0,2.0,459.0,2,sim,educacao,60,6500.0,0
E04452,47.0,4240.0,2.1,579.0,0,nao,veiculo,24,17600.0,1
E04453,40.0,3780.0,3.5,637.0,0,sim,veiculo,48,17100.0,0
E04454,49.0,8660.0,3.6,840.0,1,nao,veiculo,24,36400.0,0
E04455,41.0,8040.0,0.6,505.0,0,nao,negocio,24,12800.0,0
E04456,43.0,4320.0,2.0,719.0,1,sim,negocio,12,24500.0,1
E04457,31.0,3670.0,14.8,670.0,0,nao,negocio,24,17400.0,0
E04458,53.0,3500.0,2.5,507.0,0,nao,reforma,24,11800.0,1
E04459,48.0,2250.0,3.6,604.0,4,nao,veiculo,60,10700.0,1
E04460,36.0,2970.0,3.9,701.0,4,nao,reforma,24,8300.0,1
E04461,53.0,1960.0,1.7,580.0,2,nao,pessoal,48,2400.0,0
E04462,25.0,3690.0,9.0,673.0,1,sim,pessoal,36,17400.0,0
E04463,31.0,3010.0,2.9,664.0,1,sim,veiculo,24,16600.0,0
E04464,26.0,5630.0,2.0,650.0,1,sim,veiculo,60,10600.0,0
E04465,35.0,7540.0,10.0,740.0,3,nao,reforma,24,4600.0,0
E04466,31.0,5540.0,2.4,427.0,1,sim,reforma,60,10400.0,0
E04467,52.0,5450.0,7.3,436.0,2,nao,pessoal,36,19300.0,1
E04468,42.0,6980.0,1.8,486.0,1,nao,educacao,36,29100.0,1
E04469,37.0,4300.0,7.4,623.0,2,sim,veiculo,48,11700.0,0
E04470,45.0,15730.0,4.9,575.0,3,sim,veiculo,36,59200.0,0
E04471,50.0,6280.0,3.4,678.0,2,nao,educacao,36,11300.0,0
E04472,56.0,3110.0,1.2,621.0,1,sim,negocio,48,9700.0,0
E04473,39.0,3090.0,11.1,549.0,2,nao,reforma,12,14000.0,1
E04474,40.0,,7.3,720.0,0,sim,pessoal,60,1600.0,0
E04475,28.0,4260.0,9.6,663.0,0,nao,reforma,24,18900.0,0
E04476,43.0,1850.0,6.3,544.0,0,nao,educacao,36,1800.0,0
E04477,43.0,3690.0,,603.0,0,sim,pessoal,36,3600.0,0
E04478,34.0,1300.0,6.0,645.0,1,nao,pessoal,36,3300.0,0
E04479,41.0,8960.0,12.7,919.0,1,nao,veiculo,60,4800.0,0
E04480,37.0,3960.0,3.7,686.0,2,nao,veiculo,60,4700.0,0
E04481,45.0,18690.0,0.5,503.0,1,nao,educacao,24,63900.0,1
E04482,38.0,4160.0,3.8,760.0,0,sim,veiculo,24,15400.0,0
E04483,43.0,3860.0,3.5,730.0,1,sim,pessoal,24,3600.0,0
E04484,34.0,2200.0,3.3,759.0,1,sim,pessoal,60,12800.0,0
E04485,49.0,3740.0,0.2,466.0,3,sim,reforma,60,14000.0,0
E04486,46.0,13220.0,1.2,584.0,0,sim,reforma,36,40100.0,0
E04487,53.0,4840.0,10.2,486.0,0,nao,reforma,60,14900.0,0
E04488,42.0,8150.0,2.5,760.0,1,nao,veiculo,60,16500.0,0
E04489,39.0,4300.0,4.8,559.0,1,nao,reforma,12,12500.0,1
E04490,23.0,,6.3,368.0,0,sim,negocio,12,42700.0,1
E04491,50.0,6880.0,3.5,773.0,3,nao,reforma,60,40900.0,0
E04492,41.0,2680.0,10.7,727.0,0,sim,negocio,12,7300.0,0
E04493,37.0,5990.0,1.2,537.0,1,nao,negocio,60,30800.0,1
E04494,50.0,8140.0,6.8,676.0,0,nao,reforma,48,29600.0,0
E04495,49.0,1300.0,0.8,687.0,0,sim,educacao,60,5500.0,0
E04496,35.0,2810.0,7.4,562.0,1,sim,pessoal,12,12500.0,0
E04497,44.0,1560.0,3.9,830.0,0,nao,negocio,24,1000.0,0
E04498,41.0,7290.0,3.8,728.0,0,sim,veiculo,12,35100.0,1
E04499,54.0,6140.0,8.7,544.0,1,sim,veiculo,24,13200.0,0
E04500,28.0,3850.0,3.4,547.0,1,sim,pessoal,60,8000.0,1
E04501,56.0,3970.0,4.4,624.0,1,sim,pessoal,24,21000.0,0
E04502,53.0,4860.0,9.6,573.0,1,sim,negocio,24,12600.0,0
E04503,35.0,,3.8,655.0,1,sim,negocio,60,15300.0,0
E04504,34.0,17760.0,6.2,551.0,0,sim,reforma,60,46600.0,0
E04505,45.0,3670.0,10.4,709.0,2,sim,pessoal,60,2600.0,0
E04506,24.0,4530.0,2.2,634.0,0,sim,veiculo,48,18400.0,0
E04507,43.0,6100.0,6.7,562.0,2,nao,pessoal,24,21900.0,1
E04508,42.0,7420.0,6.8,739.0,0,nao,educacao,24,33600.0,0
E04509,46.0,4560.0,16.5,617.0,0,nao,veiculo,36,3500.0,0
E04510,32.0,5150.0,2.9,766.0,0,nao,pessoal,24,13600.0,0
E04511,69.0,,0.5,539.0,0,nao,reforma,48,12100.0,0
E04512,42.0,3600.0,6.0,784.0,0,nao,reforma,24,18900.0,0
E04513,54.0,24000.0,24.8,635.0,0,nao,reforma,12,37400.0,0
E04514,45.0,4570.0,4.7,657.0,2,sim,veiculo,36,6000.0,0
E04515,50.0,10990.0,5.9,755.0,2,sim,pessoal,60,54500.0,0
E04516,26.0,3580.0,3.1,427.0,0,nao,pessoal,24,7400.0,1
E04517,61.0,2290.0,2.1,781.0,2,sim,pessoal,24,9300.0,0
E04518,46.0,1840.0,8.7,870.0,0,sim,pessoal,48,2300.0,0
E04519,46.0,3480.0,7.9,443.0,1,sim,pessoal,24,9600.0,1
E04520,47.0,1300.0,4.6,718.0,2,sim,negocio,24,6500.0,1
E04521,46.0,9400.0,2.6,489.0,0,nao,pessoal,12,8400.0,0
E04522,42.0,,18.2,639.0,0,nao,reforma,24,6300.0,0
E04523,37.0,4660.0,4.2,683.0,1,sim,veiculo,12,16200.0,0
E04524,27.0,2380.0,7.7,713.0,1,nao,pessoal,24,7000.0,0
E04525,60.0,1810.0,4.7,593.0,1,sim,reforma,48,9800.0,1
E04526,28.0,2220.0,4.7,524.0,1,sim,veiculo,36,3100.0,1
E04527,52.0,8530.0,3.4,814.0,0,sim,negocio,12,36700.0,0
E04528,46.0,7370.0,6.1,392.0,2,nao,veiculo,24,41800.0,0
E04529,32.0,3950.0,2.9,626.0,1,nao,pessoal,24,18800.0,0
E04530,49.0,2020.0,14.1,667.0,1,sim,reforma,36,11600.0,0
E04531,35.0,4450.0,5.2,683.0,0,nao,negocio,12,15600.0,0
E04532,63.0,8660.0,9.3,833.0,0,nao,educacao,60,47600.0,0
E04533,39.0,13180.0,2.0,483.0,0,sim,pessoal,48,41400.0,0
E04534,50.0,16680.0,12.5,615.0,0,sim,pessoal,24,65300.0,0
E04535,34.0,5220.0,3.3,593.0,0,nao,pessoal,24,19700.0,0
E04536,29.0,2660.0,2.1,637.0,2,nao,veiculo,36,11700.0,0
E04537,40.0,4950.0,2.5,710.0,2,nao,veiculo,36,17500.0,0
E04538,59.0,2730.0,1.1,953.0,1,sim,educacao,60,3000.0,0
E04539,22.0,8830.0,5.7,731.0,2,sim,pessoal,60,51400.0,0
E04540,33.0,9860.0,0.9,773.0,0,sim,pessoal,60,50500.0,0
E04541,40.0,3790.0,3.8,749.0,2,nao,pessoal,12,16200.0,0
E04542,30.0,,,810.0,1,nao,veiculo,60,35500.0,0
E04543,27.0,8640.0,1.0,475.0,1,sim,veiculo,24,5500.0,0
E04544,51.0,2070.0,8.5,703.0,1,nao,veiculo,12,10700.0,0
E04545,32.0,8170.0,0.9,466.0,2,nao,negocio,36,8400.0,1
E04546,31.0,4760.0,3.4,864.0,0,sim,veiculo,36,7700.0,0
E04547,33.0,3160.0,6.1,679.0,0,nao,reforma,60,5500.0,0
E04548,38.0,1890.0,1.8,666.0,3,sim,pessoal,36,4900.0,1
E04549,46.0,5300.0,6.9,690.0,1,nao,pessoal,12,23800.0,0
E04550,27.0,6350.0,0.7,448.0,1,sim,educacao,24,25600.0,0
E04551,38.0,15780.0,3.2,387.0,1,nao,pessoal,48,80100.0,0
E04552,33.0,2550.0,14.2,602.0,0,sim,negocio,36,2000.0,0
E04553,25.0,8620.0,14.3,562.0,1,sim,negocio,12,18700.0,1
E04554,34.0,9520.0,1.4,609.0,2,nao,pessoal,48,55800.0,0
E04555,50.0,3370.0,9.6,586.0,0,sim,pessoal,48,1900.0,0
E04556,44.0,7740.0,3.3,675.0,2,nao,pessoal,60,14500.0,0
E04557,48.0,1850.0,3.8,687.0,3,sim,veiculo,36,10000.0,0
E04558,18.0,14020.0,4.1,691.0,2,nao,educacao,36,50600.0,1
E04559,32.0,3810.0,5.7,609.0,1,nao,pessoal,24,18400.0,1
E04560,45.0,2660.0,1.9,721.0,0,sim,veiculo,48,9000.0,0
E04561,35.0,4050.0,4.0,536.0,2,nao,pessoal,60,18300.0,1
E04562,40.0,4540.0,5.1,828.0,2,sim,pessoal,12,11600.0,0
E04563,41.0,2520.0,4.5,660.0,2,sim,pessoal,24,14800.0,0
E04564,23.0,9150.0,,567.0,2,nao,veiculo,24,18700.0,1
E04565,35.0,5270.0,,666.0,2,nao,pessoal,36,11000.0,0
E04566,29.0,4570.0,2.3,535.0,2,sim,pessoal,24,22200.0,0
E04567,43.0,2220.0,4.2,530.0,0,sim,pessoal,12,10700.0,1
E04568,35.0,6740.0,25.9,668.0,1,sim,reforma,24,4100.0,0
E04569,26.0,7490.0,15.5,545.0,1,nao,veiculo,24,27000.0,0
E04570,39.0,5800.0,4.0,806.0,3,sim,negocio,24,11500.0,0
E04571,57.0,4080.0,3.9,543.0,0,sim,reforma,12,2800.0,0
E04572,20.0,3310.0,4.1,716.0,1,sim,negocio,36,8500.0,0
E04573,51.0,4920.0,5.1,551.0,1,sim,reforma,48,20700.0,0
E04574,32.0,4750.0,1.5,733.0,2,sim,educacao,12,10100.0,0
E04575,40.0,7230.0,6.7,720.0,2,sim,veiculo,24,14500.0,0
E04576,21.0,5510.0,4.8,400.0,1,nao,reforma,36,20500.0,1
E04577,43.0,1490.0,9.9,732.0,1,nao,negocio,60,4300.0,0
E04578,44.0,5520.0,,687.0,0,nao,pessoal,60,9900.0,0
E04579,61.0,3250.0,13.2,682.0,2,sim,pessoal,12,19400.0,1
E04580,45.0,2170.0,2.4,638.0,0,nao,pessoal,24,5100.0,0
E04581,19.0,1860.0,3.3,608.0,0,sim,reforma,12,1800.0,0
E04582,41.0,2720.0,6.7,407.0,1,sim,pessoal,36,7000.0,1
E04583,43.0,1430.0,1.1,628.0,2,nao,veiculo,12,8000.0,1
E04584,24.0,3540.0,,630.0,1,nao,veiculo,36,14800.0,0
E04585,18.0,8600.0,1.5,611.0,1,nao,veiculo,48,16700.0,0
E04586,18.0,,4.7,527.0,0,nao,veiculo,60,19100.0,0
E04587,43.0,1890.0,17.1,772.0,0,nao,veiculo,12,2600.0,0
E04588,37.0,2250.0,1.9,668.0,3,nao,negocio,60,3200.0,0
E04589,51.0,17090.0,1.1,583.0,5,nao,educacao,48,38100.0,1
E04590,55.0,4770.0,1.4,452.0,2,nao,veiculo,12,4100.0,0
E04591,49.0,4890.0,2.8,543.0,1,sim,educacao,12,20700.0,1
E04592,49.0,4370.0,8.6,599.0,1,nao,negocio,48,8100.0,1
E04593,53.0,1420.0,2.9,767.0,3,nao,pessoal,24,4300.0,1
E04594,44.0,1500.0,4.4,639.0,0,nao,negocio,36,8200.0,0
E04595,45.0,2170.0,2.9,596.0,0,nao,negocio,36,11700.0,1
E04596,18.0,2780.0,3.5,708.0,2,sim,pessoal,48,11600.0,0
E04597,33.0,2350.0,0.4,714.0,2,sim,negocio,36,10200.0,0
E04598,27.0,3890.0,1.2,645.0,4,nao,educacao,60,20700.0,0
E04599,55.0,7720.0,5.0,725.0,0,nao,veiculo,60,46200.0,0
E04600,28.0,9170.0,10.2,711.0,1,nao,veiculo,12,53800.0,0
E04601,28.0,3080.0,1.6,729.0,4,nao,negocio,24,4400.0,1
E04602,36.0,3690.0,,637.0,1,nao,reforma,12,14600.0,0
E04603,57.0,5250.0,3.0,548.0,0,sim,reforma,24,15500.0,0
E04604,60.0,4810.0,6.2,605.0,0,sim,veiculo,12,9000.0,0
E04605,38.0,4400.0,,721.0,1,nao,negocio,12,11700.0,0
E04606,45.0,6190.0,0.2,795.0,2,sim,veiculo,36,37000.0,0
E04607,39.0,6730.0,6.1,739.0,1,sim,pessoal,24,35100.0,0
E04608,47.0,7280.0,5.9,635.0,1,nao,pessoal,24,15500.0,0
E04609,18.0,4340.0,7.4,742.0,3,nao,veiculo,24,15000.0,1
E04610,54.0,7000.0,7.1,568.0,2,nao,pessoal,48,11400.0,1
E04611,40.0,1300.0,6.0,770.0,1,nao,pessoal,12,2200.0,0
E04612,33.0,4580.0,11.9,825.0,0,sim,educacao,24,11900.0,0
E04613,33.0,,2.9,750.0,1,nao,negocio,60,10300.0,0
E04614,44.0,2200.0,3.0,527.0,1,sim,negocio,24,5700.0,0
E04615,57.0,8410.0,,534.0,1,nao,veiculo,12,24800.0,0
E04616,56.0,1300.0,14.6,750.0,2,sim,pessoal,60,2800.0,0
E04617,31.0,1400.0,8.0,698.0,1,nao,pessoal,24,2600.0,0
E04618,48.0,4350.0,2.3,556.0,0,sim,veiculo,24,18200.0,0
E04619,30.0,1300.0,3.2,569.0,0,sim,pessoal,12,7200.0,1
E04620,32.0,4290.0,3.4,697.0,2,nao,veiculo,12,20300.0,0
E04621,38.0,9190.0,3.5,537.0,1,sim,reforma,12,16300.0,1
E04622,45.0,,1.2,685.0,1,sim,negocio,48,22700.0,0
E04623,46.0,2720.0,8.4,791.0,0,nao,pessoal,36,4600.0,0
E04624,42.0,7660.0,3.1,661.0,1,nao,pessoal,36,34700.0,0
E04625,23.0,1300.0,1.1,842.0,0,sim,educacao,60,3700.0,0
E04626,47.0,5450.0,1.9,708.0,1,nao,negocio,48,12700.0,0
E04627,65.0,4130.0,3.6,651.0,1,nao,pessoal,48,5300.0,0
E04628,47.0,1670.0,0.5,740.0,0,sim,pessoal,36,9400.0,0
E04629,54.0,3250.0,0.4,760.0,2,sim,pessoal,24,15800.0,0
E04630,48.0,4260.0,3.2,557.0,1,nao,negocio,36,14800.0,1
E04631,50.0,4930.0,6.6,624.0,1,sim,reforma,48,5600.0,0
E04632,23.0,12400.0,3.6,535.0,4,sim,educacao,12,46600.0,1
E04633,30.0,3620.0,4.2,464.0,0,sim,pessoal,24,5200.0,0
E04634,54.0,3460.0,,627.0,1,nao,negocio,24,8200.0,0
E04635,50.0,2910.0,1.4,688.0,4,sim,reforma,24,3000.0,0
E04636,36.0,2760.0,6.2,608.0,2,sim,veiculo,24,3100.0,0
E04637,42.0,12770.0,4.8,672.0,1,sim,pessoal,12,57200.0,0
E04638,52.0,7920.0,3.2,606.0,2,nao,veiculo,60,23600.0,0
E04639,44.0,1740.0,0.2,546.0,3,nao,veiculo,36,3600.0,0
E04640,52.0,4830.0,6.8,678.0,2,nao,veiculo,36,3400.0,0
E04641,36.0,3150.0,3.0,528.0,0,nao,pessoal,24,7300.0,0
E04642,53.0,4670.0,2.3,628.0,3,nao,negocio,48,21400.0,0
E04643,44.0,1300.0,6.0,538.0,0,nao,pessoal,12,7800.0,1
E04644,29.0,1550.0,4.4,573.0,0,nao,pessoal,24,7500.0,0
E04645,63.0,3790.0,7.5,556.0,1,nao,negocio,12,22100.0,0
E04646,65.0,6420.0,4.7,813.0,0,nao,educacao,24,37000.0,0
E04647,34.0,3900.0,10.1,653.0,0,nao,negocio,36,17900.0,0
E04648,36.0,2010.0,6.7,560.0,3,nao,veiculo,48,5200.0,1
E04649,49.0,5580.0,6.1,583.0,1,nao,educacao,24,23300.0,0
E04650,38.0,3560.0,0.0,725.0,1,nao,negocio,48,4800.0,0
E04651,40.0,3530.0,0.9,657.0,1,sim,educacao,36,12100.0,0
E04652,57.0,2490.0,3.4,713.0,1,nao,negocio,48,12800.0,0
E04653,26.0,10260.0,8.0,695.0,2,sim,veiculo,12,15900.0,0
E04654,33.0,3570.0,6.8,748.0,3,nao,pessoal,48,20700.0,1
E04655,40.0,8030.0,1.6,469.0,1,nao,pessoal,24,10500.0,0
E04656,42.0,3540.0,25.2,635.0,0,nao,pessoal,12,13000.0,0
E04657,57.0,1480.0,3.2,471.0,0,sim,negocio,24,8000.0,0
E04658,52.0,5230.0,1.8,842.0,1,nao,negocio,48,19200.0,0
E04659,32.0,5870.0,7.4,616.0,2,sim,negocio,36,18500.0,0
E04660,45.0,1740.0,5.2,778.0,0,nao,reforma,24,3300.0,0
E04661,33.0,7860.0,2.5,714.0,1,sim,pessoal,24,45900.0,0
E04662,57.0,3240.0,10.4,569.0,0,sim,educacao,36,2400.0,0
E04663,36.0,8830.0,1.1,790.0,1,sim,negocio,48,8000.0,0
E04664,28.0,4870.0,4.2,619.0,0,sim,veiculo,36,7600.0,0
E04665,53.0,2760.0,3.4,766.0,2,sim,negocio,24,4400.0,0
E04666,18.0,3120.0,0.5,563.0,1,sim,veiculo,48,18700.0,0
E04667,33.0,11620.0,2.3,691.0,1,sim,reforma,60,36500.0,0
E04668,18.0,6720.0,4.3,627.0,0,sim,negocio,12,40200.0,0
E04669,46.0,4990.0,1.2,664.0,0,nao,veiculo,36,21100.0,0
E04670,29.0,7200.0,2.2,555.0,2,sim,negocio,24,37500.0,1
E04671,56.0,7340.0,9.5,471.0,0,sim,veiculo,60,34800.0,0
E04672,54.0,8340.0,1.8,493.0,2,sim,veiculo,24,36600.0,1
E04673,33.0,11200.0,4.2,787.0,3,nao,educacao,36,66300.0,0
E04674,66.0,9680.0,2.5,521.0,1,nao,negocio,24,18500.0,1
E04675,29.0,14470.0,2.6,592.0,2,nao,negocio,24,44600.0,1
E04676,27.0,3270.0,5.5,598.0,0,nao,negocio,60,19200.0,0
E04677,34.0,2980.0,5.9,744.0,0,sim,educacao,12,2200.0,0
E04678,42.0,14280.0,8.4,807.0,1,nao,negocio,12,54400.0,0
E04679,49.0,5220.0,1.7,800.0,0,nao,educacao,36,13100.0,0
E04680,59.0,3530.0,13.2,486.0,1,nao,reforma,24,9500.0,0
E04681,42.0,3090.0,3.7,483.0,2,nao,reforma,24,6900.0,0
E04682,36.0,5610.0,,532.0,0,nao,reforma,36,27600.0,1
E04683,39.0,2800.0,3.0,721.0,1,nao,pessoal,60,9100.0,0
E04684,49.0,2490.0,0.2,693.0,2,nao,pessoal,60,13100.0,0
E04685,28.0,4690.0,5.6,774.0,1,nao,pessoal,48,23500.0,0
E04686,32.0,4890.0,8.8,510.0,3,nao,veiculo,24,20400.0,1
E04687,63.0,5200.0,0.3,551.0,2,nao,educacao,48,4200.0,0
E04688,30.0,2470.0,4.4,678.0,1,sim,reforma,60,10300.0,0
E04689,25.0,2760.0,3.1,559.0,0,nao,pessoal,48,7000.0,1
E04690,60.0,7300.0,3.2,754.0,1,sim,educacao,24,36800.0,0
E04691,45.0,4310.0,3.3,473.0,1,nao,educacao,48,21600.0,1
E04692,55.0,12340.0,4.2,868.0,2,sim,negocio,36,27400.0,0
E04693,21.0,4620.0,1.3,622.0,0,sim,veiculo,24,14000.0,0
E04694,58.0,3690.0,4.3,450.0,2,sim,veiculo,24,15300.0,1
E04695,18.0,1610.0,2.0,866.0,1,sim,educacao,36,6500.0,0
E04696,40.0,2440.0,0.7,511.0,2,nao,negocio,48,5800.0,1
E04697,61.0,2430.0,5.8,728.0,2,sim,veiculo,36,7000.0,0
E04698,56.0,4870.0,4.6,588.0,2,nao,negocio,60,16200.0,0
E04699,50.0,1680.0,15.5,485.0,3,sim,negocio,24,2700.0,1
E04700,60.0,4430.0,13.2,590.0,0,nao,pessoal,12,20000.0,0
E04701,39.0,4690.0,5.7,768.0,1,nao,pessoal,36,22300.0,0
E04702,26.0,1860.0,0.7,690.0,2,sim,pessoal,12,5200.0,0
E04703,34.0,3660.0,3.0,475.0,1,nao,pessoal,60,6300.0,0
E04704,24.0,2500.0,3.6,700.0,2,nao,veiculo,60,6000.0,0
E04705,37.0,4690.0,4.8,604.0,0,nao,pessoal,24,13500.0,0
E04706,23.0,3350.0,12.2,743.0,3,sim,pessoal,60,15500.0,0
E04707,51.0,8690.0,0.9,450.0,1,sim,pessoal,12,30600.0,1
E04708,18.0,1300.0,1.3,420.0,4,nao,veiculo,24,5200.0,1
E04709,35.0,8940.0,9.0,458.0,1,nao,negocio,12,18700.0,0
E04710,32.0,1690.0,10.0,754.0,3,sim,pessoal,24,6700.0,1
E04711,36.0,6800.0,,666.0,0,sim,veiculo,24,6100.0,0
E04712,37.0,1850.0,2.2,911.0,4,sim,negocio,36,9700.0,0
E04713,59.0,5440.0,4.3,567.0,0,nao,negocio,24,8200.0,0
E04714,35.0,7350.0,0.8,539.0,1,nao,pessoal,12,25900.0,1
E04715,26.0,3230.0,0.9,447.0,1,nao,pessoal,24,14200.0,1
E04716,45.0,5650.0,3.1,762.0,2,nao,pessoal,60,19300.0,0
E04717,39.0,2680.0,2.5,687.0,0,sim,pessoal,36,15000.0,0
E04718,38.0,8160.0,15.3,689.0,2,sim,veiculo,12,46300.0,0
E04719,36.0,2430.0,1.1,674.0,1,sim,pessoal,24,12000.0,0
E04720,36.0,2530.0,5.0,819.0,1,nao,veiculo,12,12600.0,0
E04721,41.0,4320.0,4.3,541.0,2,nao,pessoal,36,5500.0,0
E04722,31.0,6750.0,7.0,785.0,0,sim,educacao,60,38700.0,0
E04723,49.0,2700.0,6.4,691.0,3,sim,pessoal,36,6300.0,1
E04724,68.0,3740.0,5.2,580.0,0,nao,educacao,36,5400.0,0
E04725,32.0,3400.0,4.1,617.0,0,nao,pessoal,36,16400.0,0
E04726,39.0,8090.0,1.8,564.0,0,nao,veiculo,60,5400.0,1
E04727,46.0,7210.0,4.1,718.0,0,nao,negocio,60,27300.0,0
E04728,50.0,2380.0,11.2,789.0,0,nao,pessoal,60,10100.0,0
E04729,47.0,1300.0,4.5,744.0,0,nao,veiculo,24,2400.0,0
E04730,29.0,1510.0,5.6,787.0,1,nao,reforma,60,5400.0,0
E04731,20.0,9610.0,2.9,633.0,1,nao,educacao,48,33500.0,0
E04732,22.0,11220.0,3.5,547.0,2,nao,reforma,24,44700.0,1
E04733,49.0,3300.0,0.6,654.0,1,nao,veiculo,24,16900.0,1
E04734,35.0,3570.0,7.2,513.0,1,nao,pessoal,24,6800.0,1
E04735,32.0,4310.0,0.2,660.0,1,sim,educacao,36,18200.0,0
E04736,35.0,4190.0,3.5,691.0,0,nao,pessoal,60,24200.0,0
E04737,47.0,8820.0,9.0,691.0,1,nao,pessoal,48,16300.0,0
E04738,59.0,8600.0,2.5,471.0,0,sim,pessoal,24,25100.0,0
E04739,32.0,2000.0,4.1,645.0,0,sim,reforma,36,11500.0,0
E04740,27.0,2530.0,10.9,493.0,0,sim,reforma,12,10900.0,0
E04741,44.0,4530.0,3.6,550.0,0,sim,veiculo,36,11900.0,0
E04742,44.0,13600.0,5.4,664.0,1,sim,pessoal,48,65400.0,0
E04743,34.0,5480.0,9.7,646.0,0,sim,pessoal,60,7500.0,0
E04744,48.0,4810.0,8.6,402.0,2,nao,veiculo,24,16800.0,1
E04745,44.0,3330.0,0.1,606.0,1,nao,pessoal,60,8300.0,0
E04746,28.0,2260.0,2.6,609.0,1,sim,negocio,24,11800.0,0
E04747,37.0,2500.0,2.8,609.0,0,nao,negocio,24,13300.0,1
E04748,53.0,2610.0,1.2,603.0,0,nao,pessoal,24,4700.0,0
E04749,51.0,8250.0,19.5,813.0,0,nao,negocio,12,48900.0,0
E04750,42.0,8790.0,5.8,309.0,0,nao,veiculo,24,48300.0,1
E04751,70.0,7570.0,6.1,594.0,0,nao,veiculo,24,32800.0,0
E04752,44.0,3000.0,6.6,399.0,0,nao,veiculo,48,12700.0,0
E04753,44.0,4040.0,2.8,591.0,0,nao,reforma,24,20100.0,0
E04754,36.0,24310.0,17.6,749.0,2,sim,negocio,36,59100.0,0
E04755,38.0,6400.0,1.6,963.0,0,sim,veiculo,36,37800.0,0
E04756,46.0,3430.0,9.7,714.0,0,nao,veiculo,12,13300.0,0
E04757,33.0,,0.5,646.0,2,nao,negocio,12,9700.0,1
E04758,49.0,6580.0,2.3,731.0,0,nao,reforma,36,35000.0,0
E04759,49.0,5100.0,2.1,572.0,1,nao,pessoal,24,30200.0,0
E04760,23.0,2630.0,2.4,710.0,2,nao,negocio,12,9000.0,1
E04761,22.0,6070.0,10.0,678.0,1,sim,pessoal,60,7900.0,0
E04762,37.0,2270.0,4.8,774.0,2,sim,negocio,60,7600.0,0
E04763,61.0,11850.0,2.0,637.0,1,sim,negocio,24,19700.0,0
E04764,62.0,3450.0,1.5,683.0,0,nao,pessoal,36,2600.0,0
E04765,18.0,6800.0,2.7,597.0,0,sim,pessoal,12,19800.0,0
E04766,43.0,,7.5,645.0,2,sim,veiculo,60,21100.0,0
E04767,40.0,2800.0,5.9,652.0,0,nao,negocio,24,13300.0,0
E04768,29.0,5540.0,2.0,699.0,0,nao,veiculo,24,20300.0,0
E04769,38.0,15380.0,5.7,655.0,1,sim,reforma,36,59600.0,0
E04770,32.0,10840.0,4.1,618.0,1,sim,pessoal,48,47900.0,1
E04771,37.0,1300.0,3.5,566.0,1,nao,pessoal,60,7100.0,0
E04772,38.0,5690.0,12.4,621.0,0,sim,veiculo,24,11200.0,0
E04773,27.0,10090.0,9.1,593.0,0,sim,pessoal,12,19600.0,1
E04774,37.0,8030.0,4.0,638.0,0,sim,pessoal,36,37300.0,0
E04775,37.0,5880.0,9.4,509.0,3,nao,pessoal,24,34500.0,1
E04776,48.0,10530.0,3.5,815.0,1,sim,veiculo,24,45300.0,0
E04777,42.0,4580.0,4.2,567.0,2,sim,veiculo,12,14700.0,1
E04778,49.0,23830.0,9.5,813.0,1,nao,reforma,48,66200.0,0
E04779,46.0,,2.7,518.0,6,nao,reforma,36,9500.0,1
E04780,57.0,5260.0,6.3,840.0,1,sim,reforma,36,8700.0,0
E04781,36.0,3070.0,6.4,725.0,1,nao,reforma,48,14600.0,0
E04782,51.0,9500.0,1.2,519.0,0,nao,pessoal,60,27300.0,0
E04783,41.0,4550.0,4.8,674.0,3,sim,educacao,60,19300.0,0
E04784,58.0,1460.0,3.4,691.0,0,nao,pessoal,60,3300.0,0
E04785,44.0,1430.0,6.0,809.0,1,sim,pessoal,36,5800.0,0
E04786,29.0,1570.0,4.3,629.0,0,sim,pessoal,48,3800.0,0
E04787,39.0,1390.0,35.4,750.0,1,sim,reforma,24,2900.0,0
E04788,38.0,6750.0,2.2,636.0,0,sim,veiculo,48,22200.0,0
E04789,30.0,3120.0,16.0,486.0,1,sim,pessoal,48,9700.0,0
E04790,34.0,4720.0,1.4,696.0,0,nao,pessoal,24,7600.0,0
E04791,18.0,6150.0,11.4,607.0,0,sim,veiculo,24,7600.0,0
E04792,33.0,1660.0,6.9,653.0,1,nao,pessoal,24,5600.0,0
E04793,48.0,3190.0,1.7,733.0,2,nao,pessoal,60,10900.0,0
E04794,47.0,,5.3,809.0,0,nao,negocio,36,26500.0,0
E04795,34.0,,3.5,550.0,1,nao,veiculo,60,29800.0,1
E04796,44.0,6090.0,5.3,591.0,2,nao,pessoal,48,30000.0,0
E04797,55.0,5650.0,18.9,596.0,1,nao,pessoal,36,10300.0,0
E04798,31.0,4140.0,2.4,679.0,3,nao,negocio,48,23500.0,1
E04799,23.0,2300.0,9.8,641.0,0,nao,pessoal,24,10700.0,0
E04800,40.0,12090.0,9.4,625.0,3,sim,veiculo,36,32000.0,1
E04801,56.0,1460.0,3.8,580.0,0,nao,pessoal,48,5100.0,0
E04802,55.0,1710.0,13.7,528.0,1,nao,pessoal,24,3700.0,0
E04803,38.0,4510.0,,553.0,1,nao,veiculo,48,23400.0,0
E04804,49.0,4490.0,3.2,579.0,1,sim,pessoal,36,3400.0,1
E04805,40.0,10840.0,4.8,711.0,1,nao,negocio,24,12800.0,0
E04806,64.0,1300.0,2.7,549.0,1,sim,pessoal,36,1000.0,0
E04807,47.0,5530.0,2.4,842.0,1,sim,veiculo,24,30000.0,0
E04808,21.0,4800.0,11.9,423.0,1,nao,pessoal,60,25500.0,0
E04809,35.0,4070.0,10.3,591.0,0,sim,pessoal,48,23700.0,0
E04810,41.0,1810.0,13.7,644.0,2,sim,veiculo,36,9500.0,0
E04811,28.0,3210.0,0.6,671.0,1,nao,pessoal,24,4300.0,1
E04812,43.0,3570.0,2.7,669.0,2,nao,reforma,36,7000.0,0
E04813,34.0,17960.0,1.7,627.0,0,nao,pessoal,36,73900.0,0
E04814,48.0,6130.0,7.6,715.0,1,sim,educacao,60,33900.0,0
E04815,28.0,2060.0,4.1,502.0,0,sim,pessoal,36,8900.0,1
E04816,37.0,11270.0,4.9,767.0,3,nao,reforma,60,21300.0,0
E04817,55.0,6630.0,0.4,509.0,1,nao,negocio,36,36600.0,1
E04818,41.0,3920.0,5.2,563.0,4,sim,reforma,24,19500.0,1
E04819,43.0,4020.0,,624.0,0,sim,veiculo,60,12800.0,0
E04820,29.0,3070.0,17.0,730.0,0,nao,veiculo,60,13200.0,0
E04821,36.0,4650.0,6.4,692.0,0,nao,veiculo,48,24400.0,0
E04822,34.0,5790.0,13.1,783.0,0,sim,veiculo,12,27300.0,0
E04823,38.0,4430.0,4.5,602.0,3,nao,veiculo,24,11900.0,0
E04824,68.0,3730.0,4.3,707.0,1,sim,reforma,60,3800.0,0
E04825,48.0,4910.0,2.5,533.0,1,sim,pessoal,48,7400.0,1
E04826,44.0,6300.0,15.0,716.0,1,sim,negocio,36,16400.0,0
E04827,35.0,5280.0,7.9,686.0,1,sim,reforma,36,27000.0,0
E04828,34.0,,7.0,595.0,2,sim,reforma,60,23100.0,0
E04829,42.0,2510.0,2.1,577.0,1,nao,veiculo,24,6200.0,0
E04830,47.0,6190.0,1.0,771.0,0,sim,pessoal,24,27500.0,0
E04831,41.0,2040.0,3.4,673.0,0,sim,pessoal,24,10600.0,0
E04832,32.0,7160.0,3.4,785.0,1,nao,veiculo,36,38000.0,0
E04833,42.0,1620.0,11.3,630.0,3,nao,pessoal,36,1500.0,0
E04834,49.0,8380.0,12.3,732.0,1,nao,pessoal,48,38700.0,0
E04835,55.0,8160.0,4.5,835.0,0,sim,negocio,48,13100.0,0
E04836,53.0,5200.0,2.2,719.0,1,sim,negocio,12,23900.0,0
E04837,35.0,2790.0,4.1,791.0,1,nao,veiculo,48,1600.0,0
E04838,18.0,3990.0,0.1,785.0,0,nao,veiculo,12,12600.0,0
E04839,26.0,7370.0,1.0,751.0,1,sim,veiculo,36,6400.0,0
E04840,25.0,6310.0,10.1,665.0,1,nao,pessoal,12,18500.0,1
E04841,42.0,2900.0,0.3,796.0,4,nao,veiculo,24,3200.0,0
E04842,28.0,3290.0,5.1,682.0,0,nao,pessoal,60,3100.0,0
E04843,31.0,19230.0,2.2,636.0,1,sim,pessoal,12,60700.0,0
E04844,36.0,1950.0,1.7,633.0,0,nao,educacao,24,11300.0,0
E04845,78.0,,8.2,697.0,1,nao,educacao,48,1600.0,0
E04846,59.0,1300.0,3.5,674.0,0,sim,educacao,48,7100.0,0
E04847,35.0,4140.0,3.7,503.0,2,sim,pessoal,24,10600.0,0
E04848,62.0,2730.0,8.5,869.0,2,nao,negocio,24,12800.0,1
E04849,42.0,3780.0,2.1,640.0,1,sim,pessoal,24,14000.0,1
E04850,31.0,7330.0,11.6,697.0,2,nao,veiculo,60,14400.0,0
E04851,45.0,13150.0,4.4,809.0,1,sim,pessoal,36,51700.0,0
E04852,29.0,4660.0,15.6,518.0,0,sim,pessoal,60,23300.0,0
E04853,18.0,4590.0,4.6,734.0,3,nao,veiculo,12,26500.0,1
E04854,18.0,12240.0,3.8,553.0,1,nao,reforma,36,27200.0,1
E04855,53.0,6070.0,10.5,652.0,2,sim,negocio,24,28700.0,0
E04856,38.0,5740.0,3.0,783.0,1,sim,pessoal,48,9000.0,0
E04857,27.0,9590.0,4.3,755.0,2,nao,pessoal,48,51900.0,0
E04858,44.0,3790.0,5.4,585.0,1,nao,reforma,24,6900.0,0
E04859,22.0,1740.0,0.6,481.0,0,nao,negocio,12,6700.0,1
E04860,27.0,4270.0,3.3,398.0,0,nao,educacao,24,8500.0,1
E04861,45.0,2490.0,5.4,819.0,0,nao,pessoal,24,7300.0,0
E04862,63.0,3320.0,6.0,404.0,3,nao,pessoal,24,3300.0,0
E04863,24.0,2810.0,3.0,634.0,1,nao,veiculo,12,6200.0,1
E04864,27.0,4210.0,7.8,549.0,2,sim,pessoal,36,8700.0,0
E04865,38.0,4760.0,6.4,447.0,2,nao,pessoal,36,23000.0,1
E04866,48.0,1790.0,11.5,554.0,0,nao,pessoal,36,6500.0,0
E04867,44.0,9760.0,5.3,599.0,3,nao,educacao,12,50100.0,1
E04868,34.0,7090.0,7.6,728.0,1,sim,reforma,24,8400.0,0
E04869,38.0,2200.0,1.3,671.0,1,sim,negocio,36,1700.0,0
E04870,43.0,5010.0,3.2,554.0,2,nao,pessoal,12,10500.0,1
E04871,61.0,17810.0,4.6,486.0,1,nao,negocio,36,48400.0,0
E04872,51.0,4660.0,8.3,767.0,3,nao,pessoal,36,3800.0,0
E04873,30.0,4270.0,2.0,593.0,0,nao,pessoal,36,8800.0,0
E04874,22.0,1790.0,3.4,563.0,1,nao,pessoal,24,1400.0,0
E04875,48.0,2640.0,8.6,762.0,0,sim,pessoal,24,11700.0,0
E04876,25.0,4570.0,1.5,579.0,2,nao,pessoal,12,24200.0,1
E04877,45.0,6090.0,4.7,630.0,4,nao,pessoal,24,10800.0,1
E04878,49.0,3010.0,2.9,716.0,1,sim,reforma,60,1600.0,0
E04879,52.0,4510.0,11.6,693.0,1,nao,veiculo,24,6800.0,0
E04880,27.0,10900.0,2.1,549.0,1,sim,negocio,12,7000.0,1
E04881,50.0,4610.0,2.9,542.0,2,sim,pessoal,12,3300.0,0
E04882,53.0,8330.0,11.1,691.0,0,nao,veiculo,24,25400.0,0
E04883,37.0,3880.0,2.6,555.0,0,nao,reforma,24,15600.0,1
E04884,29.0,8040.0,5.8,667.0,2,nao,educacao,60,45500.0,0
E04885,40.0,5770.0,3.2,529.0,1,sim,veiculo,36,33300.0,1
E04886,41.0,2590.0,2.9,718.0,0,nao,negocio,60,7100.0,0
E04887,51.0,2270.0,,797.0,2,nao,pessoal,36,10900.0,0
E04888,41.0,9240.0,19.5,692.0,1,nao,pessoal,60,12000.0,0
E04889,44.0,6100.0,2.2,697.0,3,sim,reforma,60,12900.0,0
E04890,48.0,2330.0,1.6,493.0,0,sim,negocio,36,13200.0,1
E04891,38.0,4120.0,9.2,434.0,0,nao,negocio,48,21200.0,0
E04892,41.0,6030.0,0.9,580.0,0,nao,negocio,12,7100.0,1
E04893,29.0,1300.0,9.3,524.0,3,sim,veiculo,48,5600.0,0
E04894,40.0,4820.0,4.4,652.0,1,sim,negocio,36,19900.0,0
E04895,37.0,6370.0,11.1,772.0,0,sim,veiculo,36,34700.0,0
E04896,38.0,4360.0,0.7,366.0,2,nao,pessoal,60,14800.0,1
E04897,27.0,6630.0,0.9,687.0,3,sim,educacao,36,24600.0,0
E04898,40.0,2300.0,9.3,646.0,2,sim,veiculo,12,3600.0,1
E04899,32.0,13000.0,4.8,687.0,0,sim,pessoal,36,68400.0,0
E04900,39.0,1300.0,7.3,803.0,0,sim,pessoal,36,7300.0,0
E04901,41.0,1640.0,9.9,585.0,2,sim,educacao,60,2000.0,0
E04902,61.0,6770.0,8.2,676.0,1,sim,educacao,24,32600.0,0
E04903,33.0,4680.0,3.8,604.0,1,sim,reforma,48,22800.0,0
E04904,31.0,1490.0,2.0,811.0,2,nao,pessoal,36,8900.0,0
E04905,38.0,8510.0,0.5,617.0,1,sim,pessoal,48,21400.0,0
E04906,29.0,2130.0,3.3,685.0,3,nao,pessoal,36,12400.0,0
E04907,18.0,,3.1,591.0,0,sim,veiculo,36,8200.0,0
E04908,36.0,1300.0,8.9,646.0,1,nao,reforma,36,6900.0,0
E04909,39.0,1650.0,0.7,695.0,1,sim,pessoal,36,6900.0,1
E04910,42.0,7360.0,8.9,622.0,1,sim,negocio,24,17200.0,0
E04911,37.0,13530.0,6.8,546.0,1,sim,pessoal,12,56700.0,0
E04912,31.0,4670.0,3.0,545.0,3,sim,negocio,24,2500.0,0
E04913,44.0,4530.0,6.2,840.0,1,nao,negocio,12,20700.0,0
E04914,34.0,1720.0,6.8,613.0,0,sim,pessoal,60,3000.0,0
E04915,33.0,2760.0,1.7,826.0,2,sim,pessoal,12,7500.0,0
E04916,47.0,2340.0,1.2,689.0,3,nao,veiculo,48,10400.0,0
E04917,38.0,2680.0,1.3,726.0,0,sim,reforma,24,15300.0,0
E04918,56.0,1680.0,8.9,585.0,1,nao,pessoal,36,6700.0,0
E04919,27.0,6600.0,3.5,761.0,1,sim,negocio,24,30100.0,0
E04920,61.0,3140.0,6.2,726.0,0,sim,reforma,60,13600.0,0
E04921,46.0,9950.0,0.3,833.0,0,nao,pessoal,24,23300.0,0
E04922,27.0,2390.0,2.4,560.0,2,nao,reforma,48,8400.0,0
E04923,37.0,3680.0,1.0,683.0,1,sim,educacao,36,9000.0,0
E04924,33.0,4490.0,3.5,827.0,0,sim,reforma,36,9900.0,0
E04925,47.0,3100.0,6.9,560.0,0,nao,pessoal,36,14700.0,1
E04926,33.0,1680.0,2.2,558.0,1,nao,reforma,12,3000.0,0
E04927,30.0,4930.0,6.0,708.0,1,nao,veiculo,12,28900.0,1
E04928,46.0,,4.4,627.0,0,nao,pessoal,60,8000.0,0
E04929,38.0,5060.0,4.5,670.0,1,sim,veiculo,48,14400.0,0
E04930,18.0,7990.0,4.8,552.0,0,nao,pessoal,12,36200.0,0
E04931,54.0,,6.7,651.0,1,nao,negocio,60,13000.0,0
E04932,38.0,15950.0,7.0,746.0,1,nao,reforma,12,88600.0,1
E04933,38.0,3770.0,2.9,641.0,1,nao,educacao,24,8100.0,0
E04934,52.0,3800.0,7.8,772.0,1,sim,reforma,36,6000.0,0
E04935,47.0,5920.0,1.2,447.0,2,sim,reforma,12,3300.0,1
E04936,66.0,13540.0,3.9,697.0,0,nao,negocio,24,34000.0,0
E04937,32.0,,1.4,685.0,1,nao,negocio,36,2300.0,0
E04938,49.0,9230.0,2.7,638.0,1,nao,reforma,60,39200.0,1
E04939,32.0,4660.0,2.7,840.0,0,sim,veiculo,36,2400.0,0
E04940,45.0,1490.0,2.0,658.0,2,nao,negocio,60,1700.0,0
E04941,53.0,4900.0,,587.0,3,sim,pessoal,12,20500.0,0
E04942,34.0,,8.6,683.0,2,nao,reforma,48,9900.0,0
E04943,69.0,10820.0,21.0,471.0,2,sim,veiculo,48,39900.0,0
E04944,47.0,2300.0,0.9,594.0,1,nao,pessoal,48,13700.0,0
E04945,36.0,2960.0,7.5,550.0,4,sim,pessoal,24,8200.0,0
E04946,18.0,2090.0,,413.0,1,nao,veiculo,12,9800.0,1
E04947,41.0,6960.0,9.3,565.0,2,nao,negocio,36,14100.0,0
E04948,58.0,4140.0,1.6,700.0,1,nao,pessoal,24,16800.0,0
E04949,45.0,,2.2,641.0,1,nao,reforma,24,9300.0,0
E04950,48.0,5760.0,1.6,774.0,3,sim,educacao,36,9700.0,0
E04951,38.0,1300.0,10.2,587.0,2,nao,pessoal,36,5500.0,1
E04952,39.0,1300.0,4.8,544.0,1,sim,reforma,36,2500.0,1
E04953,40.0,8380.0,3.4,668.0,1,nao,negocio,24,22800.0,0
E04954,35.0,2770.0,1.0,733.0,0,nao,pessoal,24,4200.0,0
E04955,39.0,6140.0,3.9,670.0,0,nao,reforma,24,17100.0,0
E04956,39.0,4310.0,4.4,626.0,1,nao,educacao,48,22100.0,0
E04957,46.0,12520.0,1.0,718.0,2,nao,reforma,24,45100.0,0
E04958,39.0,3910.0,2.8,611.0,2,nao,pessoal,60,21400.0,1
E04959,52.0,6960.0,0.1,726.0,4,nao,veiculo,36,38300.0,1
E04960,66.0,4340.0,6.5,553.0,0,sim,pessoal,36,24200.0,0
E04961,35.0,4780.0,2.9,617.0,1,sim,pessoal,48,9700.0,1
E04962,61.0,3340.0,1.3,613.0,0,sim,negocio,12,18000.0,0
E04963,48.0,4510.0,4.8,814.0,0,nao,educacao,12,17600.0,0
E04964,34.0,3210.0,4.3,696.0,1,nao,veiculo,48,6400.0,0
E04965,57.0,2220.0,3.6,383.0,1,nao,veiculo,24,7700.0,1
E04966,48.0,3180.0,5.3,832.0,1,nao,negocio,24,18200.0,0
E04967,49.0,3460.0,,737.0,2,nao,educacao,24,17800.0,0
E04968,18.0,5740.0,7.4,802.0,3,nao,negocio,24,4200.0,0
E04969,48.0,1970.0,8.1,761.0,1,nao,veiculo,60,5300.0,0
E04970,39.0,1770.0,,544.0,4,sim,pessoal,36,1300.0,0
E04971,45.0,5850.0,8.5,565.0,1,nao,pessoal,36,32700.0,0
E04972,48.0,3970.0,2.4,526.0,0,nao,pessoal,60,10600.0,0
E04973,45.0,10930.0,2.9,655.0,2,sim,veiculo,12,14600.0,1
E04974,46.0,1790.0,1.3,444.0,1,sim,pessoal,12,8800.0,0
E04975,50.0,3150.0,15.9,679.0,1,sim,pessoal,60,2800.0,0
E04976,37.0,10370.0,,654.0,0,sim,reforma,60,28200.0,0
E04977,61.0,1490.0,0.8,558.0,3,nao,pessoal,24,8800.0,1
E04978,48.0,5720.0,6.3,845.0,3,nao,pessoal,60,12400.0,0
E04979,31.0,4330.0,7.4,731.0,1,sim,pessoal,48,11800.0,0
E04980,44.0,6750.0,2.5,301.0,1,sim,pessoal,48,4600.0,1
E04981,28.0,6910.0,1.4,719.0,0,nao,educacao,12,8600.0,1
E04982,50.0,2290.0,3.5,603.0,1,sim,veiculo,36,10100.0,0
E04983,28.0,,1.9,622.0,2,nao,reforma,60,21900.0,1
E04984,38.0,4550.0,3.1,746.0,0,nao,pessoal,36,3400.0,0
E04985,36.0,4920.0,4.2,641.0,2,nao,negocio,36,22000.0,0
E04986,50.0,5550.0,14.7,604.0,2,nao,negocio,48,21200.0,0
E04987,31.0,6320.0,7.6,514.0,3,nao,pessoal,24,36800.0,0
E04988,45.0,2020.0,2.8,650.0,1,nao,pessoal,36,7000.0,0
E04989,24.0,5040.0,7.9,588.0,0,nao,veiculo,24,5100.0,0
E04990,53.0,5140.0,0.9,701.0,1,nao,educacao,36,12100.0,0
E04991,40.0,2790.0,7.2,683.0,1,nao,educacao,24,4300.0,0
E04992,35.0,5470.0,7.4,887.0,1,nao,pessoal,36,19200.0,0
E04993,43.0,4600.0,7.0,553.0,1,sim,pessoal,24,9600.0,0
E04994,43.0,1890.0,0.4,562.0,0,nao,reforma,48,3800.0,0
E04995,34.0,5510.0,2.8,701.0,3,nao,negocio,36,21600.0,0
E04996,59.0,2920.0,3.3,553.0,1,sim,veiculo,36,9100.0,0
E04997,53.0,9980.0,10.4,538.0,0,nao,negocio,48,42700.0,1
E04998,21.0,4400.0,0.7,510.0,0,nao,veiculo,36,18200.0,1
E04999,41.0,2220.0,2.7,820.0,0,nao,negocio,12,2600.0,0
E05000,37.0,6930.0,4.2,587.0,2,nao,veiculo,36,5700.0,0
E05001,18.0,2160.0,1.0,638.0,1,nao,reforma,36,6400.0,1
E05002,42.0,5790.0,0.4,536.0,3,nao,veiculo,48,31700.0,1
E05003,31.0,2690.0,1.7,714.0,1,nao,reforma,36,13300.0,0
E05004,38.0,5150.0,6.6,683.0,2,nao,pessoal,48,27500.0,1
E05005,44.0,1390.0,6.8,688.0,2,nao,veiculo,36,8300.0,0
E05006,49.0,1490.0,7.0,579.0,0,nao,veiculo,24,4100.0,1
E05007,44.0,8470.0,3.0,663.0,1,nao,reforma,48,41300.0,0
E05008,18.0,7490.0,2.5,652.0,2,sim,negocio,60,18800.0,0
E05009,40.0,6090.0,17.7,645.0,1,nao,pessoal,60,3200.0,0
E05010,19.0,7980.0,3.5,746.0,0,sim,negocio,12,22000.0,0
E05011,27.0,3160.0,3.2,620.0,3,sim,negocio,60,6900.0,0
E05012,63.0,2620.0,9.8,704.0,0,nao,veiculo,12,5400.0,0
E05013,42.0,2710.0,1.2,557.0,1,nao,veiculo,48,11000.0,0
E05014,19.0,3190.0,5.5,696.0,2,nao,reforma,48,11900.0,0
E05015,38.0,8550.0,12.8,543.0,0,nao,reforma,36,7600.0,0
E05016,66.0,3390.0,1.8,1000.0,1,nao,veiculo,48,15600.0,0
E05017,34.0,2500.0,18.7,723.0,0,nao,reforma,36,14100.0,0
E05018,18.0,5690.0,5.8,533.0,0,nao,negocio,60,13200.0,0
E05019,39.0,2930.0,2.4,642.0,2,nao,reforma,24,11400.0,1
E05020,67.0,4370.0,0.8,633.0,1,nao,reforma,36,7100.0,0
E05021,35.0,7490.0,8.2,655.0,2,sim,educacao,24,8900.0,0
E05022,59.0,3970.0,28.9,552.0,1,sim,veiculo,24,2300.0,0
E05023,40.0,4840.0,7.0,412.0,2,nao,pessoal,24,20700.0,1
E05024,69.0,6780.0,,814.0,1,sim,negocio,12,5200.0,0
E05025,38.0,6580.0,1.5,634.0,0,nao,veiculo,24,14700.0,0
E05026,37.0,2750.0,1.9,728.0,2,nao,reforma,36,8600.0,0
E05027,47.0,2640.0,1.0,509.0,1,sim,veiculo,24,2900.0,1
E05028,32.0,,1.6,729.0,4,nao,pessoal,12,11300.0,1
E05029,35.0,4740.0,1.0,637.0,1,sim,pessoal,12,27900.0,0
E05030,38.0,3740.0,19.9,631.0,3,sim,veiculo,36,15100.0,0
E05031,61.0,5570.0,11.6,500.0,0,sim,veiculo,60,16300.0,0
E05032,18.0,1900.0,4.5,638.0,0,sim,negocio,24,6800.0,0
E05033,26.0,2720.0,10.4,734.0,1,sim,pessoal,48,9800.0,0
E05034,59.0,7390.0,3.7,635.0,0,nao,negocio,36,34500.0,0
E05035,41.0,3630.0,3.5,846.0,0,nao,educacao,60,2400.0,0
E05036,27.0,3760.0,0.3,698.0,0,nao,veiculo,24,22500.0,0
E05037,46.0,1930.0,2.9,839.0,2,nao,pessoal,36,8600.0,0
E05038,39.0,7060.0,7.1,561.0,0,nao,pessoal,60,34900.0,0
E05039,33.0,6930.0,5.1,512.0,1,nao,negocio,48,22700.0,0
E05040,29.0,5080.0,2.3,583.0,0,nao,pessoal,12,11600.0,0
E05041,35.0,2080.0,14.4,556.0,1,nao,pessoal,24,8200.0,1
E05042,18.0,7120.0,4.1,586.0,0,nao,reforma,12,19600.0,0
E05043,33.0,1320.0,14.2,668.0,1,nao,pessoal,60,2900.0,0
E05044,52.0,4070.0,1.2,679.0,1,nao,negocio,12,14600.0,1
E05045,48.0,3540.0,7.1,575.0,0,nao,reforma,48,13500.0,0
E05046,35.0,9570.0,7.6,664.0,1,nao,educacao,24,49300.0,0
E05047,23.0,7770.0,3.5,526.0,1,nao,negocio,60,17100.0,0
E05048,33.0,15930.0,1.0,618.0,0,nao,reforma,48,63800.0,0
E05049,18.0,2050.0,4.4,578.0,0,nao,reforma,60,11200.0,0
E05050,45.0,7010.0,12.9,560.0,0,sim,negocio,48,19000.0,0
E05051,46.0,5250.0,5.6,727.0,0,sim,reforma,36,30100.0,0
E05052,49.0,3070.0,3.3,597.0,0,nao,reforma,48,10500.0,0
E05053,52.0,3350.0,7.1,679.0,2,sim,pessoal,36,19900.0,0
E05054,49.0,10270.0,2.4,557.0,1,nao,reforma,36,9100.0,0
E05055,41.0,4010.0,2.8,650.0,0,nao,veiculo,36,2000.0,0
E05056,34.0,2290.0,2.8,691.0,0,sim,pessoal,24,13200.0,0
E05057,33.0,8420.0,2.5,756.0,1,nao,educacao,48,40500.0,1
E05058,39.0,6860.0,2.2,589.0,0,sim,veiculo,24,32500.0,0
E05059,49.0,,8.5,516.0,1,nao,veiculo,36,24500.0,0
E05060,28.0,2090.0,2.6,634.0,2,sim,veiculo,24,2600.0,0
E05061,43.0,1300.0,4.0,471.0,0,nao,negocio,48,6600.0,1
E05062,27.0,16530.0,2.8,717.0,2,nao,pessoal,36,42600.0,0
E05063,45.0,3510.0,3.1,622.0,0,nao,reforma,24,6000.0,0
E05064,31.0,14440.0,12.3,496.0,2,nao,negocio,48,22500.0,0
E05065,62.0,5410.0,5.7,583.0,1,nao,veiculo,48,18800.0,0
E05066,36.0,6450.0,2.0,733.0,0,sim,pessoal,60,24100.0,0
E05067,42.0,1930.0,4.3,524.0,1,sim,veiculo,12,4800.0,0
E05068,24.0,13830.0,7.2,709.0,1,sim,veiculo,12,10300.0,0
E05069,46.0,4100.0,4.8,816.0,1,nao,educacao,36,19300.0,0
E05070,52.0,,6.8,756.0,5,sim,educacao,12,9700.0,0
E05071,30.0,,2.0,683.0,0,sim,reforma,36,22700.0,0
E05072,39.0,2190.0,7.7,636.0,0,sim,veiculo,48,1900.0,0
E05073,28.0,11120.0,1.8,552.0,2,sim,reforma,24,54500.0,1
E05074,37.0,2130.0,25.8,742.0,0,sim,pessoal,12,3000.0,0
E05075,51.0,,23.9,710.0,1,nao,pessoal,36,11100.0,0
E05076,64.0,4630.0,1.9,825.0,2,nao,pessoal,24,6200.0,0
E05077,49.0,10060.0,,676.0,1,nao,educacao,36,59000.0,0
E05078,25.0,1640.0,4.1,656.0,1,nao,pessoal,60,1200.0,0
E05079,39.0,,4.5,767.0,0,sim,pessoal,24,11900.0,0
E05080,49.0,5070.0,2.2,763.0,0,nao,pessoal,60,5500.0,0
E05081,18.0,1300.0,4.1,425.0,1,nao,educacao,48,1100.0,0
E05082,44.0,1300.0,15.2,779.0,1,nao,negocio,24,2400.0,0
E05083,42.0,2400.0,3.8,729.0,0,sim,veiculo,48,1200.0,0
E05084,66.0,3980.0,1.4,595.0,0,nao,negocio,12,15900.0,0
E05085,40.0,1660.0,8.1,664.0,1,sim,pessoal,24,7400.0,0
E05086,58.0,5300.0,1.7,747.0,6,sim,pessoal,24,30900.0,0
E05087,37.0,6710.0,9.4,778.0,2,nao,veiculo,12,3900.0,0
E05088,48.0,1600.0,2.1,716.0,2,sim,pessoal,36,6000.0,0
E05089,44.0,6850.0,2.4,679.0,2,nao,veiculo,24,14200.0,1
E05090,60.0,6120.0,1.7,712.0,1,sim,veiculo,36,33800.0,0
E05091,57.0,4810.0,1.6,715.0,1,sim,veiculo,36,5500.0,0
E05092,35.0,10110.0,6.7,905.0,0,nao,pessoal,12,34100.0,0
E05093,22.0,6880.0,14.9,794.0,0,sim,educacao,24,19000.0,0
E05094,51.0,4680.0,1.6,712.0,1,sim,pessoal,24,7200.0,0
E05095,61.0,4210.0,3.7,548.0,0,nao,veiculo,36,8000.0,0
E05096,22.0,6180.0,5.3,723.0,2,nao,pessoal,60,28300.0,1
E05097,61.0,4090.0,7.1,614.0,1,sim,pessoal,12,7000.0,0
E05098,30.0,6970.0,5.1,619.0,0,nao,veiculo,24,41600.0,0
E05099,57.0,8320.0,17.7,543.0,0,nao,educacao,36,20500.0,0
E05100,40.0,5130.0,2.4,658.0,2,nao,negocio,60,22900.0,0
E05101,55.0,3490.0,7.5,658.0,2,sim,veiculo,12,14600.0,0
E05102,45.0,,2.7,812.0,2,nao,reforma,24,12300.0,0
E05103,53.0,,7.0,611.0,1,sim,reforma,48,23600.0,0
E05104,36.0,10020.0,4.8,682.0,0,nao,pessoal,24,48300.0,0
E05105,24.0,6690.0,12.7,745.0,1,nao,veiculo,36,37200.0,0
E05106,53.0,1330.0,12.6,704.0,0,nao,pessoal,12,5000.0,0
E05107,53.0,8070.0,3.8,651.0,1,sim,pessoal,24,45600.0,0
E05108,35.0,3080.0,2.6,799.0,1,nao,reforma,48,14000.0,0
E05109,45.0,5220.0,9.7,324.0,4,nao,negocio,48,28700.0,1
E05110,33.0,2520.0,1.4,820.0,0,nao,educacao,36,4800.0,0
E05111,23.0,3680.0,3.0,412.0,1,nao,reforma,48,13600.0,1
E05112,45.0,1300.0,3.4,774.0,0,nao,educacao,60,3300.0,0
E05113,48.0,3420.0,3.2,727.0,1,sim,veiculo,36,12800.0,0
E05114,35.0,2230.0,4.4,672.0,0,sim,educacao,48,2700.0,0
E05115,56.0,1470.0,1.7,794.0,0,nao,reforma,24,7300.0,0
E05116,30.0,12170.0,0.8,646.0,0,nao,pessoal,36,58600.0,0
E05117,55.0,3460.0,15.8,686.0,1,sim,reforma,24,3300.0,0
E05118,27.0,12480.0,7.5,560.0,0,sim,negocio,36,60800.0,0
E05119,46.0,3730.0,0.8,649.0,1,nao,reforma,60,16800.0,1
E05120,41.0,5290.0,0.3,797.0,1,nao,veiculo,36,25300.0,0
E05121,52.0,5080.0,23.9,711.0,1,nao,pessoal,60,11700.0,0
E05122,45.0,2850.0,,735.0,0,nao,veiculo,36,10900.0,0
E05123,45.0,5700.0,8.7,649.0,1,nao,pessoal,24,32000.0,0
E05124,40.0,13270.0,1.2,641.0,0,sim,veiculo,12,48600.0,0
E05125,47.0,5460.0,4.4,562.0,2,sim,reforma,48,11100.0,0
E05126,25.0,3440.0,2.9,663.0,0,sim,pessoal,60,6900.0,0
E05127,18.0,4940.0,1.6,501.0,2,nao,pessoal,60,12300.0,0
E05128,64.0,6490.0,1.5,575.0,0,nao,veiculo,12,11100.0,0
E05129,20.0,,2.1,548.0,0,sim,pessoal,60,11800.0,0
E05130,62.0,3480.0,6.2,762.0,2,nao,negocio,36,15800.0,0
E05131,31.0,3400.0,16.2,740.0,4,sim,pessoal,24,7100.0,0
E05132,58.0,5180.0,7.8,759.0,0,nao,pessoal,48,22300.0,0
E05133,57.0,8830.0,3.2,665.0,0,sim,veiculo,24,11000.0,0
E05134,39.0,4490.0,3.7,754.0,0,sim,negocio,24,4200.0,0
E05135,39.0,5970.0,0.9,719.0,0,nao,pessoal,36,13800.0,0
E05136,32.0,5340.0,10.9,538.0,0,sim,pessoal,24,25300.0,1
E05137,41.0,1300.0,0.8,410.0,2,sim,pessoal,12,1900.0,1
E05138,44.0,3570.0,0.5,584.0,0,sim,pessoal,24,4100.0,1
E05139,66.0,1300.0,3.9,701.0,0,nao,educacao,36,3600.0,0
E05140,18.0,2280.0,9.8,839.0,2,nao,pessoal,60,8000.0,0
E05141,38.0,1460.0,3.8,725.0,1,nao,pessoal,12,4600.0,1
E05142,49.0,,9.4,537.0,1,sim,pessoal,24,9400.0,0
E05143,24.0,2730.0,5.9,670.0,1,nao,pessoal,48,6200.0,0
E05144,54.0,4620.0,1.9,723.0,2,sim,reforma,48,6900.0,0
E05145,55.0,6090.0,6.0,735.0,2,nao,negocio,48,17500.0,0
E05146,50.0,3210.0,3.1,631.0,0,sim,veiculo,12,8600.0,0
E05147,35.0,2810.0,2.1,538.0,2,nao,negocio,24,14300.0,0
E05148,51.0,4170.0,3.3,757.0,3,nao,educacao,60,15400.0,0
E05149,38.0,5460.0,5.3,503.0,2,sim,educacao,24,12700.0,1
E05150,36.0,2330.0,1.6,708.0,2,nao,pessoal,12,4900.0,0
E05151,50.0,2430.0,,553.0,3,sim,veiculo,60,12100.0,0
E05152,34.0,7330.0,9.4,359.0,2,nao,reforma,12,24700.0,1
E05153,51.0,6620.0,6.4,635.0,1,sim,reforma,48,29500.0,0
E05154,51.0,7730.0,14.2,629.0,1,nao,negocio,24,27000.0,0
E05155,53.0,5960.0,7.6,557.0,2,nao,reforma,60,33300.0,0
E05156,31.0,3280.0,5.7,775.0,0,nao,educacao,48,10900.0,0
E05157,47.0,1310.0,0.3,455.0,2,nao,educacao,36,4600.0,0
E05158,37.0,4300.0,1.2,699.0,1,nao,educacao,12,25000.0,0
E05159,66.0,11410.0,7.4,713.0,1,sim,veiculo,24,20500.0,0
E05160,24.0,4840.0,3.6,668.0,1,sim,negocio,60,20700.0,0
E05161,42.0,3070.0,3.9,621.0,3,nao,educacao,24,4600.0,0
E05162,39.0,1460.0,2.6,529.0,1,sim,veiculo,24,3300.0,1
E05163,41.0,1570.0,3.0,622.0,2,nao,negocio,24,8200.0,1
E05164,25.0,3430.0,6.9,721.0,0,nao,pessoal,36,11200.0,1
E05165,31.0,3810.0,3.5,519.0,2,nao,veiculo,24,14700.0,1
E05166,24.0,2790.0,10.4,400.0,1,sim,pessoal,48,6600.0,0
E05167,23.0,6340.0,1.8,582.0,0,nao,veiculo,12,5100.0,0
E05168,36.0,2970.0,12.8,585.0,0,sim,pessoal,24,7900.0,0
E05169,68.0,2100.0,6.0,431.0,1,sim,veiculo,36,7300.0,0
E05170,51.0,7720.0,0.6,566.0,0,nao,negocio,24,6100.0,1
E05171,32.0,4500.0,3.0,828.0,1,sim,pessoal,36,12700.0,0
E05172,38.0,3740.0,2.3,756.0,0,sim,pessoal,24,6900.0,0
E05173,26.0,2500.0,2.1,707.0,2,nao,pessoal,36,14500.0,0
E05174,18.0,2090.0,1.1,672.0,0,nao,veiculo,60,10000.0,0
E05175,41.0,1910.0,2.7,382.0,2,nao,veiculo,36,9100.0,1
E05176,38.0,4390.0,3.7,771.0,1,nao,veiculo,24,3000.0,0
E05177,38.0,5080.0,0.3,483.0,0,sim,negocio,24,10800.0,0
E05178,35.0,2340.0,2.6,558.0,1,sim,pessoal,24,2600.0,1
E05179,34.0,2910.0,1.6,597.0,1,sim,pessoal,24,4400.0,0
E05180,46.0,3260.0,2.4,654.0,0,sim,pessoal,12,10300.0,0
E05181,27.0,2900.0,1.0,522.0,1,nao,veiculo,24,4200.0,0
E05182,41.0,,1.9,533.0,0,sim,pessoal,12,12300.0,1
E05183,19.0,5140.0,10.0,744.0,2,nao,reforma,48,18200.0,0
E05184,63.0,2870.0,14.2,854.0,2,nao,pessoal,48,16000.0,0
E05185,49.0,4650.0,,612.0,2,nao,pessoal,12,22200.0,1
E05186,32.0,3610.0,6.7,724.0,1,sim,educacao,36,11400.0,0
E05187,36.0,3750.0,1.0,618.0,0,nao,veiculo,24,6400.0,0
E05188,50.0,2840.0,9.5,741.0,0,nao,pessoal,12,16000.0,0
E05189,51.0,1500.0,7.6,698.0,0,sim,veiculo,24,8500.0,0
E05190,33.0,2930.0,0.1,702.0,2,sim,veiculo,24,16200.0,0
E05191,33.0,3530.0,2.4,540.0,1,sim,veiculo,36,14200.0,0
E05192,33.0,3550.0,6.5,585.0,1,nao,pessoal,36,12400.0,0
E05193,49.0,2280.0,1.9,643.0,1,nao,veiculo,24,4700.0,0
E05194,37.0,2450.0,0.3,605.0,1,nao,veiculo,36,5000.0,0
E05195,46.0,6380.0,3.9,704.0,1,nao,veiculo,24,15900.0,0
E05196,45.0,1780.0,1.7,451.0,2,nao,reforma,60,10600.0,0
E05197,35.0,6880.0,8.0,815.0,0,sim,pessoal,48,18100.0,0
E05198,24.0,2080.0,8.2,806.0,0,nao,reforma,12,9000.0,0
E05199,53.0,5490.0,2.6,696.0,1,nao,veiculo,24,8800.0,0
E05200,42.0,4410.0,1.6,610.0,0,nao,veiculo,24,17900.0,0
E05201,42.0,1300.0,9.3,606.0,0,nao,veiculo,36,5000.0,0
E05202,40.0,13790.0,7.2,592.0,0,nao,pessoal,60,15500.0,0
E05203,25.0,10990.0,,685.0,1,sim,reforma,24,46300.0,0
E05204,35.0,1640.0,3.2,584.0,2,sim,reforma,60,1400.0,0
E05205,43.0,6140.0,,590.0,1,nao,reforma,36,30300.0,0
E05206,34.0,2850.0,0.8,459.0,0,nao,negocio,48,16000.0,0
E05207,44.0,1750.0,1.9,649.0,0,sim,pessoal,60,9500.0,0
E05208,38.0,2130.0,14.8,605.0,2,nao,veiculo,24,11200.0,0
E05209,23.0,4200.0,6.1,829.0,1,nao,reforma,36,11400.0,0
E05210,18.0,3730.0,2.2,646.0,1,nao,negocio,24,7900.0,1
E05211,45.0,5920.0,6.3,376.0,1,sim,veiculo,12,24000.0,1
E05212,30.0,5490.0,3.0,686.0,1,nao,reforma,12,3800.0,0
E05213,36.0,5550.0,20.8,668.0,2,nao,negocio,60,14400.0,0
E05214,30.0,8450.0,8.1,564.0,2,nao,negocio,24,12400.0,1
E05215,52.0,4460.0,5.3,863.0,1,nao,veiculo,24,8700.0,0
E05216,24.0,3320.0,8.0,672.0,0,sim,veiculo,24,6900.0,0
E05217,51.0,4500.0,3.4,549.0,3,sim,pessoal,24,11400.0,0
E05218,23.0,12870.0,2.6,791.0,1,sim,educacao,24,57600.0,0
E05219,47.0,4370.0,2.8,659.0,1,nao,negocio,36,17600.0,0
E05220,38.0,2240.0,4.9,626.0,1,nao,veiculo,24,11200.0,0
E05221,41.0,3250.0,4.0,571.0,3,sim,pessoal,60,18200.0,1
E05222,43.0,3010.0,1.2,611.0,2,sim,pessoal,12,11600.0,0
E05223,38.0,7000.0,3.5,476.0,1,nao,veiculo,60,37300.0,0
E05224,48.0,2510.0,1.0,606.0,0,nao,educacao,12,12100.0,1
E05225,35.0,4490.0,3.0,531.0,2,nao,educacao,48,22500.0,0
E05226,26.0,5820.0,0.2,765.0,0,nao,negocio,36,7900.0,0
E05227,34.0,9070.0,8.8,645.0,0,sim,pessoal,24,43600.0,0
E05228,35.0,3460.0,4.0,805.0,1,nao,pessoal,24,12900.0,0
E05229,43.0,6930.0,0.7,794.0,1,nao,negocio,24,6400.0,0
E05230,26.0,6580.0,,537.0,4,nao,educacao,48,11800.0,0
E05231,51.0,1960.0,3.9,653.0,1,nao,educacao,24,2700.0,0
E05232,56.0,4090.0,0.8,644.0,1,sim,pessoal,12,11300.0,0
E05233,36.0,4230.0,14.3,657.0,1,nao,veiculo,36,18400.0,0
E05234,47.0,20200.0,5.3,765.0,1,nao,veiculo,60,105700.0,0
E05235,65.0,7240.0,3.6,631.0,1,nao,pessoal,48,21600.0,0
E05236,42.0,6220.0,2.1,652.0,2,sim,negocio,60,28100.0,0
E05237,25.0,1740.0,4.8,645.0,2,sim,reforma,36,2300.0,0
E05238,36.0,3270.0,7.8,644.0,0,sim,reforma,24,9500.0,0
E05239,32.0,1300.0,4.9,534.0,1,sim,reforma,24,6600.0,0
E05240,43.0,1300.0,1.7,578.0,6,nao,veiculo,36,5900.0,1
E05241,54.0,4030.0,11.0,390.0,1,sim,negocio,24,5900.0,1
E05242,19.0,2370.0,6.3,683.0,3,nao,pessoal,24,5800.0,1
E05243,56.0,3550.0,2.8,658.0,2,nao,veiculo,24,16500.0,1
E05244,43.0,6270.0,2.7,667.0,1,nao,veiculo,36,27200.0,0
E05245,48.0,2160.0,12.2,802.0,0,sim,veiculo,36,5200.0,0
E05246,45.0,5090.0,2.0,711.0,1,sim,pessoal,24,9800.0,0
E05247,32.0,5540.0,2.8,772.0,0,nao,pessoal,24,12700.0,0
E05248,46.0,5450.0,1.7,759.0,1,nao,veiculo,36,4500.0,0
E05249,52.0,6370.0,9.4,828.0,1,nao,pessoal,36,14700.0,0
E05250,55.0,5490.0,11.3,782.0,1,nao,veiculo,48,6900.0,0
E05251,53.0,4550.0,4.1,548.0,1,nao,pessoal,36,23100.0,1
E05252,34.0,2640.0,2.3,711.0,3,nao,pessoal,48,11500.0,0
E05253,56.0,2740.0,6.4,717.0,1,nao,pessoal,12,3000.0,0
E05254,53.0,1300.0,3.4,689.0,1,nao,pessoal,48,5300.0,0
E05255,51.0,10380.0,2.5,863.0,1,sim,educacao,60,48200.0,0
E05256,26.0,17310.0,4.0,670.0,1,nao,pessoal,60,17500.0,0
E05257,34.0,3290.0,0.5,705.0,3,sim,pessoal,24,4800.0,0
E05258,42.0,4210.0,13.8,635.0,0,nao,negocio,24,6100.0,0
E05259,50.0,7040.0,3.7,622.0,0,nao,pessoal,24,12100.0,0
E05260,23.0,4850.0,10.7,604.0,1,nao,veiculo,36,7000.0,0
E05261,26.0,3920.0,13.8,543.0,1,nao,pessoal,24,14300.0,0
E05262,41.0,5220.0,6.3,689.0,0,nao,negocio,24,24400.0,0
E05263,27.0,13250.0,2.6,829.0,0,nao,negocio,36,52100.0,0
E05264,35.0,4050.0,0.6,623.0,1,nao,reforma,24,20200.0,1
E05265,39.0,5260.0,6.7,677.0,4,nao,veiculo,24,20500.0,0
E05266,18.0,3200.0,,550.0,2,sim,reforma,36,9300.0,0
E05267,43.0,4230.0,5.9,446.0,1,nao,pessoal,12,13300.0,1
E05268,38.0,7310.0,8.7,642.0,1,nao,negocio,24,35400.0,1
E05269,21.0,4080.0,9.0,570.0,3,sim,pessoal,24,6600.0,1
E05270,33.0,2500.0,5.7,533.0,1,nao,pessoal,60,14600.0,0
E05271,49.0,1560.0,5.2,456.0,3,nao,veiculo,48,9200.0,1
E05272,36.0,2430.0,8.2,472.0,3,sim,veiculo,12,12900.0,1
E05273,40.0,10210.0,5.0,657.0,0,nao,negocio,36,22900.0,0
E05274,43.0,3750.0,1.3,848.0,0,nao,negocio,24,10300.0,0
E05275,18.0,1450.0,1.8,580.0,1,nao,reforma,36,5100.0,0
E05276,57.0,1410.0,3.3,699.0,3,sim,reforma,12,8300.0,1
E05277,45.0,5510.0,9.0,536.0,0,sim,pessoal,60,12200.0,0
E05278,45.0,1460.0,2.8,563.0,0,nao,negocio,24,3900.0,0
E05279,47.0,1810.0,4.3,476.0,0,nao,educacao,24,6100.0,0
E05280,39.0,5220.0,9.7,603.0,0,sim,pessoal,12,8900.0,0
E05281,40.0,9640.0,,390.0,0,nao,pessoal,24,43000.0,0
E05282,67.0,6590.0,9.4,529.0,0,nao,educacao,48,18200.0,0
E05283,22.0,1820.0,4.9,594.0,2,nao,pessoal,12,1500.0,1
E05284,47.0,6200.0,2.2,580.0,2,nao,veiculo,12,28700.0,0
E05285,27.0,8880.0,3.7,686.0,0,sim,veiculo,60,23900.0,0
E05286,57.0,2310.0,8.6,717.0,1,nao,educacao,48,13500.0,0
E05287,41.0,5330.0,2.6,623.0,1,nao,reforma,60,15900.0,0
E05288,23.0,,5.9,758.0,1,nao,educacao,24,40500.0,0
E05289,46.0,6720.0,0.9,442.0,1,sim,pessoal,12,9700.0,1
E05290,53.0,1360.0,3.2,720.0,0,nao,educacao,48,4900.0,0
E05291,44.0,2660.0,6.0,623.0,3,nao,pessoal,48,13200.0,0
E05292,50.0,3490.0,9.5,466.0,1,nao,negocio,36,5400.0,0
E05293,57.0,,6.1,728.0,1,nao,veiculo,24,6800.0,0
E05294,49.0,3540.0,5.1,672.0,0,sim,veiculo,24,3000.0,0
E05295,35.0,1850.0,1.4,581.0,1,sim,veiculo,36,7800.0,0
E05296,56.0,2690.0,20.0,755.0,0,nao,veiculo,12,4600.0,0
E05297,46.0,2730.0,12.2,644.0,2,sim,reforma,36,2800.0,0
E05298,34.0,4650.0,5.8,734.0,2,nao,negocio,12,6000.0,1
E05299,45.0,3070.0,6.5,679.0,0,nao,veiculo,24,9800.0,0
E05300,45.0,3710.0,6.9,518.0,2,sim,negocio,36,18000.0,1
E05301,42.0,1300.0,0.6,458.0,3,nao,negocio,60,6700.0,1
E05302,24.0,6320.0,4.3,519.0,0,sim,negocio,48,6200.0,0
E05303,54.0,4180.0,25.2,672.0,1,nao,educacao,24,4600.0,0
E05304,49.0,5600.0,5.3,580.0,0,nao,pessoal,12,6400.0,0
E05305,33.0,2620.0,3.0,678.0,1,sim,reforma,60,2200.0,0
E05306,46.0,4000.0,8.3,578.0,2,nao,negocio,24,14200.0,0
E05307,44.0,4480.0,5.9,447.0,3,sim,veiculo,12,5900.0,1
E05308,21.0,,4.7,687.0,1,nao,veiculo,24,10600.0,0
E05309,39.0,4110.0,10.3,739.0,0,sim,veiculo,60,20700.0,0
E05310,44.0,6810.0,15.5,621.0,2,sim,negocio,24,12800.0,0
E05311,60.0,4020.0,4.7,611.0,3,sim,reforma,12,2500.0,0
E05312,41.0,6790.0,5.1,744.0,1,sim,veiculo,48,31500.0,0
E05313,60.0,6280.0,6.2,703.0,3,nao,negocio,24,10900.0,0
E05314,37.0,1600.0,13.1,779.0,1,nao,pessoal,36,5900.0,0
E05315,38.0,7880.0,0.8,746.0,1,nao,negocio,24,16000.0,0
E05316,20.0,3650.0,6.1,569.0,0,sim,educacao,24,8200.0,0
E05317,39.0,6370.0,1.7,598.0,1,nao,pessoal,24,26900.0,0
E05318,35.0,4640.0,6.5,643.0,0,nao,negocio,48,25200.0,0
E05319,33.0,2560.0,12.3,614.0,0,sim,veiculo,24,3200.0,0
E05320,34.0,1300.0,1.6,587.0,2,sim,pessoal,60,3900.0,0
E05321,29.0,19680.0,7.1,694.0,0,sim,pessoal,60,32700.0,0
E05322,29.0,2590.0,11.2,660.0,1,nao,pessoal,24,4000.0,0
E05323,40.0,3330.0,6.1,583.0,0,nao,pessoal,48,10000.0,0
E05324,48.0,1880.0,3.3,520.0,2,sim,veiculo,12,7600.0,1
E05325,57.0,2190.0,8.2,661.0,2,nao,pessoal,12,6800.0,0
E05326,45.0,3630.0,0.4,572.0,2,nao,veiculo,24,2100.0,0
E05327,21.0,2370.0,1.2,580.0,1,sim,veiculo,60,8600.0,0
E05328,44.0,2890.0,4.0,549.0,2,nao,reforma,12,15200.0,0
E05329,56.0,3620.0,4.8,598.0,0,nao,veiculo,36,16800.0,0
E05330,43.0,6870.0,11.2,576.0,3,nao,pessoal,36,33200.0,0
E05331,55.0,4990.0,3.3,758.0,1,sim,pessoal,60,20800.0,0
E05332,36.0,1810.0,4.1,612.0,3,sim,veiculo,24,2200.0,1
E05333,33.0,8160.0,8.7,481.0,2,sim,pessoal,12,27800.0,0
E05334,34.0,2620.0,15.0,649.0,1,nao,pessoal,36,4800.0,1
E05335,46.0,1480.0,2.7,772.0,0,nao,negocio,24,2500.0,0
E05336,29.0,4510.0,4.5,631.0,2,nao,pessoal,24,23800.0,0
E05337,36.0,2950.0,3.8,619.0,5,sim,pessoal,36,12000.0,1
E05338,45.0,1300.0,5.9,460.0,0,nao,veiculo,24,6600.0,1
E05339,56.0,3120.0,9.4,620.0,2,sim,negocio,24,5300.0,0
E05340,30.0,7430.0,6.1,565.0,0,nao,reforma,60,30100.0,0
E05341,57.0,4280.0,6.1,442.0,1,sim,reforma,60,7500.0,0
E05342,58.0,1830.0,8.5,525.0,2,nao,veiculo,36,9300.0,0
E05343,27.0,5510.0,5.0,773.0,1,sim,negocio,12,20900.0,0
E05344,34.0,5830.0,1.4,743.0,0,nao,pessoal,48,8300.0,0
E05345,33.0,4530.0,9.4,778.0,0,sim,pessoal,24,17600.0,0
E05346,28.0,11050.0,1.8,644.0,0,nao,pessoal,24,46400.0,0
E05347,43.0,9100.0,10.0,411.0,5,nao,pessoal,24,41700.0,1
E05348,50.0,6410.0,24.5,672.0,0,nao,pessoal,24,21800.0,0
E05349,41.0,2080.0,0.7,900.0,1,sim,veiculo,36,10700.0,0
E05350,39.0,5320.0,0.7,505.0,1,nao,negocio,60,17600.0,0
E05351,59.0,4150.0,12.7,454.0,1,nao,veiculo,36,3100.0,1
E05352,34.0,3250.0,3.0,526.0,4,sim,reforma,60,16800.0,1
E05353,42.0,,3.2,707.0,0,nao,reforma,24,20800.0,0
E05354,39.0,1300.0,2.3,404.0,1,sim,pessoal,24,3400.0,1
E05355,32.0,4630.0,1.4,697.0,0,nao,negocio,48,3000.0,0
E05356,31.0,3670.0,8.6,592.0,1,nao,veiculo,48,8300.0,0
E05357,44.0,1460.0,0.7,630.0,4,sim,reforma,36,8600.0,1
E05358,59.0,2470.0,3.0,690.0,0,nao,reforma,24,5500.0,0
E05359,45.0,1300.0,13.4,598.0,1,sim,veiculo,24,7000.0,0
E05360,28.0,8130.0,2.2,625.0,0,nao,educacao,36,14600.0,0
E05361,32.0,14530.0,8.6,645.0,1,sim,educacao,48,73800.0,0
E05362,42.0,4390.0,2.9,753.0,3,nao,veiculo,60,4000.0,0
E05363,32.0,4250.0,,627.0,2,nao,pessoal,12,25400.0,0
E05364,44.0,1860.0,7.7,460.0,2,nao,negocio,60,10300.0,0
E05365,47.0,6760.0,7.4,670.0,0,nao,reforma,24,18900.0,0
E05366,36.0,2130.0,3.3,704.0,1,nao,veiculo,12,1800.0,0
E05367,18.0,2640.0,5.2,906.0,1,nao,pessoal,48,5900.0,0
E05368,40.0,1300.0,2.8,658.0,3,sim,reforma,60,4200.0,0
E05369,52.0,4210.0,2.9,739.0,1,nao,pessoal,12,14000.0,0
E05370,45.0,2300.0,11.3,648.0,0,nao,educacao,36,13600.0,0
E05371,59.0,1300.0,4.1,660.0,2,nao,reforma,48,5500.0,0
E05372,49.0,1770.0,1.5,780.0,3,nao,pessoal,60,1200.0,0
E05373,34.0,12140.0,1.7,863.0,3,sim,pessoal,60,56600.0,0
E05374,33.0,6990.0,19.6,700.0,0,nao,reforma,24,16000.0,0
E05375,37.0,6750.0,11.5,783.0,1,nao,reforma,24,26700.0,0
E05376,35.0,1300.0,15.4,355.0,3,nao,reforma,12,2800.0,0
E05377,42.0,4710.0,5.9,517.0,2,nao,educacao,48,4400.0,1
E05378,26.0,5810.0,3.5,572.0,1,sim,negocio,36,23500.0,0
E05379,31.0,6940.0,2.9,682.0,2,nao,pessoal,24,23600.0,0
E05380,36.0,3810.0,2.6,521.0,0,nao,pessoal,36,3900.0,0
E05381,40.0,4410.0,4.5,590.0,1,sim,pessoal,24,7400.0,0
E05382,50.0,4800.0,2.3,652.0,0,sim,negocio,48,25300.0,0
E05383,35.0,8000.0,13.6,751.0,0,sim,negocio,60,17100.0,0
E05384,18.0,2890.0,1.9,656.0,0,sim,negocio,24,10100.0,0
E05385,52.0,4580.0,6.7,712.0,1,nao,educacao,48,11200.0,0
E05386,37.0,13850.0,5.4,616.0,1,nao,veiculo,36,75600.0,0
E05387,37.0,4620.0,4.1,574.0,2,nao,pessoal,48,8800.0,0
E05388,49.0,3990.0,10.4,804.0,0,nao,pessoal,24,2400.0,0
E05389,53.0,12930.0,5.2,659.0,0,sim,pessoal,36,6700.0,0
E05390,45.0,4200.0,2.2,510.0,0,sim,reforma,48,15600.0,0
E05391,40.0,8180.0,6.1,618.0,3,nao,reforma,24,15700.0,0
E05392,37.0,9770.0,20.1,750.0,1,nao,reforma,60,47400.0,0
E05393,28.0,3230.0,2.7,494.0,2,nao,pessoal,36,4400.0,1
E05394,43.0,5340.0,5.1,535.0,1,sim,reforma,36,22700.0,0
E05395,26.0,3960.0,1.7,526.0,2,nao,veiculo,48,20800.0,0
E05396,40.0,2120.0,12.4,676.0,0,nao,educacao,48,12500.0,0
E05397,63.0,2170.0,8.9,578.0,1,nao,educacao,60,7200.0,0
E05398,23.0,6170.0,15.9,497.0,3,nao,negocio,60,36700.0,1
E05399,45.0,6090.0,3.2,504.0,2,nao,reforma,36,10300.0,0
E05400,35.0,5820.0,24.8,759.0,0,sim,pessoal,36,9700.0,0
E05401,31.0,3890.0,7.6,637.0,1,nao,pessoal,60,10800.0,0
E05402,34.0,2240.0,5.4,680.0,1,nao,negocio,24,8400.0,0
E05403,41.0,14240.0,6.6,615.0,2,nao,pessoal,24,52600.0,0
E05404,68.0,2520.0,4.4,484.0,3,nao,reforma,36,10400.0,0
E05405,50.0,5320.0,10.5,721.0,0,nao,negocio,36,31200.0,0
E05406,47.0,2680.0,3.4,576.0,3,nao,pessoal,36,3100.0,1
E05407,34.0,3080.0,2.8,689.0,0,nao,pessoal,60,2100.0,0
E05408,27.0,2990.0,8.6,591.0,0,sim,veiculo,48,4600.0,0
E05409,31.0,4180.0,3.4,555.0,2,nao,negocio,24,16200.0,1
E05410,55.0,5510.0,18.8,684.0,1,sim,pessoal,24,16500.0,0
E05411,34.0,6550.0,4.9,587.0,1,nao,pessoal,12,21800.0,0
E05412,43.0,1680.0,5.0,847.0,0,nao,pessoal,24,4000.0,0
E05413,41.0,1700.0,5.8,768.0,2,nao,reforma,36,1300.0,0
E05414,42.0,3090.0,2.1,492.0,0,sim,pessoal,36,7600.0,0
E05415,39.0,,6.6,650.0,1,nao,veiculo,12,16200.0,0
E05416,46.0,,6.6,612.0,0,nao,negocio,12,3700.0,0
E05417,31.0,4890.0,8.0,562.0,0,nao,pessoal,48,21200.0,0
E05418,48.0,3780.0,3.6,540.0,3,nao,pessoal,48,18600.0,1
E05419,64.0,2470.0,4.5,590.0,2,nao,pessoal,12,14500.0,1
E05420,41.0,6890.0,1.8,801.0,0,nao,pessoal,60,25600.0,0
E05421,36.0,5370.0,0.0,689.0,2,nao,veiculo,36,20800.0,0
E05422,38.0,4920.0,7.8,649.0,0,nao,veiculo,48,25400.0,1
E05423,49.0,3330.0,9.6,492.0,2,nao,pessoal,24,16700.0,0
E05424,26.0,2690.0,1.3,300.0,0,nao,reforma,24,16000.0,1
E05425,55.0,,0.6,523.0,0,nao,negocio,24,26500.0,0
E05426,41.0,4230.0,7.2,795.0,1,nao,pessoal,12,14300.0,0
E05427,45.0,1960.0,3.1,592.0,1,nao,reforma,24,1100.0,0
E05428,39.0,6510.0,5.5,576.0,1,sim,reforma,36,5900.0,0
E05429,40.0,14400.0,,720.0,0,nao,pessoal,24,84600.0,1
E05430,29.0,2590.0,0.6,643.0,2,sim,pessoal,48,8800.0,0
E05431,29.0,4240.0,4.0,557.0,1,sim,reforma,12,18900.0,1
E05432,25.0,3850.0,5.2,690.0,1,nao,reforma,12,6500.0,0
E05433,23.0,6270.0,6.7,699.0,2,nao,pessoal,24,18900.0,0
E05434,55.0,4050.0,2.8,891.0,2,sim,veiculo,24,12800.0,0
E05435,38.0,2950.0,0.9,784.0,1,nao,negocio,12,6000.0,0
E05436,45.0,6220.0,3.3,601.0,2,sim,pessoal,12,24700.0,1
E05437,45.0,5320.0,14.8,639.0,0,nao,pessoal,48,8800.0,0
E05438,42.0,9260.0,10.8,495.0,1,nao,pessoal,24,9100.0,0
E05439,49.0,9200.0,4.9,617.0,1,nao,pessoal,24,37000.0,0
E05440,56.0,3690.0,3.5,693.0,1,nao,pessoal,12,17800.0,0
E05441,42.0,7010.0,11.3,636.0,1,nao,reforma,12,26000.0,0
E05442,32.0,6800.0,7.1,511.0,2,sim,educacao,24,10200.0,0
E05443,54.0,,6.1,569.0,0,nao,veiculo,24,31100.0,0
E05444,23.0,4510.0,12.2,562.0,1,nao,negocio,24,21300.0,1
E05445,48.0,1630.0,11.4,706.0,1,sim,reforma,12,4700.0,0
E05446,42.0,2150.0,5.0,702.0,2,nao,educacao,24,9200.0,0
E05447,48.0,3040.0,5.6,649.0,0,nao,educacao,24,1700.0,0
E05448,27.0,2920.0,6.2,693.0,0,sim,pessoal,12,15100.0,0
E05449,48.0,6430.0,3.0,606.0,1,nao,veiculo,48,28100.0,0
E05450,36.0,5270.0,7.8,544.0,0,sim,pessoal,24,31200.0,0
E05451,33.0,4860.0,0.8,613.0,1,sim,negocio,48,3700.0,0
E05452,59.0,4630.0,1.0,650.0,1,sim,reforma,24,2400.0,0
E05453,52.0,2900.0,8.6,667.0,0,sim,pessoal,60,10300.0,0
E05454,46.0,12180.0,1.0,575.0,0,nao,veiculo,24,66400.0,1
E05455,43.0,4870.0,23.3,450.0,2,sim,reforma,60,15400.0,0
E05456,30.0,4530.0,3.8,661.0,1,nao,veiculo,24,7700.0,0
E05457,31.0,4030.0,4.5,435.0,0,sim,negocio,24,15700.0,1
E05458,46.0,1890.0,0.7,597.0,2,sim,negocio,12,7500.0,0
E05459,26.0,8580.0,0.9,462.0,1,nao,reforma,60,21500.0,1
E05460,53.0,6250.0,15.8,759.0,1,nao,veiculo,60,22100.0,0
E05461,55.0,14680.0,0.7,723.0,1,nao,negocio,36,7400.0,0
E05462,53.0,6530.0,1.3,732.0,0,nao,reforma,24,8900.0,1
E05463,47.0,6560.0,6.3,502.0,3,nao,veiculo,48,14200.0,0
E05464,30.0,3060.0,4.6,476.0,1,nao,veiculo,36,3600.0,0
E05465,29.0,5110.0,4.7,871.0,1,sim,pessoal,36,13100.0,0
E05466,56.0,6020.0,10.1,650.0,1,nao,pessoal,12,7900.0,0
E05467,45.0,1320.0,4.7,429.0,1,sim,pessoal,36,6500.0,1
E05468,49.0,12530.0,5.5,591.0,1,nao,negocio,36,47300.0,0
E05469,55.0,5670.0,1.8,540.0,0,nao,pessoal,24,23700.0,0
E05470,65.0,8710.0,13.0,717.0,0,nao,veiculo,60,17600.0,0
E05471,30.0,8260.0,0.2,514.0,1,nao,pessoal,60,46100.0,0
E05472,55.0,,,582.0,3,nao,pessoal,12,7700.0,0
E05473,20.0,2680.0,13.3,711.0,0,nao,pessoal,36,4500.0,0
E05474,36.0,3850.0,3.1,663.0,2,nao,pessoal,48,15400.0,0
E05475,26.0,,5.7,587.0,3,sim,veiculo,24,17100.0,1
E05476,46.0,5070.0,1.3,519.0,3,sim,pessoal,24,27500.0,1
E05477,61.0,7600.0,6.4,666.0,2,nao,pessoal,60,45300.0,1
E05478,32.0,1530.0,5.6,430.0,2,sim,reforma,48,7800.0,1
E05479,20.0,3510.0,0.4,674.0,1,sim,veiculo,12,4200.0,0
E05480,28.0,7420.0,7.1,640.0,2,sim,veiculo,36,41600.0,0
E05481,26.0,1610.0,5.2,601.0,1,sim,negocio,36,7300.0,0
E05482,18.0,6040.0,6.4,526.0,1,sim,negocio,36,20500.0,1
E05483,46.0,8060.0,4.8,676.0,0,nao,pessoal,60,33300.0,0
E05484,44.0,2330.0,,664.0,1,sim,veiculo,48,2500.0,0
E05485,33.0,5040.0,2.5,541.0,2,sim,veiculo,36,8300.0,1
E05486,46.0,6410.0,3.3,372.0,0,sim,negocio,24,31200.0,1
E05487,48.0,5610.0,4.9,643.0,0,nao,veiculo,36,10900.0,0
E05488,59.0,6600.0,12.9,762.0,1,nao,veiculo,36,26200.0,0
E05489,44.0,5290.0,3.5,602.0,0,sim,negocio,24,10300.0,0
E05490,28.0,5040.0,1.8,599.0,3,nao,reforma,36,24800.0,1
E05491,49.0,4960.0,,663.0,1,nao,pessoal,48,6400.0,0
E05492,28.0,7780.0,4.0,545.0,4,sim,negocio,24,42600.0,1
E05493,44.0,3010.0,3.8,608.0,0,sim,veiculo,36,18000.0,0
E05494,60.0,6640.0,6.5,749.0,1,nao,veiculo,24,5500.0,0
E05495,43.0,1950.0,1.9,661.0,2,sim,negocio,24,7200.0,0
E05496,49.0,1840.0,4.0,824.0,2,sim,educacao,36,2400.0,0
E05497,22.0,1300.0,8.3,658.0,3,sim,veiculo,36,6100.0,0
E05498,56.0,3020.0,16.0,705.0,0,sim,veiculo,12,6500.0,0
E05499,18.0,2420.0,0.7,581.0,0,sim,pessoal,48,13700.0,0
E05500,61.0,3740.0,4.3,610.0,1,sim,veiculo,24,9800.0,0
E05501,65.0,4540.0,5.4,658.0,0,sim,pessoal,48,24900.0,0
E05502,37.0,2700.0,1.9,773.0,4,sim,veiculo,24,4400.0,0
E05503,35.0,6770.0,1.7,622.0,1,sim,pessoal,60,4900.0,0
E05504,38.0,5670.0,3.6,737.0,2,sim,negocio,48,25400.0,0
E05505,54.0,2080.0,10.9,776.0,2,nao,pessoal,36,7000.0,0
E05506,21.0,1300.0,6.8,855.0,1,nao,veiculo,36,4300.0,0
E05507,38.0,4020.0,1.9,659.0,2,nao,pessoal,60,24000.0,0
E05508,44.0,2290.0,7.5,683.0,1,nao,pessoal,60,11000.0,0
E05509,59.0,7740.0,0.2,581.0,0,sim,pessoal,60,38300.0,0
E05510,28.0,5870.0,1.9,677.0,1,sim,veiculo,36,23500.0,0
E05511,47.0,3010.0,0.8,695.0,0,sim,veiculo,60,14400.0,0
E05512,43.0,5260.0,5.6,624.0,0,sim,pessoal,36,12900.0,0
E05513,52.0,4630.0,3.0,495.0,1,sim,pessoal,36,6700.0,0
E05514,51.0,7790.0,5.8,601.0,2,nao,pessoal,12,33100.0,0
E05515,32.0,2700.0,16.4,363.0,0,sim,pessoal,48,10300.0,0
E05516,77.0,20710.0,0.1,628.0,0,nao,reforma,24,115400.0,0
E05517,58.0,5870.0,5.8,520.0,2,sim,reforma,36,11800.0,0
E05518,27.0,,3.1,684.0,0,nao,veiculo,48,15600.0,0
E05519,32.0,5810.0,2.9,889.0,1,sim,pessoal,24,9200.0,0
E05520,49.0,3230.0,2.9,743.0,1,sim,pessoal,24,15500.0,0
E05521,34.0,3850.0,4.3,561.0,2,nao,educacao,60,12700.0,0
E05522,38.0,2360.0,0.1,762.0,5,nao,veiculo,60,11100.0,1
E05523,61.0,7650.0,3.8,674.0,1,nao,pessoal,12,43400.0,1
E05524,54.0,3730.0,5.2,709.0,1,nao,negocio,60,2800.0,0
E05525,36.0,4050.0,5.3,619.0,1,sim,veiculo,36,4700.0,1
E05526,37.0,3570.0,0.4,751.0,1,sim,negocio,12,20500.0,0
E05527,18.0,3630.0,,550.0,1,nao,pessoal,24,10000.0,1
E05528,46.0,2710.0,12.2,439.0,1,nao,veiculo,60,8200.0,0
E05529,18.0,3750.0,7.6,573.0,0,sim,pessoal,24,16800.0,0
E05530,28.0,1300.0,7.4,677.0,1,nao,pessoal,36,5500.0,0
E05531,26.0,8760.0,0.5,578.0,2,sim,veiculo,36,22900.0,0
E05532,52.0,3570.0,5.6,731.0,1,nao,educacao,12,13000.0,0
E05533,44.0,2950.0,3.2,662.0,1,nao,pessoal,24,5300.0,0
E05534,47.0,7810.0,6.0,584.0,1,sim,negocio,60,45500.0,0
E05535,23.0,12390.0,2.5,646.0,0,nao,reforma,60,46500.0,1
E05536,56.0,1890.0,10.0,300.0,1,nao,veiculo,12,5600.0,1
E05537,40.0,9080.0,5.0,708.0,1,nao,veiculo,36,47000.0,1
E05538,25.0,1990.0,0.6,666.0,1,nao,veiculo,36,8300.0,0
E05539,35.0,4520.0,0.8,551.0,4,nao,veiculo,24,18500.0,1
E05540,61.0,10140.0,2.0,746.0,1,nao,reforma,24,31400.0,0
E05541,31.0,2320.0,25.8,587.0,2,nao,pessoal,36,11000.0,0
E05542,44.0,2500.0,7.4,657.0,0,nao,veiculo,24,3000.0,0
E05543,41.0,9080.0,5.9,601.0,1,sim,veiculo,36,32200.0,0
E05544,32.0,1300.0,19.5,448.0,1,sim,veiculo,36,5500.0,0
E05545,47.0,9890.0,6.4,603.0,2,nao,veiculo,48,6100.0,0
E05546,46.0,1900.0,5.4,443.0,0,sim,veiculo,24,4800.0,0
E05547,39.0,5120.0,3.7,644.0,1,nao,negocio,12,4600.0,0
E05548,38.0,,1.1,649.0,0,nao,veiculo,24,5100.0,0
E05549,28.0,3970.0,5.1,685.0,0,sim,educacao,24,21600.0,0
E05550,21.0,2860.0,1.6,557.0,1,sim,reforma,60,1700.0,0
E05551,50.0,3140.0,3.1,525.0,2,sim,negocio,24,17700.0,0
E05552,32.0,2470.0,6.4,679.0,1,nao,educacao,48,13300.0,0
E05553,46.0,4990.0,1.0,392.0,0,sim,reforma,24,14900.0,0
E05554,44.0,3150.0,4.7,659.0,0,sim,reforma,48,4100.0,0
E05555,41.0,5990.0,1.9,765.0,0,nao,pessoal,48,23300.0,0
E05556,64.0,4900.0,14.1,591.0,2,sim,reforma,24,12400.0,0
E05557,24.0,4040.0,8.9,761.0,0,sim,reforma,24,23900.0,0
E05558,37.0,5580.0,2.2,676.0,3,sim,reforma,12,17700.0,0
E05559,40.0,4400.0,,779.0,1,sim,pessoal,48,22300.0,0
E05560,46.0,1300.0,12.5,700.0,1,nao,veiculo,12,3700.0,1
E05561,39.0,5240.0,8.0,605.0,1,nao,pessoal,24,29900.0,0
E05562,31.0,3060.0,6.1,632.0,2,nao,educacao,48,18300.0,0
E05563,23.0,2300.0,4.4,572.0,2,nao,negocio,24,7100.0,0
E05564,36.0,2020.0,2.3,549.0,2,sim,pessoal,36,2500.0,0
E05565,25.0,2510.0,4.0,690.0,2,nao,veiculo,36,7100.0,0
E05566,49.0,5940.0,0.8,629.0,0,sim,pessoal,12,28100.0,0
E05567,23.0,1300.0,0.3,557.0,1,nao,pessoal,12,6500.0,1
E05568,43.0,5910.0,5.5,767.0,2,nao,negocio,12,34200.0,0
E05569,58.0,1830.0,6.7,691.0,2,sim,pessoal,36,8800.0,0
E05570,55.0,4140.0,1.3,348.0,2,nao,pessoal,48,18300.0,1
E05571,43.0,12640.0,2.8,703.0,0,nao,veiculo,36,30500.0,0
E05572,38.0,5190.0,,557.0,2,nao,negocio,12,19500.0,0
E05573,50.0,3030.0,9.4,752.0,0,nao,educacao,48,6100.0,0
E05574,60.0,1490.0,6.7,733.0,0,nao,educacao,12,8400.0,0
E05575,28.0,4920.0,14.2,767.0,0,sim,pessoal,48,7900.0,0
E05576,23.0,2570.0,1.5,713.0,0,nao,veiculo,60,9900.0,0
E05577,27.0,2700.0,8.3,773.0,0,sim,pessoal,24,9000.0,0
E05578,34.0,15200.0,2.6,396.0,1,sim,pessoal,12,71600.0,1
E05579,37.0,3960.0,16.5,460.0,0,sim,pessoal,36,10000.0,1
E05580,61.0,2340.0,13.5,740.0,3,nao,pessoal,24,5300.0,0
E05581,42.0,3510.0,2.7,489.0,1,nao,negocio,36,5500.0,1
E05582,35.0,2420.0,5.0,600.0,1,nao,veiculo,48,7100.0,0
E05583,60.0,3490.0,4.9,737.0,0,sim,educacao,12,20500.0,0
E05584,38.0,2990.0,4.4,919.0,0,nao,pessoal,24,7200.0,0
E05585,51.0,4820.0,10.3,674.0,0,nao,educacao,48,23800.0,0
E05586,29.0,3270.0,7.8,651.0,0,nao,veiculo,36,3800.0,0
E05587,55.0,9990.0,10.8,415.0,0,nao,reforma,12,52000.0,0
E05588,37.0,7970.0,7.3,683.0,0,sim,pessoal,12,26700.0,0
E05589,37.0,2510.0,5.6,637.0,1,sim,veiculo,36,10300.0,0
E05590,18.0,2970.0,13.1,740.0,1,nao,reforma,24,5200.0,0
E05591,33.0,2440.0,1.5,701.0,0,sim,veiculo,24,13900.0,0
E05592,24.0,4450.0,4.1,746.0,2,sim,veiculo,24,8500.0,0
E05593,42.0,6740.0,5.5,521.0,4,nao,reforma,60,24800.0,0
E05594,28.0,3670.0,16.9,728.0,1,sim,negocio,48,10200.0,0
E05595,20.0,9420.0,2.0,574.0,0,nao,pessoal,36,17300.0,1
E05596,47.0,6390.0,1.5,518.0,1,sim,veiculo,24,7000.0,0
E05597,31.0,6340.0,2.9,602.0,2,nao,reforma,48,9600.0,0
E05598,30.0,9600.0,2.8,642.0,0,nao,pessoal,48,49100.0,0
E05599,71.0,4800.0,8.1,661.0,1,sim,pessoal,36,25900.0,0
E05600,32.0,5470.0,17.4,500.0,1,nao,negocio,36,18800.0,0
E05601,52.0,5200.0,1.3,772.0,0,sim,educacao,36,4600.0,0
E05602,26.0,3990.0,22.0,729.0,2,sim,pessoal,36,12900.0,0
E05603,44.0,2770.0,5.8,763.0,0,sim,pessoal,36,16500.0,0
E05604,47.0,7560.0,1.5,821.0,1,nao,negocio,36,27500.0,0
E05605,18.0,2940.0,1.7,582.0,2,sim,veiculo,36,1500.0,0
E05606,24.0,3880.0,25.0,793.0,1,nao,pessoal,24,5300.0,0
E05607,54.0,8340.0,4.1,585.0,0,sim,educacao,48,13500.0,0
E05608,35.0,13070.0,,674.0,1,sim,reforma,12,43600.0,0
E05609,41.0,12440.0,7.9,732.0,2,sim,reforma,36,32100.0,0
E05610,53.0,6330.0,5.9,637.0,1,sim,pessoal,48,22400.0,0
E05611,56.0,4880.0,4.1,727.0,2,sim,veiculo,12,25400.0,0
E05612,32.0,7570.0,4.6,552.0,0,nao,pessoal,12,36400.0,1
E05613,40.0,2920.0,8.0,647.0,1,nao,veiculo,12,9800.0,1
E05614,34.0,4280.0,7.0,710.0,0,sim,veiculo,36,9500.0,0
E05615,38.0,12050.0,14.3,675.0,3,nao,veiculo,12,9500.0,0
E05616,32.0,4630.0,4.7,491.0,2,nao,veiculo,24,27600.0,1
E05617,35.0,4390.0,8.4,579.0,2,sim,negocio,24,13200.0,1
E05618,64.0,4090.0,11.0,593.0,0,nao,pessoal,24,21400.0,0
E05619,34.0,10310.0,5.0,680.0,0,nao,reforma,60,28100.0,1
E05620,18.0,4990.0,4.4,832.0,0,nao,veiculo,24,13200.0,0
E05621,37.0,2590.0,9.9,489.0,1,nao,reforma,36,7000.0,0
E05622,19.0,3300.0,2.3,535.0,1,sim,pessoal,36,10600.0,1
E05623,44.0,4660.0,7.5,813.0,0,sim,negocio,24,18900.0,0
E05624,38.0,2120.0,7.8,743.0,2,sim,veiculo,36,7200.0,0
E05625,65.0,4000.0,11.9,661.0,2,nao,educacao,48,4100.0,0
E05626,52.0,3020.0,8.1,687.0,1,nao,reforma,12,17500.0,0
E05627,18.0,1850.0,10.7,710.0,0,sim,veiculo,12,6900.0,0
E05628,24.0,5010.0,9.6,662.0,1,sim,veiculo,24,19400.0,0
E05629,36.0,6590.0,2.1,651.0,1,sim,reforma,36,24400.0,0
E05630,43.0,8250.0,8.0,789.0,1,sim,veiculo,24,8800.0,0
E05631,51.0,4170.0,12.7,461.0,3,sim,negocio,36,12600.0,1
E05632,47.0,3290.0,5.5,777.0,0,sim,veiculo,48,8900.0,0
E05633,46.0,3710.0,8.3,500.0,2,nao,veiculo,24,6700.0,0
E05634,34.0,11620.0,3.9,801.0,1,sim,pessoal,60,46700.0,0
E05635,36.0,2440.0,15.2,626.0,1,sim,pessoal,48,11400.0,1
E05636,44.0,4040.0,1.4,613.0,1,nao,pessoal,12,4700.0,0
E05637,44.0,2730.0,10.8,505.0,2,sim,pessoal,12,14100.0,0
E05638,45.0,7430.0,0.9,739.0,0,nao,negocio,24,34200.0,1
E05639,29.0,3060.0,12.7,686.0,0,nao,pessoal,60,18000.0,0
E05640,39.0,1580.0,3.6,632.0,1,nao,veiculo,12,3700.0,0
E05641,52.0,3190.0,0.3,543.0,0,nao,pessoal,24,12700.0,0
E05642,33.0,4700.0,3.5,752.0,2,nao,negocio,60,7300.0,0
E05643,46.0,7090.0,6.4,616.0,2,nao,educacao,12,32800.0,0
E05644,29.0,7990.0,7.0,594.0,1,nao,negocio,48,10600.0,0
E05645,39.0,2460.0,6.2,774.0,1,sim,reforma,36,11200.0,0
E05646,47.0,3240.0,0.7,703.0,0,sim,pessoal,36,16400.0,1
E05647,50.0,3950.0,4.2,907.0,2,sim,pessoal,36,12500.0,0
E05648,29.0,,1.1,653.0,1,nao,pessoal,36,9300.0,0
E05649,18.0,1600.0,2.4,878.0,1,sim,educacao,60,9400.0,0
E05650,56.0,3880.0,9.7,701.0,0,sim,pessoal,24,16400.0,0
E05651,55.0,2640.0,4.1,726.0,1,sim,pessoal,12,8500.0,1
E05652,18.0,6210.0,4.6,653.0,1,nao,reforma,60,22500.0,0
E05653,46.0,11290.0,1.3,707.0,1,nao,negocio,24,24400.0,1
E05654,41.0,5920.0,2.7,754.0,2,nao,reforma,36,27900.0,0
E05655,56.0,3280.0,4.4,645.0,2,nao,negocio,24,5600.0,0
E05656,55.0,3870.0,5.4,574.0,2,nao,reforma,24,4100.0,0
E05657,51.0,11000.0,3.4,584.0,0,nao,pessoal,12,28600.0,0
E05658,36.0,1550.0,7.9,677.0,2,sim,reforma,60,2700.0,0
E05659,18.0,4740.0,0.5,611.0,4,nao,veiculo,12,20000.0,0
E05660,45.0,,6.7,660.0,0,nao,pessoal,24,3300.0,0
E05661,26.0,8760.0,13.2,718.0,0,sim,reforma,48,25600.0,0
E05662,18.0,1320.0,,691.0,0,nao,pessoal,24,5800.0,0
E05663,75.0,2500.0,5.8,753.0,1,nao,pessoal,48,9900.0,0
E05664,31.0,3200.0,3.7,661.0,0,nao,educacao,24,16700.0,0
E05665,46.0,3620.0,1.6,549.0,3,nao,pessoal,24,3500.0,1
E05666,50.0,3000.0,1.1,598.0,2,nao,pessoal,36,2600.0,0
E05667,45.0,3450.0,2.6,700.0,2,nao,reforma,36,11100.0,0
E05668,18.0,,4.3,775.0,0,nao,negocio,60,9500.0,0
E05669,58.0,3920.0,1.6,659.0,0,sim,pessoal,24,14200.0,0
E05670,39.0,3710.0,3.8,567.0,0,nao,pessoal,36,19600.0,0
E05671,45.0,5730.0,5.8,698.0,1,sim,veiculo,48,16900.0,1
E05672,31.0,8470.0,11.1,808.0,0,nao,negocio,36,30600.0,0
E05673,29.0,11190.0,5.8,672.0,1,sim,veiculo,60,31500.0,0
E05674,30.0,3770.0,6.8,538.0,0,sim,veiculo,12,21700.0,0
E05675,30.0,8460.0,4.5,478.0,0,sim,reforma,12,25200.0,0
E05676,33.0,4740.0,2.3,830.0,1,nao,pessoal,36,8200.0,0
E05677,55.0,2150.0,16.5,655.0,2,nao,negocio,60,6900.0,1
E05678,35.0,2600.0,8.9,527.0,0,nao,reforma,24,10100.0,0
E05679,46.0,7550.0,4.6,606.0,1,sim,pessoal,36,7300.0,0
E05680,33.0,6860.0,2.2,865.0,2,sim,pessoal,24,29700.0,0
E05681,45.0,8700.0,9.3,811.0,0,nao,reforma,36,26300.0,0
E05682,40.0,4860.0,20.7,627.0,2,nao,negocio,36,28400.0,0
E05683,33.0,2020.0,4.3,535.0,3,sim,veiculo,24,5400.0,0
E05684,23.0,12540.0,5.9,804.0,0,sim,pessoal,12,14400.0,0
E05685,45.0,4330.0,8.0,746.0,1,nao,educacao,12,16500.0,0
E05686,28.0,3240.0,11.5,654.0,0,nao,reforma,12,19300.0,0
E05687,46.0,2080.0,7.2,357.0,1,nao,pessoal,24,3600.0,0
E05688,21.0,2590.0,2.3,659.0,0,sim,pessoal,48,5800.0,0
E05689,31.0,6140.0,3.4,724.0,1,sim,veiculo,24,14800.0,1
E05690,18.0,3940.0,10.2,618.0,3,sim,educacao,36,4400.0,0
E05691,28.0,1350.0,9.9,564.0,4,nao,negocio,60,7300.0,0
E05692,34.0,2820.0,2.5,515.0,0,nao,pessoal,24,14200.0,1
E05693,56.0,2440.0,7.3,658.0,1,nao,reforma,60,13900.0,1
E05694,57.0,2760.0,0.7,493.0,1,nao,negocio,24,6100.0,0
E05695,52.0,4570.0,2.6,692.0,2,nao,reforma,48,25700.0,0
E05696,47.0,1490.0,3.2,492.0,1,sim,negocio,48,1800.0,0
E05697,42.0,4360.0,2.9,576.0,1,sim,veiculo,48,22900.0,0
E05698,32.0,17590.0,2.6,540.0,0,nao,pessoal,24,62900.0,1
E05699,37.0,2670.0,6.6,522.0,0,nao,veiculo,48,11000.0,1
E05700,32.0,9110.0,1.8,504.0,1,sim,pessoal,36,5100.0,0
E05701,53.0,3030.0,3.6,785.0,2,sim,pessoal,12,12300.0,0
E05702,35.0,1910.0,18.3,626.0,0,nao,reforma,48,2900.0,0
E05703,53.0,1300.0,2.1,499.0,0,sim,pessoal,24,4500.0,0
E05704,23.0,7960.0,,715.0,0,sim,reforma,12,21700.0,1
E05705,58.0,5020.0,3.9,557.0,0,sim,pessoal,24,3000.0,0
E05706,31.0,1300.0,7.6,793.0,0,nao,reforma,48,6800.0,0
E05707,35.0,4250.0,3.7,584.0,0,nao,veiculo,60,21000.0,0
E05708,43.0,,5.8,595.0,1,sim,pessoal,36,5200.0,0
E05709,23.0,,5.2,487.0,1,nao,reforma,24,67200.0,1
E05710,40.0,4130.0,3.3,793.0,0,nao,pessoal,60,23900.0,1
E05711,34.0,3290.0,5.9,538.0,5,sim,veiculo,24,11300.0,1
E05712,54.0,3260.0,0.7,583.0,1,nao,negocio,48,16600.0,0
E05713,32.0,5180.0,4.0,523.0,1,nao,reforma,12,11700.0,1
E05714,57.0,3290.0,9.1,516.0,0,nao,educacao,24,18700.0,1
E05715,41.0,2140.0,2.0,689.0,2,nao,pessoal,36,3500.0,0
E05716,30.0,5710.0,4.8,860.0,0,nao,veiculo,24,4900.0,0
E05717,43.0,2400.0,1.8,718.0,0,nao,pessoal,36,4000.0,0
E05718,42.0,7210.0,2.8,445.0,2,sim,veiculo,24,35800.0,1
E05719,27.0,8950.0,6.5,742.0,0,nao,veiculo,12,49500.0,0
E05720,34.0,3360.0,6.2,630.0,0,nao,negocio,36,8700.0,0
E05721,41.0,1510.0,2.4,541.0,1,sim,reforma,24,2100.0,0
E05722,55.0,3480.0,1.5,675.0,1,sim,reforma,36,2800.0,0
E05723,56.0,4080.0,6.5,559.0,0,sim,educacao,12,6900.0,0
E05724,36.0,1780.0,9.9,817.0,0,sim,negocio,36,7800.0,0
E05725,51.0,1300.0,0.6,702.0,1,nao,veiculo,12,6400.0,0
E05726,60.0,1300.0,7.9,518.0,1,nao,negocio,12,2200.0,0
E05727,34.0,8380.0,2.3,650.0,0,nao,pessoal,36,11900.0,0
E05728,33.0,6780.0,1.2,359.0,0,sim,veiculo,24,9200.0,0
E05729,38.0,1860.0,1.7,578.0,1,nao,veiculo,48,2800.0,0
E05730,51.0,7850.0,2.8,768.0,0,sim,veiculo,24,8900.0,0
E05731,48.0,4700.0,5.1,802.0,0,nao,negocio,24,7800.0,0
E05732,39.0,5200.0,4.1,582.0,0,nao,negocio,60,21100.0,1
E05733,47.0,1300.0,1.1,648.0,1,nao,pessoal,60,2400.0,0
E05734,23.0,2650.0,4.8,661.0,1,sim,pessoal,36,5000.0,0
E05735,26.0,7980.0,2.0,752.0,3,nao,educacao,24,17800.0,0
E05736,49.0,1300.0,,538.0,0,sim,veiculo,36,4800.0,0
E05737,18.0,11170.0,2.2,772.0,1,nao,pessoal,60,39300.0,0
E05738,31.0,6290.0,8.2,674.0,1,nao,reforma,24,35700.0,0
E05739,54.0,3590.0,1.5,670.0,1,sim,pessoal,36,14100.0,0
E05740,44.0,,3.9,675.0,2,sim,pessoal,12,4300.0,0
E05741,51.0,6640.0,5.2,643.0,1,nao,pessoal,24,11000.0,0
E05742,39.0,4960.0,22.9,764.0,2,sim,pessoal,36,12100.0,0
E05743,70.0,3380.0,1.7,544.0,4,nao,negocio,12,19900.0,1
E05744,62.0,5780.0,7.3,527.0,1,nao,reforma,24,23000.0,1
E05745,33.0,2130.0,1.1,591.0,1,nao,pessoal,12,4100.0,0
E05746,18.0,2870.0,11.5,863.0,3,sim,negocio,48,3500.0,0
E05747,34.0,3340.0,12.1,800.0,1,nao,veiculo,36,4400.0,0
E05748,73.0,2860.0,1.1,570.0,0,sim,pessoal,60,15600.0,0
E05749,41.0,,,615.0,1,sim,reforma,24,14600.0,1
E05750,24.0,3730.0,0.6,578.0,0,sim,pessoal,36,10100.0,0
E05751,44.0,5950.0,1.3,675.0,2,sim,reforma,36,31600.0,0
E05752,35.0,5160.0,10.4,601.0,2,nao,reforma,12,23800.0,1
E05753,27.0,7950.0,15.8,581.0,1,nao,veiculo,36,42700.0,0
E05754,18.0,1560.0,6.8,613.0,1,sim,pessoal,12,2300.0,0
E05755,33.0,7930.0,6.9,664.0,2,nao,veiculo,12,25900.0,0
E05756,38.0,3000.0,5.9,789.0,1,nao,negocio,48,6400.0,0
E05757,52.0,2590.0,1.4,594.0,1,nao,veiculo,12,10100.0,0
E05758,40.0,2560.0,3.4,662.0,1,sim,negocio,24,10800.0,0
E05759,42.0,2370.0,7.0,747.0,1,nao,pessoal,24,9100.0,0
E05760,26.0,2750.0,0.1,550.0,0,sim,pessoal,36,10500.0,0
E05761,34.0,,5.9,660.0,2,nao,pessoal,60,8600.0,0
E05762,41.0,9950.0,3.5,718.0,0,nao,educacao,24,30000.0,0
E05763,37.0,5170.0,4.9,710.0,4,nao,reforma,60,17100.0,0
E05764,44.0,2510.0,2.7,805.0,2,nao,pessoal,24,13600.0,0
E05765,30.0,1810.0,8.5,698.0,0,nao,veiculo,24,1900.0,0
E05766,49.0,3220.0,9.3,646.0,3,nao,veiculo,12,7300.0,0
E05767,57.0,,4.0,687.0,0,nao,veiculo,60,21600.0,0
E05768,18.0,2590.0,1.8,618.0,2,nao,negocio,12,2200.0,1
E05769,38.0,3650.0,2.9,769.0,1,sim,veiculo,36,19800.0,0
E05770,61.0,3470.0,1.9,631.0,1,nao,pessoal,48,2200.0,0
E05771,18.0,9570.0,8.6,622.0,1,nao,pessoal,36,5500.0,0
E05772,30.0,1580.0,0.6,558.0,2,sim,reforma,36,7600.0,1
E05773,53.0,4280.0,2.4,591.0,0,sim,educacao,12,19400.0,0
E05774,42.0,3680.0,25.8,701.0,1,nao,reforma,36,14200.0,0
E05775,39.0,5310.0,3.2,498.0,4,nao,veiculo,24,23700.0,1
E05776,24.0,,1.8,596.0,1,sim,negocio,24,3600.0,1
E05777,46.0,9060.0,3.3,597.0,1,sim,pessoal,24,11000.0,0
E05778,54.0,3990.0,7.0,709.0,1,nao,reforma,36,13600.0,0
E05779,44.0,3190.0,9.1,736.0,0,sim,veiculo,24,11500.0,0
E05780,33.0,5120.0,1.0,803.0,0,sim,educacao,24,26800.0,0
E05781,38.0,1300.0,4.7,563.0,0,sim,negocio,36,1700.0,0
E05782,29.0,4210.0,2.1,726.0,2,nao,veiculo,12,21700.0,0
E05783,35.0,4950.0,,669.0,0,sim,veiculo,36,26100.0,0
E05784,21.0,4360.0,8.5,633.0,1,sim,veiculo,36,10100.0,0
E05785,34.0,3140.0,1.6,720.0,1,nao,veiculo,48,8200.0,0
E05786,49.0,4960.0,2.5,494.0,0,sim,veiculo,12,27100.0,1
E05787,40.0,4700.0,14.8,582.0,2,sim,veiculo,60,18200.0,1
E05788,38.0,5920.0,5.4,521.0,3,nao,veiculo,36,12200.0,0
E05789,29.0,5560.0,10.5,783.0,1,sim,educacao,12,25400.0,0
E05790,41.0,4790.0,0.6,737.0,0,sim,negocio,36,26600.0,1
E05791,44.0,4410.0,6.3,522.0,1,sim,reforma,36,12700.0,0
E05792,31.0,3210.0,13.2,492.0,0,sim,reforma,24,6500.0,0
E05793,34.0,5610.0,8.0,706.0,1,nao,pessoal,36,15800.0,0
E05794,21.0,13410.0,3.9,545.0,3,nao,pessoal,24,68000.0,1
E05795,50.0,7580.0,6.3,713.0,2,sim,veiculo,24,32900.0,0
E05796,60.0,3220.0,5.7,837.0,0,nao,reforma,36,19200.0,0
E05797,34.0,2230.0,0.3,545.0,0,nao,veiculo,48,2100.0,1
E05798,47.0,5130.0,3.1,706.0,0,nao,negocio,24,25100.0,1
E05799,52.0,7300.0,10.5,614.0,0,nao,negocio,36,43500.0,0
E05800,39.0,3520.0,6.9,815.0,1,nao,reforma,12,6900.0,0
E05801,46.0,3740.0,,470.0,2,nao,negocio,24,18900.0,0
E05802,30.0,,1.8,494.0,0,sim,pessoal,24,18900.0,0
E05803,50.0,14860.0,11.5,659.0,1,nao,negocio,24,48800.0,0
E05804,33.0,4630.0,5.7,797.0,0,sim,negocio,36,2400.0,1
E05805,43.0,6580.0,7.1,611.0,0,nao,pessoal,36,35500.0,0
E05806,47.0,2230.0,0.3,555.0,0,nao,veiculo,12,12700.0,1
E05807,43.0,3500.0,6.6,451.0,1,nao,pessoal,48,16300.0,0
E05808,50.0,15020.0,6.9,689.0,3,nao,pessoal,36,33000.0,0
E05809,25.0,4050.0,1.4,489.0,0,nao,reforma,24,21000.0,0
E05810,46.0,6440.0,1.4,877.0,0,nao,pessoal,24,12700.0,0
E05811,38.0,2040.0,1.5,654.0,0,nao,negocio,36,10900.0,0
E05812,40.0,4240.0,0.9,647.0,1,nao,veiculo,24,15200.0,0
E05813,39.0,1300.0,1.7,607.0,1,sim,veiculo,24,6300.0,0
E05814,38.0,3090.0,7.1,546.0,0,sim,pessoal,36,13400.0,0
E05815,57.0,4130.0,12.8,617.0,0,sim,reforma,24,12800.0,0
E05816,47.0,7680.0,3.8,694.0,0,sim,pessoal,36,24200.0,1
E05817,18.0,3790.0,9.3,745.0,2,sim,pessoal,60,14500.0,0
E05818,49.0,3990.0,0.7,638.0,0,nao,negocio,12,11300.0,0
E05819,46.0,2380.0,2.2,622.0,3,sim,pessoal,36,4500.0,0
E05820,31.0,3810.0,10.7,654.0,1,nao,veiculo,12,2400.0,1
E05821,44.0,6540.0,4.5,557.0,1,sim,pessoal,36,20800.0,0
E05822,40.0,1300.0,,826.0,4,sim,reforma,48,1000.0,0
E05823,42.0,7000.0,10.3,574.0,1,sim,reforma,12,22200.0,0
E05824,31.0,,10.5,561.0,1,sim,educacao,36,3300.0,0
E05825,23.0,3770.0,8.5,703.0,1,nao,pessoal,48,7800.0,0
E05826,56.0,3230.0,4.5,596.0,1,sim,pessoal,36,12500.0,0
E05827,34.0,2860.0,0.1,809.0,0,nao,veiculo,60,2700.0,0
E05828,32.0,2010.0,4.0,691.0,0,sim,educacao,48,7400.0,0
E05829,46.0,2440.0,2.7,535.0,0,nao,veiculo,36,8500.0,0
E05830,35.0,2150.0,4.1,749.0,2,sim,pessoal,60,2600.0,0
E05831,43.0,6020.0,4.0,636.0,2,sim,veiculo,24,15900.0,0
E05832,31.0,10130.0,1.6,798.0,1,nao,veiculo,12,11400.0,0
E05833,46.0,3280.0,12.2,560.0,0,nao,pessoal,24,3400.0,0
E05834,52.0,2980.0,6.4,673.0,1,sim,educacao,48,16400.0,0
E05835,42.0,3850.0,9.4,731.0,2,sim,negocio,36,8500.0,0
E05836,28.0,2110.0,6.0,531.0,0,sim,veiculo,60,6900.0,0
E05837,45.0,5190.0,7.0,814.0,2,nao,veiculo,48,15400.0,0
E05838,31.0,3860.0,6.3,645.0,0,sim,educacao,24,12900.0,0
E05839,43.0,1300.0,,676.0,0,nao,pessoal,12,1300.0,0
E05840,18.0,5850.0,0.8,385.0,2,sim,pessoal,12,10600.0,1
E05841,51.0,1870.0,0.5,520.0,2,nao,pessoal,48,3100.0,0
E05842,43.0,3630.0,8.6,536.0,2,sim,pessoal,12,19100.0,1
E05843,42.0,3290.0,2.6,781.0,1,nao,pessoal,24,4600.0,0
E05844,52.0,6310.0,2.5,435.0,1,sim,pessoal,24,19000.0,1
E05845,20.0,3070.0,6.5,547.0,1,nao,veiculo,24,4400.0,0
E05846,30.0,9520.0,4.9,651.0,0,sim,pessoal,60,22200.0,0
E05847,35.0,8110.0,1.9,694.0,2,sim,veiculo,24,32400.0,1
E05848,18.0,3990.0,3.4,732.0,6,sim,reforma,36,2400.0,0
E05849,43.0,14280.0,8.5,685.0,0,sim,pessoal,60,37200.0,0
E05850,27.0,3260.0,7.0,585.0,0,nao,reforma,12,10300.0,0
E05851,55.0,2620.0,,527.0,0,sim,reforma,36,12200.0,1
E05852,29.0,12420.0,1.6,814.0,2,sim,veiculo,60,68200.0,0
E05853,53.0,6780.0,9.5,725.0,1,nao,pessoal,12,6900.0,0
E05854,28.0,7170.0,2.6,631.0,1,nao,reforma,12,31200.0,1
E05855,54.0,6610.0,5.6,567.0,1,nao,veiculo,24,9600.0,0
E05856,37.0,6730.0,1.8,631.0,2,nao,pessoal,24,34900.0,0
E05857,32.0,4850.0,11.1,610.0,3,nao,pessoal,36,11700.0,0
E05858,61.0,2590.0,5.7,600.0,1,sim,pessoal,12,5800.0,0
E05859,51.0,1710.0,15.3,557.0,0,nao,negocio,24,3600.0,0
E05860,38.0,3150.0,3.3,746.0,2,nao,pessoal,24,8300.0,0
E05861,20.0,4870.0,1.6,580.0,1,nao,pessoal,48,28000.0,1
E05862,28.0,8160.0,2.6,596.0,0,sim,reforma,12,48800.0,1
E05863,41.0,3220.0,,745.0,2,nao,pessoal,24,6100.0,0
E05864,33.0,1460.0,16.0,675.0,2,nao,pessoal,48,2300.0,0
E05865,28.0,9700.0,9.1,805.0,1,nao,pessoal,48,13200.0,0
E05866,38.0,8790.0,,446.0,2,sim,reforma,24,29500.0,0
E05867,51.0,3340.0,5.3,634.0,0,sim,pessoal,36,8400.0,0
E05868,62.0,5120.0,18.9,644.0,0,sim,pessoal,24,24600.0,0
E05869,29.0,3270.0,6.1,695.0,1,sim,pessoal,24,5500.0,0
E05870,32.0,2120.0,1.2,622.0,1,nao,educacao,36,12200.0,1
E05871,53.0,3860.0,1.6,668.0,2,sim,pessoal,36,14800.0,1
E05872,28.0,1620.0,3.6,732.0,1,sim,educacao,24,3300.0,0
E05873,34.0,4710.0,6.7,561.0,2,nao,pessoal,12,7900.0,1
E05874,42.0,5170.0,4.0,733.0,4,nao,pessoal,36,28700.0,0
E05875,54.0,2520.0,5.1,568.0,1,nao,veiculo,24,9400.0,0
E05876,21.0,7110.0,0.5,656.0,1,sim,pessoal,12,41200.0,1
E05877,38.0,1780.0,4.7,458.0,1,nao,pessoal,24,10400.0,0
E05878,27.0,2110.0,1.0,491.0,2,nao,pessoal,60,10100.0,0
E05879,54.0,6580.0,1.2,564.0,2,nao,reforma,12,14500.0,0
E05880,45.0,,18.0,487.0,0,nao,pessoal,36,23000.0,0
E05881,37.0,3030.0,1.6,612.0,1,nao,pessoal,60,14600.0,0
E05882,37.0,4470.0,2.0,762.0,1,sim,pessoal,48,24800.0,0
E05883,46.0,3060.0,7.6,620.0,0,sim,negocio,24,5000.0,0
E05884,31.0,2970.0,7.9,662.0,2,nao,pessoal,24,10100.0,1
E05885,37.0,4910.0,7.8,859.0,0,sim,veiculo,36,17700.0,0
E05886,35.0,3630.0,24.6,666.0,2,nao,pessoal,24,17100.0,0
E05887,39.0,3230.0,4.7,646.0,3,nao,pessoal,12,9700.0,1
E05888,52.0,3320.0,3.0,534.0,0,sim,veiculo,48,3800.0,0
E05889,30.0,17690.0,0.7,672.0,2,nao,negocio,12,10800.0,0
E05890,48.0,6340.0,2.1,734.0,0,nao,veiculo,12,34900.0,0
E05891,43.0,3020.0,4.9,568.0,1,sim,pessoal,36,4500.0,0
E05892,37.0,2280.0,5.9,668.0,1,nao,veiculo,48,2800.0,0
E05893,48.0,3940.0,0.3,503.0,1,nao,pessoal,24,8100.0,1
E05894,40.0,1490.0,8.0,679.0,1,nao,reforma,36,3400.0,0
E05895,45.0,9200.0,1.7,604.0,1,sim,pessoal,24,20700.0,1
E05896,54.0,2800.0,1.8,691.0,0,sim,veiculo,24,1700.0,0
E05897,35.0,3950.0,0.5,428.0,1,sim,pessoal,24,11000.0,0
E05898,34.0,7360.0,14.5,636.0,3,nao,pessoal,36,40000.0,1
E05899,46.0,10550.0,0.5,728.0,0,nao,negocio,24,61300.0,0
E05900,39.0,2840.0,9.2,694.0,1,nao,pessoal,60,12600.0,0
E05901,52.0,6280.0,4.7,617.0,2,nao,reforma,36,23700.0,0
E05902,64.0,13990.0,6.5,363.0,1,sim,pessoal,24,19900.0,0
E05903,58.0,1630.0,4.9,787.0,2,nao,pessoal,36,2500.0,0
E05904,29.0,2670.0,2.4,526.0,0,nao,educacao,48,14300.0,0
E05905,48.0,5020.0,0.6,750.0,1,sim,reforma,36,16400.0,0
E05906,18.0,2490.0,1.8,551.0,0,nao,pessoal,60,13500.0,0
E05907,44.0,3010.0,10.8,525.0,1,sim,pessoal,48,2800.0,0
E05908,37.0,5940.0,2.6,621.0,0,sim,reforma,48,32000.0,0
E05909,45.0,9660.0,13.7,468.0,2,nao,negocio,24,40400.0,0
E05910,39.0,8930.0,11.8,503.0,0,sim,educacao,36,16400.0,0
E05911,34.0,2620.0,8.3,764.0,0,nao,negocio,36,13400.0,0
E05912,42.0,3760.0,21.5,735.0,1,nao,pessoal,48,4300.0,0
E05913,54.0,2190.0,8.1,536.0,2,nao,pessoal,36,10000.0,1
E05914,67.0,11240.0,2.7,575.0,0,sim,pessoal,48,17600.0,0
E05915,55.0,5430.0,2.4,418.0,3,sim,veiculo,24,3400.0,1
E05916,49.0,3910.0,2.6,593.0,1,sim,pessoal,36,2900.0,1
E05917,51.0,4210.0,7.8,575.0,3,nao,veiculo,36,4900.0,0
E05918,38.0,3810.0,1.2,803.0,1,nao,negocio,24,3000.0,0
E05919,39.0,3050.0,7.4,651.0,3,nao,pessoal,12,3600.0,0
E05920,48.0,3570.0,0.8,651.0,2,nao,pessoal,60,2600.0,0
E05921,20.0,3010.0,7.0,686.0,1,nao,veiculo,24,7300.0,1
E05922,45.0,5680.0,8.8,581.0,0,nao,pessoal,48,20300.0,1
E05923,38.0,2090.0,6.0,710.0,0,nao,pessoal,36,7100.0,0
E05924,37.0,4950.0,3.8,694.0,0,sim,reforma,24,14000.0,0
E05925,27.0,1450.0,4.0,665.0,0,sim,reforma,12,4400.0,0
E05926,42.0,6210.0,3.0,687.0,2,sim,veiculo,36,30300.0,0
E05927,31.0,2230.0,1.8,865.0,4,sim,negocio,36,9500.0,0
E05928,42.0,2990.0,0.9,380.0,1,sim,educacao,36,15500.0,1
E05929,41.0,3500.0,12.2,509.0,2,sim,reforma,48,20200.0,0
E05930,32.0,3230.0,1.4,589.0,1,nao,pessoal,36,7600.0,0
E05931,53.0,18960.0,3.5,735.0,0,nao,veiculo,60,19400.0,0
E05932,37.0,2540.0,6.4,644.0,1,nao,pessoal,24,1900.0,0
E05933,46.0,3770.0,5.2,717.0,2,sim,pessoal,36,11300.0,0
E05934,28.0,1980.0,8.2,625.0,2,nao,veiculo,24,1300.0,1
E05935,37.0,12680.0,3.0,561.0,3,sim,pessoal,48,26000.0,0
E05936,28.0,3780.0,5.7,714.0,1,nao,negocio,12,4300.0,0
E05937,40.0,1970.0,7.2,601.0,1,sim,reforma,48,2900.0,0
E05938,44.0,10490.0,0.9,757.0,0,nao,veiculo,24,17200.0,0
E05939,44.0,6140.0,5.5,506.0,4,sim,educacao,24,14400.0,0
E05940,60.0,4120.0,4.9,792.0,1,sim,reforma,36,3800.0,0
E05941,51.0,4160.0,13.0,731.0,0,nao,educacao,36,13300.0,0
E05942,22.0,4310.0,10.6,614.0,0,nao,negocio,12,11300.0,0
E05943,50.0,8040.0,2.0,499.0,2,nao,educacao,36,32400.0,1
E05944,31.0,8960.0,7.0,576.0,6,nao,pessoal,36,26900.0,1
E05945,49.0,1300.0,1.3,616.0,1,nao,reforma,24,2400.0,0
E05946,20.0,2890.0,9.8,758.0,1,sim,pessoal,36,15800.0,0
E05947,38.0,4300.0,7.8,619.0,2,nao,pessoal,12,7100.0,0
E05948,44.0,2650.0,4.1,728.0,1,nao,educacao,24,8500.0,0
E05949,29.0,2480.0,2.6,570.0,1,sim,pessoal,12,10300.0,0
E05950,56.0,5670.0,14.5,618.0,1,nao,pessoal,48,32300.0,0
E05951,64.0,10580.0,5.2,626.0,3,sim,pessoal,60,45800.0,0
E05952,39.0,4220.0,4.7,926.0,3,nao,negocio,60,11700.0,0
E05953,49.0,3420.0,1.4,769.0,1,sim,pessoal,36,13200.0,0
E05954,51.0,1990.0,16.5,705.0,3,sim,negocio,24,3700.0,1
E05955,33.0,10260.0,2.8,691.0,1,nao,pessoal,12,35600.0,0
E05956,32.0,5280.0,0.6,787.0,1,sim,veiculo,24,15600.0,0
E05957,44.0,4880.0,0.6,469.0,0,nao,pessoal,48,17500.0,0
E05958,58.0,4830.0,1.7,377.0,3,nao,reforma,12,3800.0,0
E05959,52.0,,9.4,675.0,3,sim,reforma,60,19400.0,0
E05960,22.0,3410.0,4.0,600.0,0,sim,veiculo,24,12900.0,1
E05961,54.0,6200.0,5.1,554.0,0,nao,reforma,12,22300.0,0
E05962,54.0,3490.0,3.7,718.0,3,nao,negocio,60,13500.0,0
E05963,18.0,2790.0,,401.0,1,nao,pessoal,12,6600.0,1
E05964,49.0,2460.0,5.6,753.0,1,sim,reforma,36,8400.0,0
E05965,41.0,2280.0,1.7,804.0,1,sim,pessoal,36,5800.0,0
E05966,56.0,1540.0,2.2,513.0,1,sim,negocio,12,8300.0,0
E05967,52.0,11010.0,3.8,831.0,1,nao,pessoal,24,15200.0,0
E05968,47.0,8150.0,0.9,747.0,0,nao,pessoal,24,45400.0,0
E05969,42.0,3510.0,2.8,606.0,1,nao,educacao,48,7600.0,0
E05970,45.0,4160.0,11.6,618.0,1,sim,pessoal,36,18800.0,0
E05971,22.0,4450.0,12.2,643.0,0,sim,reforma,12,18900.0,1
E05972,21.0,6080.0,8.0,662.0,0,nao,negocio,60,16600.0,0
E05973,47.0,7630.0,1.3,686.0,2,sim,reforma,48,22000.0,0
E05974,42.0,6040.0,5.6,845.0,0,sim,pessoal,48,9400.0,0
E05975,48.0,2200.0,4.5,575.0,1,nao,pessoal,12,4900.0,0
E05976,35.0,3430.0,1.4,640.0,1,nao,negocio,24,3000.0,1
E05977,31.0,3250.0,1.2,663.0,2,sim,pessoal,24,16100.0,0
E05978,34.0,1300.0,5.3,475.0,1,sim,pessoal,36,4000.0,0
E05979,30.0,4550.0,0.4,697.0,1,nao,pessoal,36,8700.0,0
E05980,53.0,1300.0,11.6,591.0,4,sim,veiculo,60,6800.0,0
E05981,49.0,10680.0,7.3,693.0,0,nao,negocio,36,37700.0,0
E05982,47.0,1730.0,4.8,618.0,2,nao,reforma,12,7700.0,1
E05983,57.0,3990.0,0.3,753.0,3,sim,veiculo,36,20600.0,0
E05984,31.0,9100.0,1.1,464.0,2,sim,veiculo,12,8500.0,0
E05985,24.0,2350.0,6.3,430.0,0,sim,negocio,36,13600.0,1
E05986,37.0,4910.0,0.8,762.0,4,sim,pessoal,24,7700.0,0
E05987,45.0,2240.0,5.0,606.0,1,sim,veiculo,24,10900.0,0
E05988,32.0,3600.0,8.1,740.0,0,nao,pessoal,48,21100.0,0
E05989,27.0,2710.0,3.8,1000.0,0,nao,reforma,12,2600.0,0
E05990,30.0,6040.0,4.5,602.0,2,nao,educacao,24,21700.0,0
E05991,50.0,5010.0,6.1,595.0,2,sim,reforma,48,22000.0,0
E05992,47.0,5550.0,,668.0,2,nao,negocio,36,4400.0,0
E05993,57.0,4320.0,3.4,475.0,3,nao,reforma,36,21300.0,1
E05994,57.0,2780.0,15.5,595.0,1,nao,reforma,60,16100.0,1
E05995,44.0,5830.0,3.8,722.0,2,nao,veiculo,24,6300.0,0
E05996,18.0,5000.0,4.4,598.0,0,sim,pessoal,12,24600.0,0
E05997,43.0,1970.0,4.1,633.0,2,sim,reforma,12,3900.0,0
E05998,41.0,6850.0,5.3,442.0,0,sim,negocio,24,6200.0,0
E05999,43.0,6410.0,7.5,725.0,1,nao,veiculo,48,8100.0,0
E06000,32.0,7460.0,4.5,795.0,0,sim,educacao,36,31200.0,0
