id_imovel,tipo,bairro,area_m2,quartos,banheiros,vagas,idade_imovel,distancia_metro_km,piscina,preco
I00001,apartamento,Industrial,54.0,2.0,1.0,1.0,10,2.4,sim,169000.0
I00002,apartamento,Beira-Mar,94.0,3.0,2.0,1.0,28,5.0,sim,772000.0
I00003,apartamento,Jardins,67.0,2.0,2.0,1.0,8,2.8,sim,711000.0
I00004,casa,Industrial,153.0,4.0,2.0,2.0,17,1.7,sim,532000.0
I00005,casa,Jardins,148.0,4.0,2.0,1.0,28,1.2,sim,1539000.0
I00006,casa,Vila Nova,196.0,6.0,4.0,3.0,5,10.1,nao,786000.0
I00007,apartamento,Vila Nova,59.0,2.0,2.0,2.0,32,2.3,nao,206000.0
I00008,casa,Centro,271.0,7.0,5.0,4.0,4,4.3,sim,2023000.0
I00009,apartamento,Vila Nova,104.0,4.0,2.0,2.0,49,0.5,nao,357000.0
I00010,apartamento,Vila Nova,62.0,1.0,1.0,-0.0,48,2.2,nao,158000.0
I00011,casa,Industrial,144.0,4.0,3.0,1.0,10,3.0,nao,458000.0
I00012,apartamento,Beira-Mar,74.0,1.0,1.0,0.0,30,0.4,nao,842000.0
I00013,apartamento,Vila Nova,62.0,1.0,1.0,1.0,29,4.3,nao,223000.0
I00014,casa,Industrial,126.0,3.0,2.0,2.0,20,7.6,nao,290000.0
I00015,apartamento,Industrial,94.0,3.0,2.0,1.0,19,2.8,nao,253000.0
I00016,apartamento,Vila Nova,87.0,3.0,3.0,1.0,17,4.0,sim,392000.0
I00017,apartamento,Industrial,59.0,2.0,2.0,1.0,23,1.8,sim,194000.0
I00018,apartamento,Vila Nova,73.0,1.0,1.0,1.0,11,1.4,nao,327000.0
I00019,apartamento,Centro,50.0,1.0,1.0,2.0,20,5.3,nao,288000.0
I00020,apartamento,Vila Nova,129.0,3.0,2.0,1.0,20,0.5,nao,539000.0
I00021,apartamento,Vila Nova,92.0,3.0,2.0,2.0,0,1.9,sim,605000.0
I00022,apartamento,Vila Nova,68.0,1.0,1.0,1.0,43,2.6,nao,260000.0
I00023,casa,Centro,150.0,4.0,3.0,2.0,2,5.0,nao,908000.0
I00024,casa,Centro,187.0,3.0,2.0,3.0,34,0.3,sim,1247000.0
I00025,apartamento,Jardins,58.0,2.0,2.0,1.0,9,,sim,410000.0
I00026,apartamento,Beira-Mar,70.0,1.0,1.0,2.0,2,2.2,nao,873000.0
I00027,casa,Centro,180.0,4.0,3.0,1.0,42,0.9,sim,978000.0
I00028,apartamento,Centro,46.0,2.0,2.0,0.0,36,0.1,nao,215000.0
I00029,casa,Jardins,170.0,5.0,5.0,3.0,16,1.3,sim,1727000.0
I00030,casa,Jardins,336.0,7.0,4.0,5.0,29,4.0,sim,3000000.0
I00031,apartamento,Centro,39.0,1.0,1.0,0.0,49,1.1,nao,162000.0
I00032,apartamento,Jardins,97.0,3.0,3.0,0.0,27,0.1,nao,773000.0
I00033,apartamento,Vila Nova,46.0,1.0,2.0,0.0,32,1.6,nao,143000.0
I00034,apartamento,Industrial,43.0,2.0,1.0,1.0,17,7.2,nao,91000.0
I00035,apartamento,Vila Nova,61.0,1.0,1.0,0.0,6,0.8,nao,277000.0
I00036,casa,Beira-Mar,169.0,4.0,3.0,2.0,50,1.6,sim,1495000.0
I00037,casa,Vila Nova,171.0,5.0,4.0,2.0,48,2.2,sim,614000.0
I00038,apartamento,Vila Nova,67.0,1.0,1.0,1.0,14,0.8,nao,351000.0
I00039,casa,Vila Nova,96.0,2.0,1.0,3.0,17,1.5,nao,451000.0
I00040,casa,Jardins,133.0,1.0,1.0,3.0,46,1.0,nao,921000.0
I00041,apartamento,Centro,37.0,1.0,1.0,0.0,38,0.1,nao,214000.0
I00042,casa,Vila Nova,188.0,4.0,3.0,3.0,3,0.2,nao,1001000.0
I00043,casa,Jardins,122.0,2.0,1.0,1.0,25,0.2,nao,1112000.0
I00044,casa,Jardins,206.0,5.0,3.0,3.0,9,1.2,nao,2328000.0
I00045,apartamento,Beira-Mar,50.0,2.0,2.0,0.0,17,1.4,nao,548000.0
I00046,apartamento,Vila Nova,85.0,3.0,2.0,2.0,27,1.3,nao,457000.0
I00047,apartamento,Centro,38.0,2.0,1.0,1.0,46,1.3,nao,178000.0
I00048,casa,Centro,224.0,6.0,4.0,3.0,8,0.8,sim,1995000.0
I00049,apartamento,Industrial,82.0,1.0,1.0,0.0,32,1.1,nao,211000.0
I00050,casa,Jardins,123.0,4.0,3.0,1.0,45,4.5,sim,825000.0
I00051,casa,Centro,120.0,3.0,3.0,3.0,30,3.6,nao,595000.0
I00052,apartamento,Vila Nova,63.0,2.0,2.0,-0.0,28,4.2,nao,171000.0
I00053,casa,Industrial,140.0,4.0,3.0,2.0,38,0.9,sim,434000.0
I00054,apartamento,Vila Nova,40.0,1.0,1.0,0.0,33,1.8,nao,153000.0
I00055,casa,Vila Nova,125.0,3.0,2.0,2.0,1,1.0,sim,498000.0
I00056,apartamento,Industrial,63.0,1.0,1.0,,32,3.9,nao,150000.0
I00057,apartamento,Centro,100.0,2.0,2.0,1.0,13,0.8,nao,662000.0
I00058,apartamento,Vila Nova,58.0,1.0,1.0,1.0,30,0.4,nao,240000.0
I00059,casa,Centro,98.0,1.0,1.0,1.0,8,0.3,nao,663000.0
I00060,apartamento,Vila Nova,68.0,1.0,1.0,1.0,30,1.3,nao,257000.0
I00061,apartamento,Vila Nova,86.0,3.0,2.0,0.0,37,3.1,sim,312000.0
I00062,apartamento,Industrial,72.0,3.0,2.0,1.0,48,0.4,nao,216000.0
I00063,apartamento,Vila Nova,71.0,1.0,1.0,0.0,26,5.1,nao,184000.0
I00064,apartamento,Vila Nova,71.0,2.0,2.0,1.0,29,1.2,nao,303000.0
I00065,apartamento,Vila Nova,66.0,1.0,1.0,1.0,43,0.7,nao,229000.0
I00066,apartamento,Centro,58.0,2.0,2.0,1.0,26,8.8,nao,215000.0
I00067,casa,Vila Nova,106.0,2.0,1.0,2.0,25,1.5,nao,498000.0
I00068,casa,Centro,141.0,3.0,1.0,1.0,5,0.2,sim,1049000.0
I00069,apartamento,Vila Nova,78.0,1.0,1.0,2.0,39,8.7,nao,204000.0
I00070,apartamento,Centro,72.0,2.0,1.0,2.0,26,0.5,nao,466000.0
I00071,apartamento,Centro,37.0,1.0,1.0,-0.0,12,1.4,nao,194000.0
I00072,casa,Beira-Mar,194.0,5.0,3.0,2.0,29,0.2,sim,2720000.0
I00073,apartamento,Jardins,43.0,2.0,1.0,0.0,21,5.7,nao,324000.0
I00074,apartamento,Vila Nova,44.0,1.0,1.0,1.0,18,4.1,nao,155000.0
I00075,apartamento,Vila Nova,49.0,1.0,1.0,1.0,25,10.9,nao,118000.0
I00076,apartamento,Vila Nova,60.0,1.0,1.0,0.0,29,2.1,nao,217000.0
I00077,apartamento,Centro,67.0,3.0,3.0,1.0,40,6.6,nao,289000.0
I00078,apartamento,Beira-Mar,99.0,4.0,4.0,2.0,40,0.2,nao,939000.0
I00079,apartamento,Jardins,99.0,3.0,2.0,1.0,18,0.1,nao,918000.0
I00080,apartamento,Jardins,38.0,1.0,1.0,1.0,37,1.9,nao,322000.0
I00081,apartamento,Beira-Mar,37.0,2.0,1.0,1.0,11,,nao,420000.0
I00082,apartamento,Beira-Mar,102.0,3.0,3.0,1.0,44,6.3,nao,687000.0
I00083,casa,Beira-Mar,132.0,5.0,3.0,2.0,11,6.2,sim,1419000.0
I00084,casa,Beira-Mar,98.0,3.0,2.0,1.0,32,1.7,sim,828000.0
I00085,apartamento,Centro,86.0,1.0,1.0,1.0,30,0.3,nao,555000.0
I00086,casa,Beira-Mar,208.0,5.0,3.0,2.0,4,1.1,sim,2697000.0
I00087,apartamento,Centro,81.0,3.0,2.0,2.0,42,0.4,nao,565000.0
I00088,apartamento,Jardins,53.0,1.0,1.0,2.0,30,7.4,sim,508000.0
I00089,apartamento,Jardins,33.0,2.0,1.0,-0.0,48,1.3,sim,299000.0
I00090,casa,Centro,168.0,4.0,3.0,2.0,9,6.6,nao,758000.0
I00091,apartamento,Vila Nova,67.0,2.0,2.0,2.0,12,0.1,nao,307000.0
I00092,apartamento,Vila Nova,52.0,1.0,1.0,1.0,23,,sim,240000.0
I00093,apartamento,Beira-Mar,40.0,1.0,1.0,0.0,45,0.6,nao,383000.0
I00094,casa,Centro,151.0,3.0,3.0,3.0,45,5.8,sim,745000.0
I00095,casa,Vila Nova,115.0,2.0,1.0,1.0,41,0.9,nao,378000.0
I00096,casa,Vila Nova,148.0,4.0,3.0,2.0,4,0.1,nao,560000.0
I00097,apartamento,Jardins,96.0,2.0,2.0,2.0,47,0.4,sim,903000.0
I00098,apartamento,Centro,55.0,2.0,1.0,1.0,38,3.0,nao,216000.0
I00099,casa,Centro,294.0,7.0,5.0,4.0,15,0.1,nao,2230000.0
I00100,apartamento,Jardins,67.0,2.0,1.0,2.0,17,0.4,sim,811000.0
I00101,apartamento,Vila Nova,91.0,2.0,1.0,2.0,47,0.5,nao,300000.0
I00102,apartamento,Centro,58.0,2.0,1.0,2.0,38,,nao,416000.0
I00103,apartamento,Industrial,86.0,2.0,1.0,1.0,21,2.0,nao,251000.0
I00104,apartamento,Beira-Mar,51.0,2.0,2.0,1.0,9,4.7,nao,572000.0
I00105,apartamento,Centro,88.0,4.0,3.0,2.0,19,5.9,nao,515000.0
I00106,casa,Centro,335.0,7.0,5.0,5.0,5,1.2,nao,2416000.0
I00107,apartamento,Centro,48.0,2.0,2.0,0.0,29,0.9,sim,296000.0
I00108,apartamento,Industrial,31.0,1.0,1.0,1.0,40,5.4,nao,54000.0
I00109,casa,Centro,113.0,3.0,1.0,2.0,16,1.7,sim,748000.0
I00110,apartamento,Industrial,78.0,3.0,2.0,1.0,32,,nao,200000.0
I00111,apartamento,Industrial,72.0,1.0,1.0,1.0,43,13.8,nao,93000.0
I00112,apartamento,Centro,60.0,2.0,1.0,-0.0,48,0.2,nao,271000.0
I00113,apartamento,Industrial,102.0,3.0,2.0,1.0,6,1.0,nao,317000.0
I00114,apartamento,Jardins,60.0,2.0,2.0,0.0,19,5.2,nao,493000.0
I00115,casa,Jardins,191.0,5.0,4.0,4.0,3,3.9,nao,2118000.0
I00116,apartamento,Industrial,61.0,1.0,1.0,,23,4.6,nao,150000.0
I00117,apartamento,Vila Nova,51.0,2.0,2.0,1.0,35,4.7,nao,221000.0
I00118,apartamento,Vila Nova,73.0,2.0,2.0,2.0,33,0.6,nao,271000.0
I00119,apartamento,Jardins,74.0,3.0,3.0,2.0,24,0.5,nao,648000.0
I00120,casa,Vila Nova,269.0,7.0,5.0,4.0,8,2.1,nao,1605000.0
I00121,apartamento,Beira-Mar,81.0,1.0,1.0,1.0,48,0.7,nao,806000.0
I00122,apartamento,Centro,77.0,1.0,1.0,1.0,0,0.2,nao,655000.0
I00123,apartamento,Industrial,73.0,2.0,1.0,1.0,44,7.1,nao,158000.0
I00124,apartamento,Beira-Mar,57.0,1.0,1.0,1.0,41,3.0,sim,644000.0
I00125,apartamento,Jardins,64.0,1.0,1.0,0.0,49,2.0,nao,380000.0
I00126,apartamento,Beira-Mar,58.0,1.0,2.0,-0.0,24,0.3,nao,608000.0
I00127,apartamento,Centro,73.0,3.0,2.0,0.0,5,2.8,nao,467000.0
I00128,apartamento,Beira-Mar,41.0,2.0,1.0,-0.0,48,,nao,270000.0
I00129,casa,Beira-Mar,76.0,1.0,1.0,1.0,1,1.1,sim,942000.0
I00130,apartamento,Centro,54.0,1.0,1.0,1.0,5,0.4,nao,475000.0
I00131,apartamento,Jardins,52.0,1.0,1.0,-0.0,22,4.2,nao,341000.0
I00132,casa,Vila Nova,155.0,3.0,2.0,2.0,9,2.4,nao,718000.0
I00133,apartamento,Beira-Mar,57.0,2.0,1.0,2.0,6,2.4,nao,723000.0
I00134,apartamento,Centro,84.0,2.0,1.0,1.0,2,1.5,nao,609000.0
I00135,apartamento,Jardins,56.0,1.0,1.0,2.0,35,1.0,sim,487000.0
I00136,casa,Vila Nova,301.0,7.0,5.0,4.0,48,5.9,nao,931000.0
I00137,casa,Vila Nova,127.0,3.0,2.0,2.0,43,2.4,nao,337000.0
I00138,apartamento,Jardins,80.0,2.0,2.0,1.0,41,2.3,sim,645000.0
I00139,casa,Jardins,111.0,4.0,3.0,3.0,24,3.1,sim,1069000.0
I00140,apartamento,Centro,60.0,1.0,1.0,2.0,49,0.8,nao,311000.0
I00141,apartamento,Industrial,81.0,2.0,1.0,2.0,5,0.6,nao,350000.0
I00142,apartamento,Centro,70.0,1.0,1.0,1.0,47,0.4,nao,311000.0
I00143,apartamento,Vila Nova,90.0,2.0,2.0,1.0,49,,nao,343000.0
I00144,apartamento,Centro,100.0,3.0,3.0,1.0,10,0.2,sim,917000.0
I00145,casa,Centro,288.0,7.0,4.0,4.0,6,0.5,nao,2033000.0
I00146,casa,Vila Nova,180.0,5.0,4.0,3.0,45,7.0,nao,397000.0
I00147,apartamento,Centro,71.0,1.0,1.0,2.0,35,4.7,nao,325000.0
I00148,apartamento,Vila Nova,61.0,3.0,2.0,-0.0,38,0.2,nao,255000.0
I00149,apartamento,Vila Nova,55.0,1.0,1.0,2.0,30,0.3,nao,284000.0
I00150,apartamento,Industrial,61.0,1.0,1.0,2.0,15,1.9,nao,182000.0
I00151,apartamento,Vila Nova,75.0,2.0,1.0,2.0,16,1.4,nao,361000.0
I00152,apartamento,Centro,105.0,3.0,2.0,1.0,25,6.7,nao,507000.0
I00153,casa,Vila Nova,159.0,5.0,4.0,3.0,47,4.4,nao,538000.0
I00154,casa,Centro,127.0,3.0,2.0,1.0,27,7.7,nao,528000.0
I00155,apartamento,Vila Nova,46.0,2.0,1.0,-0.0,16,1.1,nao,229000.0
I00156,casa,Vila Nova,106.0,2.0,1.0,3.0,13,3.1,sim,566000.0
I00157,apartamento,Vila Nova,75.0,3.0,3.0,1.0,9,0.4,nao,367000.0
I00158,apartamento,Beira-Mar,85.0,3.0,2.0,1.0,15,1.3,nao,1024000.0
I00159,apartamento,Jardins,97.0,3.0,2.0,1.0,45,0.5,nao,785000.0
I00160,apartamento,Beira-Mar,97.0,3.0,3.0,3.0,40,1.5,sim,1240000.0
I00161,apartamento,Beira-Mar,49.0,1.0,1.0,1.0,40,0.5,sim,452000.0
I00162,casa,Jardins,110.0,3.0,2.0,1.0,17,10.5,sim,648000.0
I00163,casa,Jardins,189.0,4.0,2.0,3.0,36,2.0,sim,1832000.0
I00164,apartamento,Centro,101.0,2.0,2.0,2.0,19,1.3,nao,728000.0
I00165,apartamento,Beira-Mar,70.0,2.0,1.0,1.0,32,2.5,nao,747000.0
I00166,apartamento,Beira-Mar,123.0,4.0,3.0,2.0,47,3.7,sim,858000.0
I00167,apartamento,Centro,105.0,3.0,1.0,1.0,1,0.1,nao,900000.0
I00168,casa,Centro,177.0,4.0,2.0,2.0,43,1.3,sim,971000.0
I00169,casa,Beira-Mar,158.0,5.0,4.0,2.0,3,5.9,nao,1311000.0
I00170,apartamento,Centro,39.0,1.0,1.0,1.0,8,0.6,nao,247000.0
I00171,apartamento,Beira-Mar,50.0,2.0,2.0,1.0,25,1.0,sim,504000.0
I00172,casa,Centro,135.0,5.0,4.0,2.0,6,5.9,sim,826000.0
I00173,casa,Vila Nova,246.0,6.0,4.0,3.0,47,5.2,nao,677000.0
I00174,apartamento,Centro,111.0,3.0,3.0,2.0,13,1.6,nao,701000.0
I00175,casa,Jardins,109.0,2.0,1.0,2.0,3,2.5,nao,1427000.0
I00176,casa,Vila Nova,197.0,5.0,4.0,2.0,35,1.7,nao,768000.0
I00177,apartamento,Industrial,51.0,2.0,1.0,1.0,22,1.0,nao,174000.0
I00178,apartamento,Vila Nova,28.0,1.0,1.0,-0.0,17,,nao,118000.0
I00179,apartamento,Centro,138.0,4.0,2.0,,35,0.7,sim,905000.0
I00180,apartamento,Vila Nova,32.0,1.0,1.0,1.0,23,1.6,nao,132000.0
I00181,apartamento,Centro,26.0,1.0,1.0,-0.0,26,3.1,nao,143000.0
I00182,apartamento,Vila Nova,76.0,1.0,1.0,1.0,0,2.2,nao,409000.0
I00183,apartamento,Centro,63.0,3.0,1.0,1.0,1,0.8,nao,457000.0
I00184,apartamento,Beira-Mar,79.0,1.0,1.0,0.0,22,5.9,nao,584000.0
I00185,apartamento,Industrial,134.0,3.0,2.0,3.0,1,0.3,nao,655000.0
I00186,apartamento,Vila Nova,98.0,1.0,1.0,2.0,14,2.7,nao,447000.0
I00187,apartamento,Jardins,85.0,2.0,2.0,2.0,30,0.1,nao,675000.0
I00188,apartamento,Industrial,52.0,1.0,1.0,1.0,17,0.9,nao,221000.0
I00189,apartamento,Jardins,59.0,2.0,1.0,1.0,24,5.8,nao,453000.0
I00190,casa,Jardins,171.0,4.0,3.0,3.0,2,0.2,nao,2070000.0
I00191,apartamento,Centro,60.0,2.0,1.0,1.0,25,,nao,291000.0
I00192,apartamento,Industrial,93.0,3.0,2.0,1.0,25,2.3,nao,283000.0
I00193,apartamento,Centro,76.0,1.0,1.0,1.0,11,1.8,nao,407000.0
I00194,apartamento,Industrial,65.0,1.0,1.0,-0.0,31,0.1,nao,220000.0
I00195,casa,Beira-Mar,207.0,5.0,2.0,3.0,18,0.2,nao,1984000.0
I00196,apartamento,Industrial,64.0,3.0,2.0,1.0,20,1.8,nao,209000.0
I00197,casa,Vila Nova,87.0,2.0,1.0,2.0,25,0.3,sim,499000.0
I00198,apartamento,Jardins,108.0,2.0,1.0,1.0,4,1.5,nao,1182000.0
I00199,apartamento,Vila Nova,70.0,2.0,2.0,0.0,45,0.3,nao,240000.0
I00200,casa,Beira-Mar,129.0,4.0,3.0,2.0,20,4.3,sim,1420000.0
I00201,casa,Vila Nova,134.0,3.0,2.0,1.0,14,8.8,sim,348000.0
I00202,apartamento,Jardins,57.0,2.0,1.0,1.0,15,0.9,nao,538000.0
I00203,apartamento,Vila Nova,175.0,5.0,3.0,3.0,14,5.6,nao,748000.0
I00204,casa,Centro,89.0,2.0,1.0,3.0,20,0.4,nao,649000.0
I00205,apartamento,Beira-Mar,79.0,1.0,1.0,2.0,30,1.1,nao,974000.0
I00206,casa,Vila Nova,150.0,4.0,3.0,2.0,39,1.4,nao,473000.0
I00207,casa,Centro,185.0,5.0,3.0,3.0,27,2.7,sim,1257000.0
I00208,casa,Centro,124.0,3.0,2.0,2.0,48,0.8,nao,633000.0
I00209,apartamento,Beira-Mar,108.0,2.0,2.0,2.0,17,3.1,nao,945000.0
I00210,casa,Jardins,125.0,5.0,4.0,2.0,31,0.1,sim,1047000.0
I00211,apartamento,Vila Nova,59.0,1.0,1.0,-0.0,10,0.8,nao,295000.0
I00212,apartamento,Vila Nova,72.0,1.0,1.0,2.0,20,4.6,nao,281000.0
I00213,casa,Vila Nova,158.0,5.0,4.0,3.0,34,3.7,nao,639000.0
I00214,apartamento,Centro,103.0,3.0,2.0,2.0,25,0.2,sim,952000.0
I00215,casa,Vila Nova,89.0,2.0,2.0,1.0,6,0.3,sim,540000.0
I00216,apartamento,Beira-Mar,97.0,2.0,1.0,3.0,43,0.8,nao,966000.0
I00217,apartamento,Beira-Mar,99.0,2.0,2.0,2.0,20,3.6,sim,1124000.0
I00218,casa,Vila Nova,181.0,5.0,4.0,2.0,43,0.8,nao,631000.0
I00219,casa,Centro,137.0,3.0,2.0,2.0,33,2.9,sim,805000.0
I00220,apartamento,Vila Nova,59.0,3.0,2.0,1.0,43,3.8,nao,211000.0
I00221,apartamento,Vila Nova,83.0,1.0,1.0,2.0,39,1.3,nao,263000.0
I00222,apartamento,Beira-Mar,76.0,2.0,2.0,1.0,47,1.5,nao,670000.0
I00223,apartamento,Beira-Mar,42.0,1.0,1.0,2.0,25,0.6,sim,625000.0
I00224,apartamento,Jardins,96.0,2.0,1.0,1.0,45,5.2,nao,697000.0
I00225,apartamento,Vila Nova,55.0,1.0,1.0,1.0,5,2.4,nao,294000.0
I00226,casa,Vila Nova,112.0,3.0,2.0,1.0,19,0.8,sim,420000.0
I00227,apartamento,Centro,102.0,4.0,3.0,2.0,50,3.8,nao,356000.0
I00228,apartamento,Jardins,74.0,1.0,1.0,2.0,29,,nao,751000.0
I00229,apartamento,Beira-Mar,66.0,1.0,1.0,2.0,45,1.3,nao,776000.0
I00230,apartamento,Beira-Mar,62.0,2.0,2.0,0.0,23,0.7,sim,757000.0
I00231,casa,Beira-Mar,129.0,3.0,2.0,2.0,46,0.5,sim,1302000.0
I00232,apartamento,Jardins,69.0,1.0,2.0,0.0,27,0.4,sim,587000.0
I00233,casa,Vila Nova,250.0,7.0,6.0,4.0,41,0.6,sim,1050000.0
I00234,apartamento,Centro,36.0,1.0,1.0,2.0,28,0.4,nao,203000.0
I00235,apartamento,Vila Nova,169.0,4.0,2.0,4.0,11,,nao,895000.0
I00236,casa,Jardins,318.0,7.0,5.0,5.0,42,6.1,sim,2351000.0
I00237,apartamento,Jardins,62.0,2.0,1.0,1.0,19,0.1,sim,759000.0
I00238,apartamento,Jardins,75.0,1.0,1.0,1.0,42,3.8,sim,674000.0
I00239,apartamento,Centro,75.0,2.0,1.0,1.0,14,0.1,nao,488000.0
I00240,apartamento,Vila Nova,102.0,3.0,3.0,2.0,22,0.6,sim,503000.0
I00241,apartamento,Vila Nova,74.0,2.0,1.0,1.0,9,2.6,nao,304000.0
I00242,apartamento,Centro,80.0,2.0,2.0,1.0,25,4.9,nao,479000.0
I00243,apartamento,Jardins,106.0,4.0,3.0,2.0,21,2.5,sim,982000.0
I00244,apartamento,Industrial,36.0,1.0,1.0,0.0,27,0.9,nao,100000.0
I00245,apartamento,Vila Nova,66.0,1.0,1.0,1.0,28,0.5,nao,242000.0
I00246,casa,Jardins,152.0,4.0,3.0,3.0,35,4.2,nao,907000.0
I00247,casa,Vila Nova,125.0,3.0,3.0,2.0,31,3.7,nao,406000.0
I00248,apartamento,Jardins,39.0,1.0,1.0,0.0,26,0.1,sim,395000.0
I00249,casa,Centro,142.0,5.0,4.0,2.0,42,2.5,sim,652000.0
I00250,apartamento,Beira-Mar,58.0,2.0,1.0,0.0,39,2.7,nao,425000.0
I00251,apartamento,Beira-Mar,60.0,1.0,1.0,1.0,43,6.1,nao,372000.0
I00252,apartamento,Beira-Mar,70.0,2.0,1.0,1.0,17,3.5,nao,697000.0
I00253,apartamento,Jardins,39.0,1.0,1.0,1.0,20,1.1,sim,409000.0
I00254,casa,Vila Nova,127.0,3.0,2.0,1.0,31,3.2,sim,556000.0
I00255,apartamento,Vila Nova,55.0,2.0,1.0,-0.0,0,0.3,nao,301000.0
I00256,apartamento,Vila Nova,45.0,2.0,2.0,0.0,48,0.5,nao,145000.0
I00257,casa,Beira-Mar,167.0,5.0,3.0,3.0,10,0.9,sim,2061000.0
I00258,casa,Jardins,89.0,3.0,2.0,0.0,19,1.6,sim,699000.0
I00259,apartamento,Beira-Mar,85.0,3.0,2.0,2.0,16,3.0,nao,1023000.0
I00260,apartamento,Vila Nova,95.0,3.0,2.0,1.0,6,1.2,nao,602000.0
I00261,apartamento,Beira-Mar,67.0,2.0,1.0,1.0,43,2.1,nao,571000.0
I00262,casa,Beira-Mar,206.0,5.0,3.0,3.0,37,5.8,sim,1504000.0
I00263,apartamento,Beira-Mar,158.0,4.0,2.0,2.0,0,1.4,nao,2369000.0
I00264,apartamento,Vila Nova,86.0,4.0,3.0,2.0,38,3.7,nao,344000.0
I00265,casa,Vila Nova,126.0,4.0,3.0,1.0,20,1.7,sim,571000.0
I00266,casa,Centro,212.0,5.0,3.0,4.0,26,0.6,nao,1377000.0
I00267,apartamento,Vila Nova,36.0,1.0,1.0,1.0,9,0.8,nao,158000.0
I00268,casa,Industrial,318.0,7.0,5.0,4.0,9,0.6,nao,1068000.0
I00269,apartamento,Jardins,73.0,3.0,2.0,1.0,26,0.3,nao,730000.0
I00270,apartamento,Jardins,77.0,2.0,2.0,1.0,17,0.2,nao,709000.0
I00271,apartamento,Vila Nova,41.0,1.0,2.0,0.0,39,0.3,nao,153000.0
I00272,apartamento,Jardins,96.0,3.0,1.0,0.0,42,3.7,sim,630000.0
I00273,casa,Centro,146.0,3.0,2.0,1.0,19,1.3,nao,915000.0
I00274,casa,Industrial,134.0,2.0,2.0,1.0,37,3.8,sim,302000.0
I00275,apartamento,Centro,56.0,2.0,1.0,1.0,30,7.3,nao,227000.0
I00276,apartamento,Centro,51.0,1.0,1.0,-0.0,16,0.8,sim,360000.0
I00277,apartamento,Vila Nova,54.0,1.0,1.0,1.0,5,0.3,nao,317000.0
I00278,casa,Industrial,79.0,2.0,2.0,1.0,11,2.4,sim,274000.0
I00279,casa,Centro,150.0,4.0,3.0,2.0,50,1.0,nao,689000.0
I00280,casa,Jardins,244.0,6.0,4.0,3.0,10,4.4,nao,2244000.0
I00281,casa,Beira-Mar,161.0,4.0,4.0,2.0,41,0.8,nao,1316000.0
I00282,apartamento,Centro,53.0,2.0,1.0,1.0,19,1.9,nao,304000.0
I00283,casa,Centro,157.0,3.0,2.0,1.0,47,2.2,nao,773000.0
I00284,apartamento,Centro,28.0,1.0,1.0,0.0,13,4.8,nao,142000.0
I00285,apartamento,Industrial,127.0,3.0,2.0,1.0,13,3.0,nao,340000.0
I00286,apartamento,Beira-Mar,58.0,2.0,1.0,0.0,25,2.1,sim,688000.0
I00287,apartamento,Vila Nova,84.0,2.0,1.0,0.0,16,5.7,nao,287000.0
I00288,casa,Industrial,137.0,2.0,2.0,2.0,7,2.0,nao,344000.0
I00289,apartamento,Centro,86.0,4.0,2.0,1.0,29,3.7,nao,385000.0
I00290,casa,Centro,317.0,7.0,5.0,4.0,24,6.5,nao,1360000.0
I00291,casa,Vila Nova,66.0,2.0,2.0,,0,7.8,sim,218000.0
I00292,apartamento,Beira-Mar,77.0,2.0,1.0,1.0,28,0.2,nao,789000.0
I00293,apartamento,Centro,77.0,2.0,1.0,1.0,33,5.6,nao,362000.0
I00294,apartamento,Jardins,61.0,2.0,2.0,1.0,1,0.3,nao,626000.0
I00295,apartamento,Centro,54.0,2.0,2.0,1.0,26,3.3,nao,239000.0
I00296,apartamento,Beira-Mar,98.0,2.0,1.0,1.0,20,2.8,sim,1247000.0
I00297,apartamento,Jardins,69.0,1.0,1.0,1.0,5,,sim,806000.0
I00298,apartamento,Vila Nova,70.0,2.0,1.0,0.0,42,1.9,sim,279000.0
I00299,apartamento,Centro,63.0,1.0,1.0,1.0,34,0.2,nao,362000.0
I00300,casa,Jardins,132.0,3.0,2.0,2.0,14,0.3,nao,2115000.0
I00301,casa,Centro,173.0,4.0,3.0,2.0,21,0.9,nao,1016000.0
I00302,apartamento,Industrial,85.0,2.0,1.0,2.0,45,1.6,nao,194000.0
I00303,casa,Vila Nova,107.0,3.0,3.0,2.0,45,3.0,nao,341000.0
I00304,apartamento,Vila Nova,63.0,2.0,1.0,1.0,3,1.9,nao,289000.0
I00305,casa,Jardins,200.0,4.0,3.0,4.0,14,,sim,2683000.0
I00306,apartamento,Centro,126.0,2.0,1.0,1.0,34,,nao,623000.0
I00307,apartamento,Jardins,126.0,2.0,1.0,2.0,12,2.2,nao,1498000.0
I00308,apartamento,Centro,123.0,3.0,2.0,3.0,23,5.4,nao,776000.0
I00309,apartamento,Vila Nova,75.0,1.0,1.0,0.0,21,0.1,nao,296000.0
I00310,apartamento,Centro,101.0,3.0,2.0,1.0,37,2.4,nao,541000.0
I00311,apartamento,Vila Nova,80.0,3.0,2.0,0.0,13,0.8,nao,389000.0
I00312,apartamento,Industrial,54.0,2.0,2.0,1.0,26,0.5,nao,183000.0
I00313,casa,Jardins,134.0,3.0,3.0,,3,7.3,nao,945000.0
I00314,apartamento,Centro,65.0,3.0,2.0,1.0,9,0.1,nao,477000.0
I00315,casa,Vila Nova,194.0,5.0,4.0,3.0,0,0.7,nao,920000.0
I00316,apartamento,Industrial,92.0,2.0,2.0,1.0,42,3.6,nao,191000.0
I00317,casa,Industrial,135.0,3.0,3.0,3.0,49,1.3,nao,328000.0
I00318,apartamento,Jardins,65.0,2.0,2.0,0.0,45,,nao,411000.0
I00319,casa,Vila Nova,110.0,3.0,3.0,1.0,39,,nao,323000.0
I00320,apartamento,Jardins,62.0,2.0,2.0,1.0,37,3.0,sim,578000.0
I00321,apartamento,Industrial,67.0,1.0,1.0,1.0,28,1.7,nao,192000.0
I00322,apartamento,Centro,79.0,1.0,1.0,3.0,19,0.2,nao,543000.0
I00323,casa,Vila Nova,146.0,4.0,3.0,3.0,23,4.1,sim,636000.0
I00324,casa,Vila Nova,106.0,2.0,1.0,2.0,10,0.1,sim,591000.0
I00325,apartamento,Centro,59.0,1.0,1.0,1.0,10,,nao,427000.0
I00326,apartamento,Vila Nova,67.0,2.0,1.0,1.0,4,0.1,nao,309000.0
I00327,casa,Vila Nova,167.0,5.0,4.0,3.0,16,0.3,sim,881000.0
I00328,casa,Jardins,118.0,4.0,3.0,2.0,38,1.0,sim,1067000.0
I00329,apartamento,Centro,42.0,1.0,1.0,-0.0,7,1.3,nao,317000.0
I00330,apartamento,Vila Nova,47.0,1.0,1.0,0.0,12,0.8,nao,188000.0
I00331,casa,Industrial,157.0,4.0,2.0,3.0,6,2.2,sim,608000.0
I00332,apartamento,Industrial,82.0,2.0,2.0,1.0,31,1.6,nao,209000.0
I00333,apartamento,Jardins,57.0,1.0,1.0,2.0,28,4.1,nao,414000.0
I00334,casa,Beira-Mar,99.0,4.0,3.0,2.0,41,6.6,nao,727000.0
I00335,casa,Beira-Mar,86.0,2.0,1.0,1.0,31,0.2,nao,796000.0
I00336,apartamento,Industrial,44.0,1.0,1.0,-0.0,24,0.2,nao,143000.0
I00337,apartamento,Vila Nova,61.0,2.0,1.0,0.0,46,0.8,nao,180000.0
I00338,apartamento,Jardins,40.0,1.0,1.0,1.0,32,6.6,nao,260000.0
I00339,apartamento,Industrial,74.0,3.0,2.0,2.0,7,1.2,nao,273000.0
I00340,casa,Jardins,167.0,4.0,2.0,2.0,14,1.3,nao,1627000.0
I00341,apartamento,Centro,43.0,1.0,1.0,1.0,16,1.6,nao,223000.0
I00342,apartamento,Vila Nova,49.0,1.0,1.0,1.0,21,0.9,nao,182000.0
I00343,apartamento,Industrial,68.0,2.0,1.0,1.0,0,1.2,nao,254000.0
I00344,apartamento,Vila Nova,53.0,1.0,1.0,1.0,21,0.3,nao,277000.0
I00345,apartamento,Vila Nova,75.0,1.0,1.0,1.0,12,1.2,nao,298000.0
I00346,casa,Jardins,198.0,6.0,4.0,3.0,28,1.8,sim,1504000.0
I00347,apartamento,Beira-Mar,65.0,2.0,1.0,-0.0,40,2.8,nao,556000.0
I00348,casa,Centro,77.0,2.0,1.0,2.0,28,1.1,nao,461000.0
I00349,apartamento,Centro,74.0,2.0,1.0,1.0,18,0.3,nao,527000.0
I00350,casa,Industrial,124.0,3.0,4.0,2.0,22,0.1,nao,402000.0
I00351,apartamento,Vila Nova,84.0,3.0,2.0,1.0,3,,nao,473000.0
I00352,casa,Industrial,316.0,7.0,5.0,4.0,1,3.3,nao,1386000.0
I00353,casa,Centro,100.0,2.0,1.0,1.0,15,0.6,sim,621000.0
I00354,apartamento,Beira-Mar,54.0,1.0,1.0,0.0,26,0.2,nao,654000.0
I00355,apartamento,Centro,77.0,2.0,2.0,1.0,41,0.3,nao,505000.0
I00356,casa,Centro,189.0,5.0,4.0,2.0,22,3.2,nao,1013000.0
I00357,apartamento,Centro,143.0,4.0,4.0,3.0,35,,nao,883000.0
I00358,apartamento,Centro,60.0,1.0,1.0,1.0,33,5.1,sim,280000.0
I00359,apartamento,Industrial,52.0,2.0,1.0,0.0,34,6.0,nao,88000.0
I00360,apartamento,Vila Nova,53.0,1.0,1.0,-0.0,9,1.6,nao,159000.0
I00361,apartamento,Industrial,60.0,3.0,2.0,0.0,30,0.4,nao,186000.0
I00362,casa,Centro,128.0,4.0,3.0,3.0,50,0.2,nao,608000.0
I00363,apartamento,Beira-Mar,74.0,2.0,1.0,1.0,32,2.8,nao,681000.0
I00364,apartamento,Centro,71.0,1.0,1.0,1.0,47,1.8,nao,290000.0
I00365,apartamento,Centro,45.0,1.0,1.0,1.0,42,1.4,nao,218000.0
I00366,casa,Industrial,82.0,2.0,2.0,2.0,38,0.7,sim,272000.0
I00367,apartamento,Centro,67.0,3.0,2.0,1.0,19,3.3,nao,342000.0
I00368,casa,Beira-Mar,107.0,3.0,2.0,,17,1.3,sim,1796000.0
I00369,apartamento,Industrial,57.0,2.0,1.0,1.0,48,4.7,nao,109000.0
I00370,casa,Centro,191.0,5.0,3.0,2.0,28,1.2,nao,1076000.0
I00371,casa,Industrial,176.0,4.0,3.0,1.0,19,2.4,nao,526000.0
I00372,casa,Vila Nova,123.0,3.0,1.0,2.0,26,0.1,nao,583000.0
I00373,apartamento,Vila Nova,100.0,4.0,4.0,1.0,17,1.7,nao,482000.0
I00374,apartamento,Industrial,102.0,3.0,2.0,1.0,38,0.9,nao,365000.0
I00375,casa,Vila Nova,226.0,5.0,4.0,4.0,26,4.1,nao,984000.0
I00376,casa,Industrial,241.0,5.0,4.0,4.0,22,2.8,sim,834000.0
I00377,casa,Industrial,130.0,4.0,2.0,2.0,4,2.2,nao,462000.0
I00378,casa,Jardins,206.0,6.0,4.0,3.0,25,1.6,sim,1950000.0
I00379,casa,Beira-Mar,126.0,3.0,3.0,2.0,43,2.2,sim,1234000.0
I00380,apartamento,Jardins,107.0,2.0,1.0,2.0,38,1.3,nao,1205000.0
I00381,apartamento,Centro,64.0,2.0,2.0,1.0,23,8.5,nao,251000.0
I00382,casa,Jardins,141.0,4.0,3.0,2.0,21,1.0,nao,1444000.0
I00383,casa,Centro,99.0,3.0,2.0,2.0,0,0.8,nao,653000.0
I00384,apartamento,Vila Nova,49.0,2.0,1.0,0.0,38,3.0,nao,140000.0
I00385,casa,Centro,161.0,4.0,2.0,1.0,40,2.3,nao,670000.0
I00386,apartamento,Centro,98.0,2.0,1.0,1.0,34,4.5,nao,548000.0
I00387,casa,Industrial,97.0,3.0,2.0,0.0,11,6.6,nao,218000.0
I00388,apartamento,Industrial,111.0,2.0,1.0,1.0,30,2.9,nao,275000.0
I00389,casa,Vila Nova,214.0,5.0,4.0,3.0,31,3.1,sim,867000.0
I00390,apartamento,Industrial,80.0,3.0,3.0,,19,2.6,nao,222000.0
I00391,apartamento,Vila Nova,98.0,2.0,2.0,1.0,46,4.3,nao,292000.0
I00392,casa,Vila Nova,116.0,4.0,3.0,2.0,38,0.2,nao,399000.0
I00393,casa,Vila Nova,85.0,2.0,1.0,1.0,16,5.7,nao,297000.0
I00394,apartamento,Centro,58.0,2.0,1.0,-0.0,33,1.3,nao,333000.0
I00395,casa,Jardins,212.0,6.0,4.0,3.0,5,0.5,sim,2706000.0
I00396,apartamento,Vila Nova,109.0,3.0,2.0,2.0,41,1.1,sim,401000.0
I00397,apartamento,Vila Nova,46.0,2.0,2.0,1.0,8,0.6,nao,233000.0
I00398,apartamento,Vila Nova,46.0,1.0,1.0,1.0,19,1.5,nao,171000.0
I00399,casa,Jardins,102.0,3.0,2.0,2.0,45,2.4,nao,601000.0
I00400,apartamento,Beira-Mar,36.0,1.0,1.0,-0.0,13,2.9,nao,401000.0
I00401,apartamento,Industrial,57.0,1.0,1.0,0.0,22,0.6,nao,123000.0
I00402,apartamento,Beira-Mar,83.0,2.0,2.0,1.0,1,4.0,nao,957000.0
I00403,apartamento,Jardins,25.0,1.0,1.0,0.0,6,0.4,nao,287000.0
I00404,casa,Jardins,136.0,3.0,2.0,3.0,27,0.3,sim,1931000.0
I00405,casa,Industrial,230.0,5.0,4.0,4.0,38,1.3,nao,533000.0
I00406,casa,Centro,193.0,4.0,3.0,3.0,38,4.2,nao,856000.0
I00407,casa,Centro,161.0,4.0,3.0,2.0,39,0.8,nao,749000.0
I00408,apartamento,Jardins,73.0,3.0,2.0,1.0,32,2.7,sim,692000.0
I00409,casa,Vila Nova,208.0,5.0,4.0,2.0,49,1.9,nao,579000.0
I00410,casa,Centro,167.0,5.0,3.0,2.0,35,1.3,nao,1132000.0
I00411,casa,Centro,127.0,4.0,3.0,,40,0.3,sim,659000.0
I00412,apartamento,Jardins,97.0,2.0,2.0,2.0,15,1.2,nao,1037000.0
I00413,apartamento,Vila Nova,43.0,2.0,2.0,1.0,16,3.6,nao,184000.0
I00414,casa,Beira-Mar,185.0,5.0,3.0,3.0,49,0.7,sim,2030000.0
I00415,apartamento,Industrial,85.0,2.0,2.0,2.0,10,0.1,nao,305000.0
I00416,casa,Centro,150.0,4.0,2.0,2.0,1,1.1,nao,847000.0
I00417,apartamento,Vila Nova,72.0,1.0,1.0,1.0,22,0.7,nao,305000.0
I00418,apartamento,Centro,126.0,3.0,3.0,3.0,4,2.9,nao,744000.0
I00419,apartamento,Vila Nova,102.0,3.0,2.0,1.0,12,2.6,sim,487000.0
I00420,apartamento,Jardins,113.0,2.0,2.0,1.0,38,0.2,nao,1003000.0
I00421,apartamento,Vila Nova,83.0,2.0,2.0,1.0,25,1.2,nao,324000.0
I00422,apartamento,Vila Nova,105.0,3.0,3.0,1.0,13,6.6,nao,348000.0
I00423,apartamento,Industrial,82.0,1.0,1.0,1.0,12,9.3,nao,154000.0
I00424,apartamento,Jardins,67.0,2.0,2.0,0.0,8,0.9,nao,916000.0
I00425,apartamento,Industrial,92.0,3.0,2.0,2.0,26,0.9,nao,307000.0
I00426,apartamento,Beira-Mar,64.0,1.0,1.0,1.0,18,3.8,nao,556000.0
I00427,apartamento,Vila Nova,106.0,3.0,2.0,1.0,28,1.9,nao,364000.0
I00428,apartamento,Beira-Mar,46.0,1.0,1.0,-0.0,0,2.5,nao,558000.0
I00429,casa,Jardins,128.0,4.0,3.0,2.0,31,0.1,sim,1020000.0
I00430,apartamento,Vila Nova,55.0,2.0,3.0,2.0,29,7.3,nao,157000.0
I00431,casa,Centro,318.0,7.0,5.0,4.0,47,1.7,nao,1791000.0
I00432,apartamento,Beira-Mar,56.0,1.0,1.0,,22,2.0,nao,669000.0
I00433,apartamento,Jardins,69.0,2.0,2.0,2.0,12,4.5,nao,655000.0
I00434,apartamento,Industrial,34.0,1.0,2.0,2.0,10,1.7,nao,116000.0
I00435,apartamento,Vila Nova,128.0,4.0,3.0,1.0,19,1.6,nao,663000.0
I00436,apartamento,Industrial,53.0,2.0,2.0,1.0,40,1.3,nao,117000.0
I00437,apartamento,Jardins,119.0,3.0,1.0,0.0,3,,nao,1169000.0
I00438,apartamento,Jardins,49.0,2.0,1.0,0.0,37,0.9,nao,467000.0
I00439,apartamento,Beira-Mar,50.0,2.0,1.0,-0.0,23,4.3,nao,435000.0
I00440,casa,Industrial,188.0,4.0,3.0,2.0,34,3.1,nao,479000.0
I00441,apartamento,Vila Nova,41.0,2.0,2.0,0.0,31,0.2,nao,161000.0
I00442,casa,Centro,163.0,4.0,2.0,3.0,47,3.2,sim,1139000.0
I00443,casa,Jardins,107.0,3.0,2.0,2.0,48,1.0,sim,820000.0
I00444,casa,Beira-Mar,299.0,7.0,5.0,5.0,15,2.1,nao,4375000.0
I00445,apartamento,Vila Nova,132.0,3.0,1.0,2.0,26,1.6,nao,460000.0
I00446,apartamento,Beira-Mar,109.0,3.0,2.0,1.0,15,2.0,nao,1271000.0
I00447,casa,Jardins,317.0,7.0,4.0,4.0,37,0.3,sim,3861000.0
I00448,casa,Centro,113.0,2.0,1.0,3.0,38,5.1,sim,625000.0
I00449,casa,Vila Nova,184.0,4.0,2.0,3.0,14,0.5,nao,961000.0
I00450,apartamento,Jardins,50.0,1.0,1.0,1.0,10,5.4,nao,460000.0
I00451,apartamento,Vila Nova,95.0,2.0,1.0,1.0,0,0.8,nao,452000.0
I00452,apartamento,Industrial,79.0,3.0,2.0,1.0,48,2.7,nao,189000.0
I00453,apartamento,Centro,46.0,1.0,1.0,0.0,2,0.2,nao,399000.0
I00454,apartamento,Jardins,69.0,2.0,3.0,1.0,12,1.0,nao,656000.0
I00455,apartamento,Centro,73.0,2.0,2.0,1.0,37,2.2,nao,443000.0
I00456,apartamento,Centro,72.0,3.0,1.0,-0.0,8,1.7,nao,444000.0
I00457,apartamento,Jardins,131.0,3.0,1.0,2.0,26,0.8,nao,1359000.0
I00458,apartamento,Centro,48.0,1.0,1.0,1.0,21,1.0,nao,217000.0
I00459,apartamento,Jardins,55.0,2.0,1.0,1.0,39,2.8,nao,354000.0
I00460,apartamento,Industrial,25.0,1.0,1.0,1.0,1,1.1,nao,88000.0
I00461,apartamento,Centro,89.0,3.0,3.0,2.0,46,2.2,nao,497000.0
I00462,apartamento,Vila Nova,93.0,3.0,2.0,2.0,33,0.5,nao,373000.0
I00463,apartamento,Jardins,95.0,2.0,1.0,1.0,16,5.1,sim,790000.0
I00464,apartamento,Jardins,69.0,2.0,1.0,2.0,38,19.0,sim,260000.0
I00465,casa,Vila Nova,108.0,2.0,2.0,3.0,15,1.1,nao,653000.0
I00466,casa,Jardins,92.0,2.0,1.0,2.0,18,3.1,nao,899000.0
I00467,casa,Centro,171.0,4.0,3.0,3.0,44,3.6,sim,839000.0
I00468,apartamento,Industrial,52.0,1.0,1.0,1.0,16,3.2,nao,148000.0
I00469,casa,Centro,78.0,2.0,1.0,1.0,40,3.7,nao,248000.0
I00470,apartamento,Vila Nova,101.0,2.0,1.0,0.0,34,0.5,nao,333000.0
I00471,apartamento,Beira-Mar,62.0,1.0,1.0,1.0,42,0.4,nao,530000.0
I00472,apartamento,Centro,74.0,1.0,1.0,0.0,25,0.4,nao,407000.0
I00473,apartamento,Centro,25.0,1.0,1.0,0.0,3,7.1,sim,156000.0
I00474,casa,Industrial,138.0,5.0,3.0,2.0,24,0.4,nao,398000.0
I00475,apartamento,Centro,64.0,2.0,2.0,2.0,36,5.1,nao,258000.0
I00476,apartamento,Vila Nova,134.0,4.0,4.0,2.0,22,5.7,nao,463000.0
I00477,apartamento,Centro,64.0,3.0,3.0,1.0,31,3.2,nao,308000.0
I00478,apartamento,Jardins,25.0,3.0,2.0,0.0,44,5.5,nao,141000.0
I00479,apartamento,Centro,64.0,1.0,1.0,1.0,47,0.4,nao,312000.0
I00480,apartamento,Industrial,70.0,1.0,1.0,1.0,0,2.1,nao,250000.0
I00481,apartamento,Jardins,111.0,2.0,2.0,1.0,26,0.4,sim,1039000.0
I00482,casa,Beira-Mar,138.0,4.0,2.0,2.0,28,4.5,nao,1436000.0
I00483,apartamento,Jardins,60.0,1.0,1.0,1.0,10,1.6,nao,547000.0
I00484,casa,Vila Nova,133.0,4.0,3.0,3.0,24,2.5,nao,570000.0
I00485,casa,Vila Nova,393.0,7.0,4.0,5.0,46,1.0,nao,1386000.0
I00486,casa,Vila Nova,168.0,4.0,3.0,3.0,14,0.4,sim,820000.0
I00487,apartamento,Industrial,63.0,1.0,1.0,1.0,31,0.8,nao,203000.0
I00488,apartamento,Jardins,101.0,4.0,2.0,1.0,13,1.6,nao,1096000.0
I00489,casa,Vila Nova,92.0,2.0,2.0,2.0,40,1.9,sim,409000.0
I00490,apartamento,Industrial,53.0,3.0,3.0,,23,0.3,sim,209000.0
I00491,apartamento,Jardins,57.0,1.0,1.0,1.0,48,3.5,nao,296000.0
I00492,casa,Centro,73.0,2.0,2.0,1.0,0,3.0,nao,463000.0
I00493,apartamento,Jardins,101.0,2.0,2.0,2.0,45,0.4,nao,868000.0
I00494,casa,Jardins,104.0,4.0,2.0,1.0,22,0.3,nao,827000.0
I00495,apartamento,Centro,73.0,1.0,1.0,1.0,50,1.1,nao,308000.0
I00496,apartamento,Centro,57.0,2.0,2.0,0.0,45,4.2,nao,195000.0
I00497,apartamento,Centro,79.0,3.0,2.0,2.0,14,5.4,nao,461000.0
I00498,apartamento,Centro,142.0,3.0,1.0,1.0,39,3.5,nao,734000.0
I00499,casa,Industrial,123.0,4.0,2.0,2.0,7,0.2,nao,427000.0
I00500,apartamento,Vila Nova,58.0,3.0,2.0,1.0,13,3.3,nao,192000.0
I00501,apartamento,Jardins,44.0,1.0,1.0,-0.0,31,0.3,sim,408000.0
I00502,apartamento,Beira-Mar,63.0,2.0,2.0,1.0,2,1.0,nao,678000.0
I00503,casa,Vila Nova,69.0,2.0,1.0,1.0,42,2.5,nao,279000.0
I00504,casa,Centro,241.0,6.0,4.0,3.0,20,0.9,nao,1751000.0
I00505,apartamento,Vila Nova,55.0,1.0,1.0,1.0,14,0.3,nao,291000.0
I00506,casa,Industrial,98.0,3.0,3.0,2.0,15,0.7,nao,259000.0
I00507,apartamento,Centro,65.0,1.0,1.0,1.0,11,,nao,367000.0
I00508,apartamento,Industrial,89.0,4.0,3.0,2.0,4,0.8,nao,342000.0
I00509,apartamento,Jardins,64.0,2.0,1.0,1.0,14,0.7,sim,717000.0
I00510,apartamento,Vila Nova,106.0,3.0,1.0,2.0,14,2.1,nao,517000.0
I00511,apartamento,Centro,59.0,2.0,2.0,1.0,43,3.7,nao,196000.0
I00512,apartamento,Jardins,52.0,2.0,1.0,1.0,49,0.4,nao,401000.0
I00513,apartamento,Jardins,68.0,1.0,1.0,1.0,24,2.3,nao,570000.0
I00514,apartamento,Industrial,66.0,2.0,1.0,0.0,49,4.4,nao,113000.0
I00515,casa,Beira-Mar,197.0,5.0,4.0,3.0,49,1.0,nao,1596000.0
I00516,apartamento,Industrial,95.0,3.0,2.0,1.0,11,2.3,nao,277000.0
I00517,apartamento,Beira-Mar,59.0,1.0,1.0,1.0,43,1.8,nao,503000.0
I00518,apartamento,Industrial,39.0,1.0,1.0,1.0,12,9.0,nao,90000.0
I00519,casa,Centro,174.0,6.0,5.0,3.0,43,0.3,nao,896000.0
I00520,apartamento,Industrial,44.0,3.0,3.0,1.0,44,1.3,nao,75000.0
I00521,casa,Beira-Mar,134.0,4.0,3.0,2.0,29,2.0,sim,1377000.0
I00522,apartamento,Vila Nova,84.0,1.0,2.0,1.0,39,3.1,nao,276000.0
I00523,apartamento,Beira-Mar,139.0,2.0,1.0,3.0,46,0.1,nao,1462000.0
I00524,casa,Beira-Mar,318.0,7.0,5.0,5.0,39,1.0,sim,4925000.0
I00525,apartamento,Centro,82.0,4.0,3.0,1.0,5,0.4,nao,519000.0
I00526,apartamento,Centro,33.0,1.0,1.0,-0.0,28,6.5,nao,113000.0
I00527,casa,Industrial,92.0,2.0,1.0,2.0,0,1.1,sim,398000.0
I00528,apartamento,Jardins,66.0,2.0,2.0,1.0,24,1.7,nao,603000.0
I00529,casa,Centro,122.0,5.0,4.0,2.0,36,5.6,sim,634000.0
I00530,casa,Vila Nova,146.0,4.0,3.0,3.0,4,3.9,sim,553000.0
I00531,apartamento,Jardins,73.0,2.0,2.0,1.0,4,3.0,nao,664000.0
I00532,casa,Industrial,89.0,2.0,1.0,2.0,46,7.6,nao,162000.0
I00533,casa,Vila Nova,175.0,5.0,4.0,2.0,23,3.7,sim,662000.0
I00534,casa,Industrial,99.0,3.0,2.0,2.0,44,3.1,nao,253000.0
I00535,apartamento,Beira-Mar,74.0,2.0,1.0,1.0,27,1.0,nao,698000.0
I00536,apartamento,Vila Nova,138.0,4.0,2.0,1.0,18,2.8,nao,702000.0
I00537,apartamento,Vila Nova,48.0,2.0,2.0,,4,1.5,nao,206000.0
I00538,apartamento,Centro,74.0,1.0,1.0,1.0,9,0.6,nao,529000.0
I00539,casa,Centro,121.0,4.0,3.0,2.0,47,1.4,nao,498000.0
I00540,casa,Beira-Mar,96.0,4.0,3.0,2.0,23,0.7,nao,1013000.0
I00541,casa,Beira-Mar,146.0,3.0,2.0,2.0,14,3.9,nao,1822000.0
I00542,apartamento,Centro,52.0,1.0,1.0,0.0,50,2.9,nao,188000.0
I00543,apartamento,Vila Nova,94.0,3.0,2.0,2.0,37,6.5,nao,285000.0
I00544,apartamento,Jardins,89.0,3.0,1.0,1.0,23,4.1,sim,944000.0
I00545,apartamento,Beira-Mar,131.0,3.0,3.0,1.0,21,0.7,nao,1354000.0
I00546,apartamento,Beira-Mar,93.0,2.0,1.0,1.0,43,0.8,nao,962000.0
I00547,apartamento,Vila Nova,89.0,2.0,1.0,1.0,0,0.5,nao,447000.0
I00548,apartamento,Vila Nova,34.0,1.0,1.0,-0.0,29,0.3,nao,110000.0
I00549,apartamento,Jardins,98.0,2.0,1.0,2.0,28,9.8,nao,676000.0
I00550,apartamento,Vila Nova,93.0,3.0,1.0,1.0,25,0.6,nao,537000.0
I00551,apartamento,Beira-Mar,53.0,2.0,2.0,0.0,2,0.3,nao,775000.0
I00552,apartamento,Centro,135.0,3.0,3.0,2.0,36,2.8,nao,729000.0
I00553,apartamento,Centro,99.0,3.0,3.0,2.0,1,0.8,nao,704000.0
I00554,apartamento,Vila Nova,76.0,2.0,2.0,2.0,48,4.7,nao,235000.0
I00555,casa,Beira-Mar,184.0,7.0,4.0,3.0,8,0.3,nao,2744000.0
I00556,apartamento,Vila Nova,83.0,2.0,2.0,1.0,38,2.2,nao,252000.0
I00557,apartamento,Centro,75.0,2.0,1.0,1.0,34,1.4,nao,301000.0
I00558,casa,Vila Nova,131.0,5.0,4.0,1.0,48,0.8,sim,380000.0
I00559,apartamento,Jardins,110.0,2.0,2.0,2.0,24,2.0,nao,949000.0
I00560,casa,Industrial,84.0,3.0,2.0,1.0,20,4.1,nao,194000.0
I00561,apartamento,Vila Nova,75.0,2.0,2.0,1.0,39,0.5,nao,269000.0
I00562,casa,Vila Nova,240.0,5.0,3.0,3.0,4,5.0,nao,1001000.0
I00563,apartamento,Jardins,73.0,2.0,2.0,2.0,31,0.1,sim,707000.0
I00564,casa,Jardins,186.0,5.0,3.0,2.0,6,2.4,sim,2082000.0
I00565,apartamento,Centro,70.0,2.0,2.0,2.0,2,3.3,nao,447000.0
I00566,casa,Beira-Mar,98.0,3.0,3.0,0.0,10,0.1,sim,1133000.0
I00567,apartamento,Vila Nova,97.0,2.0,1.0,1.0,31,,nao,387000.0
I00568,apartamento,Centro,119.0,4.0,3.0,0.0,38,1.0,nao,539000.0
I00569,apartamento,Jardins,57.0,2.0,1.0,0.0,4,0.1,sim,805000.0
I00570,apartamento,Beira-Mar,85.0,3.0,1.0,1.0,14,2.3,nao,895000.0
I00571,apartamento,Centro,78.0,2.0,1.0,1.0,5,0.6,nao,539000.0
I00572,apartamento,Beira-Mar,61.0,2.0,1.0,1.0,11,2.5,nao,831000.0
I00573,apartamento,Vila Nova,106.0,3.0,2.0,1.0,0,2.3,sim,519000.0
I00574,casa,Centro,128.0,3.0,2.0,3.0,45,0.5,nao,747000.0
I00575,apartamento,Industrial,48.0,1.0,1.0,1.0,37,2.1,nao,113000.0
I00576,casa,Centro,123.0,3.0,2.0,3.0,45,11.4,nao,478000.0
I00577,apartamento,Centro,66.0,2.0,1.0,2.0,38,3.2,nao,311000.0
I00578,casa,Vila Nova,110.0,2.0,1.0,1.0,2,0.6,sim,505000.0
I00579,apartamento,Centro,57.0,1.0,1.0,,43,6.2,nao,250000.0
I00580,apartamento,Centro,46.0,2.0,1.0,2.0,32,0.7,nao,359000.0
I00581,apartamento,Vila Nova,63.0,2.0,2.0,0.0,22,0.6,nao,277000.0
I00582,apartamento,Centro,74.0,2.0,1.0,2.0,19,3.2,nao,420000.0
I00583,apartamento,Industrial,51.0,1.0,1.0,1.0,21,1.0,nao,131000.0
I00584,apartamento,Beira-Mar,47.0,1.0,1.0,0.0,14,2.7,nao,497000.0
I00585,apartamento,Industrial,49.0,1.0,1.0,0.0,39,2.4,nao,136000.0
I00586,apartamento,Vila Nova,66.0,1.0,1.0,1.0,21,0.1,nao,325000.0
I00587,apartamento,Vila Nova,58.0,1.0,1.0,1.0,35,0.7,nao,218000.0
I00588,apartamento,Vila Nova,39.0,1.0,1.0,0.0,30,4.8,nao,115000.0
I00589,casa,Vila Nova,89.0,2.0,1.0,0.0,41,2.0,sim,307000.0
I00590,casa,Beira-Mar,134.0,2.0,1.0,2.0,44,0.6,sim,1220000.0
I00591,casa,Centro,121.0,3.0,2.0,3.0,42,3.4,nao,581000.0
I00592,apartamento,Centro,67.0,2.0,2.0,2.0,28,7.4,nao,338000.0
I00593,apartamento,Vila Nova,120.0,3.0,1.0,2.0,8,0.2,nao,677000.0
I00594,casa,Centro,152.0,3.0,3.0,2.0,42,0.3,sim,885000.0
I00595,apartamento,Industrial,36.0,1.0,1.0,1.0,7,0.7,nao,109000.0
I00596,casa,Centro,111.0,3.0,2.0,1.0,7,0.1,nao,765000.0
I00597,apartamento,Vila Nova,78.0,2.0,2.0,1.0,22,3.8,nao,261000.0
I00598,casa,Beira-Mar,109.0,4.0,3.0,3.0,14,0.2,sim,1734000.0
I00599,casa,Jardins,98.0,3.0,2.0,2.0,29,0.7,nao,957000.0
I00600,casa,Vila Nova,190.0,5.0,4.0,2.0,42,2.9,nao,515000.0
I00601,apartamento,Industrial,60.0,2.0,2.0,0.0,5,1.1,nao,173000.0
I00602,casa,Industrial,102.0,3.0,2.0,1.0,18,4.7,nao,238000.0
I00603,apartamento,Centro,51.0,1.0,1.0,0.0,15,0.6,nao,287000.0
I00604,casa,Centro,249.0,6.0,4.0,3.0,9,4.0,nao,1392000.0
I00605,apartamento,Jardins,46.0,2.0,1.0,1.0,37,1.1,nao,416000.0
I00606,apartamento,Centro,64.0,1.0,1.0,1.0,43,5.9,nao,270000.0
I00607,apartamento,Centro,66.0,2.0,1.0,0.0,35,6.0,nao,282000.0
I00608,apartamento,Jardins,88.0,3.0,2.0,2.0,1,2.8,nao,1033000.0
I00609,casa,Centro,104.0,2.0,2.0,1.0,31,3.0,nao,598000.0
I00610,casa,Centro,103.0,2.0,2.0,1.0,34,1.1,nao,498000.0
I00611,apartamento,Industrial,92.0,3.0,2.0,1.0,10,0.7,nao,336000.0
I00612,apartamento,Beira-Mar,165.0,5.0,3.0,2.0,18,4.7,nao,1283000.0
I00613,apartamento,Jardins,57.0,2.0,2.0,-0.0,0,0.9,sim,569000.0
I00614,casa,Centro,111.0,4.0,2.0,1.0,13,1.4,nao,702000.0
I00615,apartamento,Vila Nova,165.0,4.0,3.0,3.0,31,4.0,nao,644000.0
I00616,apartamento,Vila Nova,61.0,2.0,2.0,1.0,49,,nao,172000.0
I00617,casa,Jardins,124.0,4.0,3.0,2.0,20,9.3,sim,850000.0
I00618,casa,Vila Nova,149.0,5.0,3.0,2.0,29,1.8,nao,443000.0
I00619,apartamento,Vila Nova,81.0,2.0,1.0,1.0,0,5.0,nao,300000.0
I00620,apartamento,Vila Nova,76.0,2.0,2.0,0.0,45,0.6,nao,251000.0
I00621,apartamento,Jardins,98.0,3.0,2.0,2.0,25,0.5,nao,1157000.0
I00622,casa,Vila Nova,86.0,1.0,1.0,1.0,24,1.1,nao,343000.0
I00623,casa,Centro,129.0,4.0,2.0,1.0,6,1.9,nao,759000.0
I00624,apartamento,Centro,102.0,4.0,2.0,2.0,41,0.3,nao,566000.0
I00625,apartamento,Vila Nova,31.0,2.0,1.0,1.0,16,4.5,nao,108000.0
I00626,casa,Vila Nova,88.0,2.0,2.0,0.0,12,0.5,sim,484000.0
I00627,apartamento,Beira-Mar,90.0,3.0,2.0,-0.0,31,1.9,nao,808000.0
I00628,apartamento,Centro,72.0,3.0,1.0,1.0,20,3.2,nao,481000.0
I00629,casa,Vila Nova,112.0,3.0,3.0,3.0,37,0.1,nao,442000.0
I00630,apartamento,Vila Nova,78.0,2.0,1.0,3.0,18,3.7,nao,339000.0
I00631,casa,Centro,163.0,4.0,3.0,3.0,41,0.4,nao,876000.0
I00632,apartamento,Centro,51.0,4.0,3.0,0.0,17,0.1,nao,323000.0
I00633,apartamento,Vila Nova,68.0,1.0,1.0,0.0,11,2.3,nao,236000.0
I00634,casa,Vila Nova,93.0,2.0,1.0,1.0,26,0.3,nao,370000.0
I00635,apartamento,Industrial,105.0,2.0,1.0,1.0,29,1.7,nao,267000.0
I00636,apartamento,Centro,41.0,3.0,1.0,1.0,0,4.5,nao,243000.0
I00637,apartamento,Beira-Mar,67.0,2.0,2.0,2.0,35,0.5,sim,782000.0
I00638,apartamento,Centro,92.0,2.0,2.0,1.0,31,0.7,nao,425000.0
I00639,apartamento,Vila Nova,141.0,5.0,3.0,2.0,28,1.9,nao,562000.0
I00640,apartamento,Centro,65.0,1.0,1.0,0.0,5,1.1,nao,463000.0
I00641,apartamento,Vila Nova,183.0,4.0,3.0,2.0,38,0.4,nao,734000.0
I00642,apartamento,Jardins,47.0,1.0,1.0,0.0,12,3.0,nao,381000.0
I00643,apartamento,Jardins,86.0,2.0,2.0,0.0,50,2.5,nao,421000.0
I00644,apartamento,Vila Nova,55.0,2.0,2.0,1.0,29,1.7,nao,205000.0
I00645,apartamento,Vila Nova,124.0,3.0,3.0,1.0,26,2.9,nao,487000.0
I00646,apartamento,Centro,68.0,3.0,2.0,1.0,48,3.0,nao,338000.0
I00647,casa,Vila Nova,98.0,2.0,1.0,1.0,9,4.5,nao,248000.0
I00648,apartamento,Vila Nova,108.0,3.0,1.0,0.0,40,2.9,nao,393000.0
I00649,apartamento,Beira-Mar,60.0,2.0,2.0,-0.0,46,3.7,nao,472000.0
I00650,casa,Industrial,89.0,4.0,2.0,1.0,14,1.9,nao,247000.0
I00651,apartamento,Centro,63.0,2.0,1.0,0.0,8,0.4,nao,372000.0
I00652,apartamento,Vila Nova,100.0,2.0,2.0,1.0,50,8.5,nao,254000.0
I00653,apartamento,Jardins,66.0,2.0,1.0,1.0,17,0.5,sim,759000.0
I00654,apartamento,Centro,61.0,2.0,1.0,1.0,2,1.6,nao,347000.0
I00655,casa,Beira-Mar,140.0,4.0,4.0,1.0,45,5.0,sim,1188000.0
I00656,apartamento,Vila Nova,30.0,1.0,1.0,-0.0,1,7.6,nao,106000.0
I00657,apartamento,Industrial,190.0,4.0,3.0,4.0,47,0.2,nao,671000.0
I00658,casa,Centro,137.0,3.0,2.0,2.0,9,1.3,nao,925000.0
I00659,apartamento,Centro,98.0,4.0,3.0,2.0,37,3.4,nao,600000.0
I00660,apartamento,Vila Nova,118.0,3.0,2.0,2.0,18,3.8,nao,583000.0
I00661,apartamento,Beira-Mar,48.0,1.0,1.0,-0.0,2,4.7,sim,518000.0
I00662,casa,Vila Nova,89.0,2.0,1.0,1.0,44,0.8,nao,345000.0
I00663,apartamento,Jardins,122.0,3.0,2.0,1.0,35,1.5,sim,1010000.0
I00664,apartamento,Vila Nova,52.0,1.0,1.0,0.0,42,1.8,sim,155000.0
I00665,apartamento,Vila Nova,61.0,1.0,1.0,,47,2.1,nao,199000.0
I00666,apartamento,Vila Nova,54.0,2.0,1.0,1.0,27,,nao,273000.0
I00667,casa,Beira-Mar,49.0,1.0,1.0,-0.0,13,1.3,nao,525000.0
I00668,apartamento,Industrial,65.0,2.0,1.0,1.0,21,,nao,204000.0
I00669,apartamento,Centro,68.0,2.0,2.0,1.0,47,0.4,nao,373000.0
I00670,apartamento,Vila Nova,102.0,2.0,1.0,1.0,3,3.1,nao,405000.0
I00671,apartamento,Vila Nova,60.0,1.0,1.0,2.0,1,1.7,nao,299000.0
I00672,apartamento,Centro,56.0,1.0,1.0,2.0,13,6.5,nao,301000.0
I00673,apartamento,Industrial,84.0,3.0,2.0,1.0,32,2.4,nao,223000.0
I00674,apartamento,Beira-Mar,96.0,2.0,1.0,2.0,26,4.2,nao,944000.0
I00675,casa,Centro,93.0,2.0,2.0,2.0,37,1.8,nao,379000.0
I00676,casa,Industrial,70.0,1.0,1.0,0.0,8,1.4,sim,203000.0
I00677,apartamento,Centro,152.0,4.0,3.0,2.0,19,0.2,nao,1010000.0
I00678,apartamento,Jardins,121.0,4.0,3.0,2.0,32,1.6,nao,945000.0
I00679,apartamento,Centro,55.0,2.0,2.0,1.0,0,0.7,nao,347000.0
I00680,apartamento,Centro,62.0,1.0,1.0,2.0,41,5.9,nao,275000.0
I00681,casa,Centro,137.0,4.0,3.0,,40,3.0,nao,516000.0
I00682,apartamento,Industrial,51.0,1.0,1.0,-0.0,6,1.4,sim,152000.0
I00683,casa,Industrial,113.0,4.0,2.0,1.0,27,,sim,324000.0
I00684,apartamento,Vila Nova,67.0,2.0,2.0,0.0,28,2.0,sim,326000.0
I00685,apartamento,Jardins,42.0,1.0,1.0,0.0,45,0.4,nao,358000.0
I00686,apartamento,Beira-Mar,158.0,4.0,3.0,3.0,22,0.1,sim,1912000.0
I00687,apartamento,Vila Nova,38.0,1.0,1.0,0.0,7,7.6,nao,116000.0
I00688,apartamento,Industrial,33.0,1.0,1.0,0.0,24,0.7,nao,103000.0
I00689,apartamento,Centro,95.0,3.0,3.0,2.0,10,0.8,nao,815000.0
I00690,casa,Centro,121.0,5.0,3.0,2.0,3,0.4,sim,860000.0
I00691,apartamento,Jardins,81.0,1.0,1.0,0.0,38,1.3,nao,642000.0
I00692,casa,Industrial,139.0,4.0,3.0,2.0,34,2.3,nao,311000.0
I00693,apartamento,Vila Nova,61.0,2.0,2.0,1.0,33,9.7,nao,174000.0
I00694,casa,Jardins,134.0,3.0,2.0,3.0,33,4.7,sim,1063000.0
I00695,apartamento,Centro,80.0,1.0,1.0,2.0,36,4.8,nao,367000.0
I00696,casa,Vila Nova,207.0,5.0,4.0,3.0,16,0.9,sim,921000.0
I00697,apartamento,Vila Nova,53.0,1.0,2.0,1.0,44,0.4,sim,238000.0
I00698,apartamento,Centro,82.0,2.0,1.0,1.0,21,4.3,nao,443000.0
I00699,apartamento,Industrial,59.0,1.0,1.0,0.0,9,3.7,nao,166000.0
I00700,apartamento,Beira-Mar,61.0,1.0,1.0,1.0,43,1.3,nao,527000.0
I00701,apartamento,Vila Nova,51.0,1.0,1.0,0.0,33,1.5,nao,171000.0
I00702,apartamento,Centro,63.0,2.0,1.0,1.0,21,0.4,sim,473000.0
I00703,apartamento,Vila Nova,45.0,1.0,1.0,1.0,21,0.3,nao,188000.0
I00704,apartamento,Vila Nova,47.0,1.0,1.0,-0.0,49,1.6,nao,157000.0
I00705,casa,Industrial,101.0,2.0,1.0,1.0,5,0.1,nao,386000.0
I00706,apartamento,Centro,31.0,1.0,1.0,1.0,47,7.6,nao,101000.0
I00707,casa,Beira-Mar,100.0,3.0,2.0,2.0,2,3.1,sim,1293000.0
I00708,apartamento,Vila Nova,58.0,1.0,1.0,1.0,48,3.0,nao,142000.0
I00709,casa,Centro,157.0,6.0,4.0,2.0,23,0.2,nao,934000.0
I00710,casa,Beira-Mar,85.0,1.0,1.0,1.0,0,1.4,sim,1113000.0
I00711,apartamento,Vila Nova,68.0,2.0,1.0,1.0,43,3.0,nao,227000.0
I00712,apartamento,Centro,79.0,3.0,2.0,1.0,44,0.9,nao,426000.0
I00713,apartamento,Vila Nova,63.0,2.0,1.0,2.0,13,0.9,nao,326000.0
I00714,casa,Vila Nova,148.0,4.0,2.0,2.0,29,4.5,nao,563000.0
I00715,apartamento,Jardins,75.0,1.0,1.0,0.0,12,1.0,sim,808000.0
I00716,apartamento,Centro,61.0,3.0,2.0,1.0,3,0.5,nao,386000.0
I00717,apartamento,Industrial,55.0,1.0,1.0,1.0,0,5.3,nao,183000.0
I00718,casa,Industrial,146.0,3.0,2.0,1.0,29,4.8,sim,308000.0
I00719,apartamento,Industrial,47.0,1.0,1.0,1.0,11,4.1,nao,119000.0
I00720,apartamento,Vila Nova,31.0,1.0,1.0,0.0,39,0.3,sim,123000.0
I00721,apartamento,Centro,53.0,1.0,1.0,1.0,18,0.9,nao,289000.0
I00722,casa,Vila Nova,113.0,2.0,2.0,2.0,23,0.9,sim,512000.0
I00723,apartamento,Industrial,73.0,1.0,1.0,1.0,22,0.8,nao,184000.0
I00724,casa,Industrial,143.0,4.0,3.0,2.0,39,1.2,sim,377000.0
I00725,apartamento,Vila Nova,55.0,1.0,1.0,1.0,29,4.7,nao,155000.0
I00726,casa,Jardins,142.0,4.0,3.0,1.0,43,0.5,nao,1116000.0
I00727,apartamento,Vila Nova,94.0,3.0,2.0,1.0,22,0.8,nao,416000.0
I00728,casa,Vila Nova,129.0,3.0,1.0,1.0,23,2.5,sim,458000.0
I00729,apartamento,Industrial,50.0,1.0,1.0,0.0,15,1.1,nao,127000.0
I00730,casa,Industrial,119.0,3.0,2.0,1.0,28,0.4,nao,302000.0
I00731,apartamento,Centro,88.0,2.0,1.0,2.0,48,0.3,nao,442000.0
I00732,apartamento,Centro,41.0,1.0,1.0,0.0,37,0.9,nao,223000.0
I00733,casa,Industrial,173.0,4.0,2.0,2.0,49,1.1,nao,333000.0
I00734,apartamento,Vila Nova,57.0,2.0,2.0,1.0,0,0.8,nao,328000.0
I00735,apartamento,Jardins,100.0,2.0,1.0,2.0,21,0.8,sim,1087000.0
I00736,apartamento,Centro,75.0,2.0,2.0,1.0,41,1.7,nao,346000.0
I00737,apartamento,Centro,84.0,2.0,2.0,1.0,34,1.8,nao,376000.0
I00738,casa,Jardins,188.0,5.0,3.0,3.0,5,1.6,sim,2204000.0
I00739,apartamento,Centro,100.0,3.0,3.0,2.0,30,0.1,nao,539000.0
I00740,casa,Industrial,184.0,4.0,3.0,2.0,34,4.0,nao,423000.0
I00741,casa,Vila Nova,98.0,2.0,1.0,3.0,1,1.6,sim,638000.0
I00742,apartamento,Industrial,89.0,2.0,1.0,1.0,14,4.7,nao,306000.0
I00743,casa,Vila Nova,85.0,2.0,2.0,2.0,49,3.2,sim,277000.0
I00744,apartamento,Industrial,45.0,1.0,1.0,2.0,48,5.4,sim,105000.0
I00745,casa,Jardins,133.0,5.0,3.0,2.0,39,0.5,sim,1251000.0
I00746,casa,Jardins,212.0,6.0,5.0,3.0,50,1.9,nao,1892000.0
I00747,apartamento,Beira-Mar,66.0,2.0,2.0,0.0,13,2.3,nao,696000.0
I00748,apartamento,Vila Nova,52.0,2.0,1.0,3.0,7,1.4,nao,251000.0
I00749,apartamento,Jardins,85.0,1.0,1.0,1.0,43,0.7,sim,737000.0
I00750,apartamento,Centro,58.0,2.0,2.0,2.0,29,0.8,nao,304000.0
I00751,apartamento,Centro,80.0,2.0,1.0,1.0,45,7.5,nao,346000.0
I00752,apartamento,Jardins,72.0,2.0,1.0,0.0,1,,nao,814000.0
I00753,apartamento,Centro,49.0,2.0,2.0,0.0,15,3.0,nao,298000.0
I00754,casa,Vila Nova,204.0,6.0,5.0,3.0,48,0.7,nao,667000.0
I00755,apartamento,Jardins,39.0,1.0,1.0,1.0,46,0.6,nao,320000.0
I00756,casa,Vila Nova,100.0,3.0,2.0,1.0,49,2.3,nao,284000.0
I00757,apartamento,Vila Nova,86.0,2.0,2.0,1.0,1,,nao,350000.0
I00758,apartamento,Centro,187.0,5.0,4.0,3.0,23,7.6,nao,787000.0
I00759,apartamento,Vila Nova,37.0,1.0,1.0,0.0,31,0.1,nao,150000.0
I00760,casa,Beira-Mar,131.0,4.0,2.0,2.0,16,14.5,nao,1023000.0
I00761,casa,Vila Nova,60.0,1.0,1.0,0.0,43,2.6,nao,189000.0
I00762,apartamento,Jardins,65.0,1.0,2.0,1.0,32,1.5,sim,667000.0
I00763,apartamento,Jardins,55.0,1.0,1.0,-0.0,4,9.0,nao,449000.0
I00764,apartamento,Vila Nova,70.0,2.0,2.0,1.0,39,0.5,nao,247000.0
I00765,casa,Beira-Mar,225.0,7.0,5.0,4.0,35,10.7,sim,1830000.0
I00766,casa,Vila Nova,186.0,7.0,5.0,3.0,47,2.8,nao,526000.0
I00767,apartamento,Vila Nova,61.0,2.0,1.0,0.0,47,1.0,nao,195000.0
I00768,apartamento,Jardins,88.0,3.0,2.0,2.0,21,4.8,nao,682000.0
I00769,apartamento,Beira-Mar,71.0,2.0,2.0,1.0,1,0.1,nao,1086000.0
I00770,apartamento,Industrial,48.0,1.0,1.0,1.0,20,0.1,nao,120000.0
I00771,casa,Centro,135.0,3.0,1.0,2.0,23,1.7,nao,678000.0
I00772,apartamento,Industrial,81.0,2.0,1.0,1.0,25,0.5,nao,291000.0
I00773,apartamento,Centro,253.0,7.0,6.0,4.0,29,2.0,nao,1838000.0
I00774,apartamento,Centro,110.0,3.0,2.0,3.0,10,0.2,nao,867000.0
I00775,apartamento,Vila Nova,89.0,4.0,3.0,0.0,44,0.3,sim,361000.0
I00776,apartamento,Vila Nova,37.0,1.0,1.0,1.0,0,,nao,195000.0
I00777,apartamento,Industrial,74.0,1.0,1.0,1.0,35,12.6,nao,148000.0
I00778,apartamento,Jardins,115.0,3.0,1.0,2.0,44,0.4,nao,1009000.0
I00779,casa,Vila Nova,168.0,5.0,3.0,3.0,1,0.1,sim,1092000.0
I00780,casa,Centro,208.0,5.0,3.0,4.0,22,2.0,sim,1384000.0
I00781,apartamento,Jardins,83.0,3.0,1.0,1.0,15,0.8,nao,849000.0
I00782,apartamento,Vila Nova,100.0,3.0,3.0,1.0,35,0.4,nao,335000.0
I00783,apartamento,Centro,38.0,1.0,1.0,0.0,39,0.8,nao,191000.0
I00784,casa,Vila Nova,248.0,7.0,6.0,5.0,39,2.8,sim,1153000.0
I00785,apartamento,Industrial,93.0,3.0,2.0,-0.0,16,1.6,nao,276000.0
I00786,apartamento,Jardins,106.0,3.0,2.0,2.0,20,4.3,nao,1072000.0
I00787,apartamento,Vila Nova,73.0,2.0,2.0,1.0,50,3.2,nao,255000.0
I00788,apartamento,Vila Nova,84.0,3.0,1.0,0.0,19,0.1,nao,432000.0
I00789,apartamento,Industrial,90.0,2.0,2.0,3.0,40,1.6,nao,221000.0
I00790,casa,Centro,132.0,3.0,3.0,2.0,49,0.8,nao,679000.0
I00791,casa,Beira-Mar,106.0,3.0,2.0,2.0,7,6.4,nao,1072000.0
I00792,casa,Vila Nova,95.0,2.0,1.0,1.0,41,2.0,nao,338000.0
I00793,casa,Vila Nova,134.0,5.0,3.0,3.0,7,0.8,nao,666000.0
I00794,apartamento,Vila Nova,52.0,2.0,2.0,2.0,38,2.6,nao,193000.0
I00795,apartamento,Beira-Mar,54.0,3.0,3.0,1.0,19,1.5,nao,554000.0
I00796,apartamento,Beira-Mar,117.0,4.0,3.0,3.0,7,1.2,nao,1942000.0
I00797,casa,Centro,247.0,7.0,5.0,4.0,39,0.1,nao,1489000.0
I00798,apartamento,Vila Nova,62.0,1.0,1.0,1.0,12,1.1,nao,353000.0
I00799,apartamento,Vila Nova,110.0,3.0,2.0,2.0,45,0.1,sim,418000.0
I00800,casa,Centro,131.0,3.0,2.0,2.0,48,4.5,nao,521000.0
I00801,apartamento,Jardins,61.0,1.0,1.0,1.0,46,1.2,nao,463000.0
I00802,apartamento,Centro,80.0,3.0,2.0,1.0,22,1.2,nao,390000.0
I00803,apartamento,Jardins,54.0,1.0,1.0,0.0,24,1.2,nao,508000.0
I00804,apartamento,Beira-Mar,62.0,1.0,1.0,1.0,2,2.6,nao,856000.0
I00805,casa,Beira-Mar,224.0,6.0,5.0,4.0,30,0.3,nao,2444000.0
I00806,apartamento,Vila Nova,79.0,2.0,1.0,1.0,42,6.4,nao,218000.0
I00807,casa,Centro,160.0,4.0,3.0,2.0,15,0.2,sim,1060000.0
I00808,apartamento,Beira-Mar,65.0,2.0,2.0,1.0,1,1.6,nao,972000.0
I00809,apartamento,Beira-Mar,63.0,2.0,1.0,0.0,8,1.4,nao,587000.0
I00810,casa,Centro,146.0,3.0,2.0,2.0,18,0.4,nao,722000.0
I00811,apartamento,Vila Nova,92.0,4.0,3.0,0.0,37,1.4,nao,349000.0
I00812,apartamento,Vila Nova,79.0,1.0,1.0,1.0,18,1.0,nao,373000.0
I00813,apartamento,Vila Nova,87.0,2.0,2.0,2.0,38,0.5,nao,383000.0
I00814,apartamento,Vila Nova,37.0,2.0,1.0,1.0,16,8.7,nao,118000.0
I00815,apartamento,Centro,49.0,1.0,1.0,1.0,5,3.8,nao,330000.0
I00816,casa,Centro,113.0,4.0,2.0,2.0,38,4.1,sim,559000.0
I00817,casa,Industrial,163.0,5.0,4.0,3.0,30,1.1,sim,510000.0
I00818,apartamento,Vila Nova,80.0,2.0,1.0,2.0,7,1.0,nao,521000.0
I00819,apartamento,Beira-Mar,88.0,2.0,1.0,2.0,33,0.5,nao,1029000.0
I00820,apartamento,Jardins,62.0,1.0,1.0,2.0,7,0.5,nao,690000.0
I00821,apartamento,Industrial,73.0,3.0,2.0,0.0,32,3.0,sim,188000.0
I00822,casa,Vila Nova,260.0,6.0,4.0,4.0,23,1.8,nao,1031000.0
I00823,apartamento,Vila Nova,71.0,2.0,2.0,1.0,24,0.1,nao,374000.0
I00824,casa,Jardins,73.0,2.0,1.0,1.0,48,1.8,nao,425000.0
I00825,apartamento,Beira-Mar,83.0,2.0,1.0,0.0,36,1.9,nao,735000.0
I00826,apartamento,Vila Nova,106.0,2.0,1.0,1.0,2,1.3,nao,550000.0
I00827,casa,Industrial,209.0,5.0,4.0,3.0,25,0.7,nao,519000.0
I00828,apartamento,Jardins,62.0,1.0,1.0,0.0,41,1.2,sim,494000.0
I00829,apartamento,Beira-Mar,64.0,1.0,1.0,2.0,19,0.2,nao,818000.0
I00830,apartamento,Vila Nova,91.0,3.0,2.0,2.0,49,3.0,nao,270000.0
I00831,casa,Jardins,147.0,5.0,3.0,3.0,8,1.2,nao,1527000.0
I00832,apartamento,Industrial,85.0,1.0,1.0,1.0,0,3.4,nao,289000.0
I00833,apartamento,Jardins,57.0,2.0,1.0,1.0,43,0.2,nao,535000.0
I00834,casa,Centro,159.0,2.0,1.0,1.0,11,2.2,nao,940000.0
I00835,apartamento,Vila Nova,58.0,3.0,2.0,2.0,50,0.4,nao,174000.0
I00836,apartamento,Beira-Mar,65.0,1.0,1.0,2.0,2,1.1,nao,839000.0
I00837,casa,Centro,96.0,3.0,2.0,1.0,37,0.2,sim,503000.0
I00838,apartamento,Beira-Mar,53.0,1.0,1.0,2.0,27,0.2,nao,544000.0
I00839,apartamento,Industrial,42.0,2.0,1.0,-0.0,49,6.8,nao,58000.0
I00840,apartamento,Vila Nova,40.0,3.0,1.0,0.0,48,0.8,nao,131000.0
I00841,apartamento,Industrial,50.0,1.0,1.0,1.0,38,3.9,nao,105000.0
I00842,casa,Centro,162.0,3.0,3.0,2.0,42,1.8,nao,834000.0
I00843,apartamento,Vila Nova,76.0,3.0,2.0,1.0,30,3.2,nao,313000.0
I00844,apartamento,Industrial,94.0,3.0,2.0,2.0,31,3.0,nao,194000.0
I00845,apartamento,Vila Nova,60.0,1.0,1.0,0.0,30,2.5,nao,262000.0
I00846,casa,Industrial,82.0,1.0,2.0,1.0,48,0.1,nao,200000.0
I00847,apartamento,Vila Nova,79.0,3.0,3.0,1.0,2,0.4,nao,437000.0
I00848,apartamento,Jardins,69.0,2.0,2.0,1.0,23,2.4,nao,648000.0
I00849,apartamento,Industrial,67.0,2.0,2.0,1.0,1,2.0,sim,248000.0
I00850,apartamento,Jardins,48.0,1.0,1.0,0.0,50,3.1,sim,281000.0
I00851,apartamento,Centro,61.0,1.0,1.0,1.0,13,2.5,nao,360000.0
I00852,apartamento,Centro,89.0,2.0,3.0,1.0,10,3.8,nao,364000.0
I00853,apartamento,Beira-Mar,46.0,1.0,1.0,0.0,48,1.4,nao,455000.0
I00854,apartamento,Beira-Mar,37.0,1.0,1.0,-0.0,40,5.9,sim,265000.0
I00855,casa,Vila Nova,147.0,3.0,2.0,3.0,8,0.8,sim,855000.0
I00856,apartamento,Centro,53.0,1.0,1.0,1.0,3,0.9,nao,315000.0
I00857,casa,Beira-Mar,181.0,4.0,3.0,3.0,45,0.7,sim,2242000.0
I00858,casa,Vila Nova,124.0,3.0,2.0,1.0,0,4.0,nao,501000.0
I00859,apartamento,Centro,48.0,1.0,1.0,1.0,29,0.6,nao,319000.0
I00860,apartamento,Vila Nova,74.0,2.0,1.0,0.0,25,0.5,nao,341000.0
I00861,casa,Jardins,138.0,4.0,2.0,3.0,31,0.8,nao,1037000.0
I00862,casa,Beira-Mar,138.0,4.0,2.0,1.0,40,0.1,sim,1377000.0
I00863,apartamento,Jardins,48.0,1.0,1.0,1.0,45,0.1,nao,366000.0
I00864,apartamento,Vila Nova,107.0,3.0,2.0,1.0,2,3.9,nao,414000.0
I00865,apartamento,Industrial,57.0,1.0,1.0,1.0,30,1.8,nao,170000.0
I00866,casa,Jardins,231.0,6.0,4.0,3.0,40,0.6,nao,1967000.0
I00867,apartamento,Industrial,38.0,1.0,1.0,0.0,50,0.1,nao,88000.0
I00868,apartamento,Jardins,95.0,2.0,1.0,2.0,47,5.8,sim,654000.0
I00869,apartamento,Jardins,83.0,3.0,2.0,1.0,0,0.8,nao,954000.0
I00870,casa,Centro,126.0,5.0,3.0,1.0,2,0.8,nao,778000.0
I00871,apartamento,Beira-Mar,39.0,3.0,2.0,0.0,11,2.2,nao,480000.0
I00872,casa,Beira-Mar,143.0,4.0,3.0,3.0,4,1.0,sim,2230000.0
I00873,apartamento,Centro,37.0,1.0,1.0,1.0,1,0.1,nao,228000.0
I00874,casa,Industrial,119.0,2.0,1.0,,41,1.1,nao,285000.0
I00875,casa,Jardins,184.0,5.0,3.0,4.0,23,,sim,2163000.0
I00876,casa,Vila Nova,130.0,3.0,2.0,2.0,8,3.2,nao,582000.0
I00877,apartamento,Industrial,65.0,1.0,1.0,0.0,39,4.1,nao,134000.0
I00878,apartamento,Vila Nova,113.0,4.0,2.0,3.0,8,0.8,nao,637000.0
I00879,casa,Industrial,146.0,5.0,3.0,1.0,29,6.8,nao,305000.0
I00880,casa,Beira-Mar,254.0,6.0,4.0,,26,1.1,nao,3300000.0
I00881,casa,Jardins,124.0,3.0,1.0,2.0,32,4.8,sim,983000.0
I00882,casa,Vila Nova,199.0,5.0,3.0,2.0,30,3.7,sim,788000.0
I00883,apartamento,Vila Nova,66.0,1.0,1.0,1.0,26,1.3,nao,333000.0
I00884,apartamento,Industrial,79.0,3.0,2.0,2.0,14,1.2,sim,322000.0
I00885,casa,Industrial,105.0,3.0,2.0,3.0,40,3.5,nao,156000.0
I00886,casa,Centro,152.0,3.0,3.0,3.0,27,0.7,nao,813000.0
I00887,apartamento,Vila Nova,78.0,1.0,1.0,1.0,31,1.7,nao,298000.0
I00888,casa,Industrial,146.0,5.0,3.0,2.0,8,3.0,nao,474000.0
I00889,apartamento,Jardins,38.0,2.0,1.0,-0.0,26,2.3,nao,357000.0
I00890,casa,Vila Nova,200.0,7.0,4.0,2.0,1,0.6,nao,826000.0
I00891,apartamento,Beira-Mar,78.0,2.0,2.0,1.0,8,1.6,sim,967000.0
I00892,apartamento,Vila Nova,81.0,3.0,2.0,0.0,3,4.6,nao,326000.0
I00893,casa,Centro,237.0,6.0,5.0,3.0,38,0.1,nao,1292000.0
I00894,apartamento,Centro,68.0,2.0,1.0,-0.0,20,6.5,nao,296000.0
I00895,apartamento,Vila Nova,89.0,1.0,1.0,1.0,30,1.8,nao,333000.0
I00896,apartamento,Industrial,91.0,2.0,2.0,1.0,9,3.4,nao,282000.0
I00897,apartamento,Centro,63.0,2.0,2.0,1.0,3,6.8,nao,401000.0
I00898,casa,Vila Nova,140.0,3.0,3.0,0.0,32,1.1,nao,458000.0
I00899,casa,Centro,106.0,3.0,2.0,2.0,18,1.0,sim,692000.0
I00900,apartamento,Beira-Mar,30.0,1.0,1.0,0.0,27,2.0,nao,297000.0
I00901,apartamento,Beira-Mar,54.0,1.0,1.0,0.0,36,3.0,nao,457000.0
I00902,apartamento,Beira-Mar,43.0,1.0,2.0,1.0,30,1.7,nao,582000.0
I00903,casa,Vila Nova,83.0,2.0,2.0,,40,,nao,282000.0
I00904,apartamento,Industrial,55.0,2.0,1.0,-0.0,5,1.6,nao,184000.0
I00905,apartamento,Beira-Mar,160.0,4.0,3.0,2.0,22,0.8,nao,1792000.0
I00906,casa,Vila Nova,93.0,2.0,2.0,2.0,46,0.1,nao,315000.0
I00907,apartamento,Beira-Mar,84.0,2.0,1.0,0.0,10,4.5,nao,721000.0
I00908,casa,Centro,72.0,3.0,2.0,1.0,44,1.8,nao,324000.0
I00909,apartamento,Jardins,77.0,2.0,1.0,2.0,25,2.3,nao,608000.0
I00910,apartamento,Vila Nova,89.0,2.0,2.0,1.0,18,1.3,nao,392000.0
I00911,casa,Beira-Mar,95.0,2.0,1.0,1.0,21,3.8,nao,984000.0
I00912,apartamento,Centro,56.0,2.0,1.0,-0.0,22,0.9,nao,342000.0
I00913,apartamento,Jardins,50.0,1.0,1.0,0.0,47,2.9,sim,352000.0
I00914,apartamento,Vila Nova,83.0,2.0,2.0,1.0,22,2.2,nao,426000.0
I00915,casa,Industrial,154.0,4.0,2.0,3.0,6,1.3,nao,492000.0
I00916,casa,Jardins,185.0,5.0,4.0,3.0,21,3.4,nao,1974000.0
I00917,apartamento,Centro,66.0,3.0,1.0,1.0,40,6.1,nao,242000.0
I00918,casa,Industrial,82.0,2.0,1.0,1.0,20,3.6,nao,216000.0
I00919,apartamento,Jardins,47.0,1.0,1.0,,10,2.1,nao,394000.0
I00920,apartamento,Industrial,43.0,1.0,1.0,1.0,25,3.6,nao,115000.0
I00921,casa,Centro,103.0,5.0,3.0,1.0,50,1.0,nao,511000.0
I00922,apartamento,Industrial,57.0,1.0,1.0,1.0,31,5.0,nao,123000.0
I00923,apartamento,Industrial,59.0,3.0,3.0,1.0,30,0.4,nao,204000.0
I00924,apartamento,Jardins,66.0,2.0,2.0,1.0,23,0.6,sim,697000.0
I00925,casa,Centro,72.0,1.0,1.0,1.0,47,1.4,sim,320000.0
I00926,apartamento,Jardins,93.0,2.0,1.0,1.0,12,0.4,nao,1175000.0
I00927,apartamento,Centro,77.0,2.0,1.0,2.0,48,0.4,nao,367000.0
I00928,casa,Beira-Mar,122.0,3.0,2.0,2.0,30,1.2,sim,1103000.0
I00929,apartamento,Centro,57.0,1.0,1.0,1.0,25,1.2,nao,270000.0
I00930,apartamento,Centro,58.0,1.0,1.0,-0.0,16,0.5,nao,378000.0
I00931,casa,Vila Nova,123.0,3.0,1.0,2.0,4,1.2,nao,529000.0
I00932,casa,Beira-Mar,163.0,5.0,4.0,2.0,4,0.2,nao,2066000.0
I00933,apartamento,Centro,66.0,1.0,1.0,1.0,8,,nao,426000.0
I00934,apartamento,Jardins,77.0,2.0,1.0,-0.0,20,0.4,nao,830000.0
I00935,apartamento,Vila Nova,72.0,2.0,1.0,1.0,15,5.8,nao,278000.0
I00936,casa,Jardins,113.0,4.0,3.0,2.0,30,0.7,nao,1072000.0
I00937,casa,Vila Nova,79.0,1.0,1.0,1.0,4,3.0,nao,345000.0
I00938,casa,Vila Nova,226.0,7.0,4.0,3.0,13,0.2,nao,1086000.0
I00939,casa,Vila Nova,173.0,5.0,3.0,2.0,11,0.8,nao,721000.0
I00940,apartamento,Beira-Mar,109.0,2.0,2.0,3.0,50,0.7,nao,935000.0
I00941,apartamento,Centro,59.0,2.0,1.0,0.0,37,2.1,nao,289000.0
I00942,apartamento,Centro,79.0,2.0,1.0,1.0,45,0.6,nao,374000.0
I00943,casa,Centro,113.0,2.0,1.0,1.0,40,1.4,nao,579000.0
I00944,casa,Industrial,176.0,5.0,3.0,2.0,12,1.6,nao,533000.0
I00945,apartamento,Jardins,121.0,3.0,2.0,3.0,23,0.2,nao,1429000.0
I00946,casa,Jardins,238.0,6.0,4.0,4.0,46,1.1,sim,2700000.0
I00947,apartamento,Jardins,71.0,1.0,1.0,1.0,46,0.2,nao,721000.0
I00948,apartamento,Beira-Mar,91.0,2.0,1.0,3.0,11,3.3,nao,1101000.0
I00949,apartamento,Jardins,84.0,3.0,2.0,2.0,47,19.7,nao,286000.0
I00950,apartamento,Vila Nova,73.0,2.0,1.0,2.0,42,1.0,nao,228000.0
I00951,casa,Centro,163.0,3.0,3.0,2.0,13,1.0,nao,910000.0
I00952,apartamento,Beira-Mar,53.0,1.0,1.0,1.0,10,0.6,nao,674000.0
I00953,casa,Industrial,82.0,1.0,1.0,1.0,3,0.6,sim,330000.0
I00954,casa,Jardins,163.0,5.0,4.0,2.0,17,0.3,nao,1522000.0
I00955,apartamento,Centro,48.0,1.0,1.0,1.0,47,0.6,nao,211000.0
I00956,apartamento,Jardins,52.0,1.0,1.0,0.0,40,3.0,sim,361000.0
I00957,apartamento,Centro,60.0,2.0,1.0,0.0,20,5.4,nao,303000.0
I00958,casa,Industrial,237.0,6.0,4.0,4.0,26,1.8,nao,741000.0
I00959,casa,Industrial,137.0,3.0,3.0,2.0,11,3.9,nao,397000.0
I00960,apartamento,Jardins,51.0,2.0,2.0,1.0,8,0.1,nao,584000.0
I00961,casa,Beira-Mar,91.0,2.0,1.0,2.0,22,0.1,sim,1248000.0
I00962,casa,Beira-Mar,132.0,3.0,2.0,2.0,46,2.6,nao,1070000.0
I00963,casa,Beira-Mar,130.0,4.0,3.0,3.0,22,0.6,sim,1805000.0
I00964,apartamento,Centro,47.0,3.0,3.0,0.0,25,0.9,nao,270000.0
I00965,casa,Industrial,147.0,2.0,1.0,2.0,38,,nao,258000.0
I00966,casa,Vila Nova,79.0,2.0,1.0,1.0,29,2.1,nao,300000.0
I00967,apartamento,Industrial,48.0,1.0,1.0,1.0,0,0.6,nao,179000.0
I00968,apartamento,Jardins,113.0,3.0,1.0,2.0,42,0.7,nao,974000.0
I00969,casa,Industrial,93.0,2.0,1.0,2.0,33,0.4,sim,256000.0
I00970,apartamento,Centro,67.0,2.0,2.0,3.0,19,4.6,nao,376000.0
I00971,apartamento,Centro,80.0,1.0,2.0,0.0,0,1.9,sim,561000.0
I00972,apartamento,Centro,132.0,4.0,3.0,2.0,14,0.7,nao,698000.0
I00973,apartamento,Jardins,119.0,3.0,2.0,2.0,8,0.1,sim,1563000.0
I00974,apartamento,Jardins,88.0,3.0,2.0,2.0,48,1.4,nao,670000.0
I00975,apartamento,Beira-Mar,48.0,2.0,1.0,1.0,4,0.8,nao,656000.0
I00976,apartamento,Centro,50.0,1.0,1.0,1.0,3,2.9,nao,306000.0
I00977,casa,Centro,118.0,3.0,2.0,1.0,30,4.4,nao,499000.0
I00978,apartamento,Vila Nova,164.0,3.0,1.0,3.0,28,5.2,nao,612000.0
I00979,casa,Beira-Mar,166.0,3.0,2.0,2.0,48,1.7,nao,1116000.0
I00980,apartamento,Vila Nova,69.0,3.0,2.0,1.0,20,5.8,nao,219000.0
I00981,apartamento,Beira-Mar,75.0,2.0,2.0,2.0,8,1.0,sim,1132000.0
I00982,apartamento,Beira-Mar,113.0,4.0,3.0,1.0,13,0.6,nao,1172000.0
I00983,apartamento,Centro,56.0,2.0,2.0,1.0,20,0.2,nao,350000.0
I00984,apartamento,Jardins,72.0,1.0,1.0,1.0,4,1.6,sim,778000.0
I00985,casa,Industrial,129.0,4.0,3.0,2.0,22,2.3,sim,360000.0
I00986,casa,Beira-Mar,108.0,2.0,3.0,1.0,44,1.3,sim,1071000.0
I00987,apartamento,Industrial,64.0,1.0,2.0,-0.0,15,1.2,nao,161000.0
I00988,apartamento,Industrial,79.0,1.0,1.0,2.0,36,1.1,nao,209000.0
I00989,apartamento,Centro,77.0,3.0,3.0,0.0,7,3.6,nao,349000.0
I00990,apartamento,Vila Nova,114.0,3.0,2.0,1.0,25,1.1,nao,447000.0
I00991,apartamento,Beira-Mar,56.0,1.0,1.0,1.0,27,1.4,nao,462000.0
I00992,casa,Vila Nova,152.0,3.0,2.0,3.0,42,3.6,nao,503000.0
I00993,apartamento,Centro,46.0,2.0,2.0,2.0,33,0.1,nao,318000.0
I00994,apartamento,Vila Nova,68.0,1.0,1.0,-0.0,23,3.2,nao,234000.0
I00995,apartamento,Vila Nova,41.0,1.0,1.0,-0.0,5,,nao,198000.0
I00996,casa,Vila Nova,165.0,4.0,3.0,3.0,49,0.6,nao,528000.0
I00997,apartamento,Beira-Mar,132.0,3.0,1.0,3.0,11,0.3,sim,1953000.0
I00998,apartamento,Centro,100.0,3.0,2.0,2.0,7,0.1,nao,797000.0
I00999,apartamento,Jardins,61.0,2.0,2.0,1.0,40,0.3,nao,457000.0
I01000,casa,Centro,196.0,5.0,4.0,3.0,48,1.3,nao,846000.0
I01001,casa,Vila Nova,83.0,1.0,1.0,,19,1.9,nao,250000.0
I01002,apartamento,Centro,81.0,2.0,1.0,0.0,47,2.9,sim,322000.0
I01003,apartamento,Jardins,170.0,4.0,3.0,3.0,5,5.7,nao,1521000.0
I01004,casa,Beira-Mar,162.0,5.0,4.0,2.0,47,1.6,nao,1120000.0
I01005,apartamento,Centro,64.0,1.0,1.0,,29,0.6,nao,363000.0
I01006,apartamento,Jardins,62.0,2.0,1.0,1.0,5,1.4,nao,674000.0
I01007,casa,Beira-Mar,154.0,4.0,3.0,3.0,19,0.5,sim,1903000.0
I01008,casa,Beira-Mar,137.0,4.0,3.0,2.0,17,4.6,nao,1297000.0
I01009,apartamento,Beira-Mar,59.0,3.0,2.0,0.0,16,2.8,nao,553000.0
I01010,apartamento,Vila Nova,66.0,2.0,1.0,,39,3.3,nao,240000.0
I01011,apartamento,Vila Nova,39.0,3.0,2.0,1.0,16,4.6,sim,134000.0
I01012,apartamento,Vila Nova,90.0,2.0,1.0,1.0,26,2.8,nao,375000.0
I01013,apartamento,Vila Nova,101.0,2.0,1.0,1.0,49,2.9,nao,317000.0
I01014,apartamento,Jardins,89.0,3.0,3.0,1.0,41,4.4,sim,586000.0
I01015,apartamento,Centro,62.0,3.0,2.0,1.0,21,0.3,nao,384000.0
I01016,apartamento,Industrial,79.0,1.0,1.0,2.0,26,1.1,nao,248000.0
I01017,apartamento,Vila Nova,80.0,2.0,1.0,1.0,25,4.6,nao,319000.0
I01018,apartamento,Beira-Mar,63.0,2.0,2.0,1.0,9,0.1,sim,936000.0
I01019,casa,Vila Nova,208.0,6.0,5.0,3.0,29,1.3,nao,700000.0
I01020,apartamento,Vila Nova,93.0,2.0,1.0,1.0,11,1.0,nao,438000.0
I01021,apartamento,Industrial,99.0,2.0,1.0,2.0,45,0.9,nao,281000.0
I01022,casa,Centro,156.0,4.0,2.0,2.0,45,4.0,nao,811000.0
I01023,apartamento,Jardins,41.0,1.0,2.0,2.0,1,7.4,sim,356000.0
I01024,apartamento,Jardins,32.0,1.0,1.0,1.0,19,0.3,nao,392000.0
I01025,casa,Industrial,117.0,3.0,1.0,2.0,11,0.1,nao,399000.0
I01026,apartamento,Centro,52.0,2.0,1.0,1.0,23,0.6,nao,255000.0
I01027,apartamento,Industrial,68.0,1.0,1.0,2.0,48,4.0,nao,178000.0
I01028,apartamento,Centro,46.0,3.0,2.0,1.0,41,4.5,nao,177000.0
I01029,casa,Industrial,93.0,3.0,2.0,2.0,31,4.0,sim,269000.0
I01030,casa,Centro,68.0,1.0,1.0,1.0,43,2.1,nao,260000.0
I01031,apartamento,Centro,43.0,1.0,1.0,,26,2.2,nao,252000.0
I01032,casa,Industrial,119.0,4.0,4.0,0.0,17,0.8,nao,333000.0
I01033,apartamento,Industrial,56.0,2.0,2.0,1.0,29,2.9,nao,134000.0
I01034,casa,Vila Nova,200.0,5.0,3.0,3.0,7,2.4,nao,842000.0
I01035,casa,Vila Nova,124.0,3.0,2.0,1.0,29,0.3,sim,492000.0
I01036,casa,Centro,79.0,3.0,2.0,0.0,5,1.1,nao,423000.0
I01037,apartamento,Industrial,63.0,2.0,2.0,0.0,29,0.2,nao,143000.0
I01038,apartamento,Industrial,82.0,3.0,3.0,1.0,45,1.0,nao,172000.0
I01039,apartamento,Industrial,30.0,2.0,1.0,-0.0,1,3.6,nao,110000.0
I01040,apartamento,Industrial,106.0,3.0,3.0,2.0,28,3.8,nao,266000.0
I01041,apartamento,Vila Nova,81.0,2.0,2.0,1.0,31,0.7,nao,336000.0
I01042,apartamento,Jardins,113.0,2.0,1.0,,19,3.8,nao,942000.0
I01043,apartamento,Industrial,82.0,2.0,2.0,1.0,34,4.6,nao,212000.0
I01044,casa,Jardins,120.0,5.0,3.0,1.0,20,0.8,sim,1323000.0
I01045,apartamento,Industrial,68.0,2.0,1.0,0.0,46,3.7,nao,125000.0
I01046,apartamento,Centro,59.0,1.0,1.0,0.0,36,,nao,273000.0
I01047,apartamento,Vila Nova,93.0,2.0,1.0,2.0,25,1.1,nao,359000.0
I01048,apartamento,Vila Nova,53.0,1.0,1.0,-0.0,13,5.7,nao,164000.0
I01049,apartamento,Jardins,78.0,2.0,2.0,1.0,35,3.3,nao,625000.0
I01050,apartamento,Jardins,104.0,2.0,1.0,1.0,33,0.7,nao,862000.0
I01051,casa,Beira-Mar,151.0,4.0,3.0,1.0,48,0.8,sim,1243000.0
I01052,apartamento,Jardins,72.0,2.0,2.0,2.0,22,2.7,nao,612000.0
I01053,apartamento,Vila Nova,81.0,1.0,1.0,,38,2.1,nao,353000.0
I01054,casa,Vila Nova,110.0,3.0,2.0,2.0,18,0.8,sim,509000.0
I01055,apartamento,Centro,33.0,2.0,1.0,-0.0,30,10.7,nao,113000.0
I01056,apartamento,Jardins,49.0,1.0,1.0,1.0,27,0.9,nao,463000.0
I01057,apartamento,Jardins,53.0,2.0,1.0,1.0,3,14.5,nao,299000.0
I01058,casa,Jardins,157.0,5.0,3.0,3.0,34,1.5,sim,1422000.0
I01059,apartamento,Centro,51.0,2.0,1.0,0.0,48,1.2,nao,260000.0
I01060,casa,Centro,106.0,3.0,2.0,2.0,25,5.6,nao,512000.0
I01061,apartamento,Beira-Mar,91.0,3.0,2.0,1.0,48,,nao,746000.0
I01062,casa,Jardins,160.0,5.0,3.0,1.0,37,2.0,nao,1061000.0
I01063,apartamento,Industrial,106.0,3.0,2.0,,20,0.7,nao,279000.0
I01064,casa,Centro,135.0,5.0,4.0,2.0,17,1.7,nao,924000.0
I01065,apartamento,Beira-Mar,41.0,1.0,1.0,0.0,42,3.2,sim,393000.0
I01066,casa,Jardins,295.0,7.0,6.0,4.0,13,0.5,nao,4218000.0
I01067,apartamento,Vila Nova,86.0,2.0,1.0,2.0,26,1.1,nao,391000.0
I01068,casa,Vila Nova,114.0,3.0,2.0,2.0,27,0.6,sim,562000.0
I01069,casa,Centro,189.0,6.0,4.0,2.0,24,0.7,sim,948000.0
I01070,apartamento,Centro,75.0,2.0,1.0,0.0,18,4.2,nao,398000.0
I01071,apartamento,Industrial,107.0,4.0,3.0,2.0,39,0.6,nao,336000.0
I01072,apartamento,Centro,76.0,1.0,1.0,1.0,46,3.6,nao,383000.0
I01073,apartamento,Centro,60.0,2.0,2.0,1.0,39,0.8,nao,233000.0
I01074,apartamento,Vila Nova,77.0,2.0,2.0,2.0,32,0.4,nao,272000.0
I01075,casa,Centro,196.0,5.0,3.0,3.0,22,2.9,nao,1195000.0
I01076,apartamento,Beira-Mar,53.0,1.0,1.0,1.0,22,0.6,sim,693000.0
I01077,apartamento,Vila Nova,71.0,1.0,1.0,1.0,40,1.6,nao,211000.0
I01078,casa,Jardins,92.0,2.0,1.0,2.0,43,0.9,sim,836000.0
I01079,apartamento,Centro,83.0,3.0,2.0,1.0,8,0.7,nao,546000.0
I01080,apartamento,Jardins,71.0,2.0,3.0,1.0,48,4.9,nao,390000.0
I01081,casa,Jardins,175.0,5.0,4.0,3.0,32,2.2,sim,1476000.0
I01082,casa,Beira-Mar,199.0,5.0,3.0,3.0,22,0.6,sim,2396000.0
I01083,apartamento,Vila Nova,55.0,1.0,1.0,1.0,14,2.8,nao,209000.0
I01084,apartamento,Industrial,75.0,2.0,2.0,1.0,32,0.2,nao,177000.0
I01085,apartamento,Centro,76.0,2.0,1.0,0.0,30,3.3,nao,438000.0
I01086,apartamento,Vila Nova,56.0,1.0,1.0,1.0,17,1.2,nao,298000.0
I01087,apartamento,Centro,49.0,1.0,1.0,1.0,22,2.4,nao,314000.0
I01088,apartamento,Vila Nova,119.0,3.0,1.0,2.0,24,6.2,nao,406000.0
I01089,apartamento,Centro,60.0,1.0,1.0,1.0,15,7.4,nao,250000.0
I01090,apartamento,Jardins,60.0,2.0,2.0,1.0,27,1.9,sim,471000.0
I01091,apartamento,Vila Nova,64.0,2.0,1.0,2.0,44,1.8,nao,250000.0
I01092,apartamento,Industrial,84.0,3.0,3.0,2.0,14,0.5,nao,281000.0
I01093,apartamento,Vila Nova,59.0,2.0,2.0,2.0,7,0.6,nao,381000.0
I01094,apartamento,Jardins,53.0,1.0,1.0,0.0,41,0.4,sim,459000.0
I01095,casa,Jardins,148.0,4.0,3.0,2.0,50,1.3,sim,1165000.0
I01096,casa,Vila Nova,179.0,6.0,5.0,2.0,8,5.4,nao,603000.0
I01097,apartamento,Vila Nova,82.0,3.0,2.0,2.0,44,5.5,nao,305000.0
I01098,apartamento,Beira-Mar,56.0,2.0,1.0,-0.0,42,0.8,nao,380000.0
I01099,apartamento,Industrial,48.0,1.0,1.0,1.0,46,10.4,nao,72000.0
I01100,apartamento,Centro,50.0,1.0,1.0,1.0,6,5.8,nao,244000.0
I01101,apartamento,Industrial,79.0,2.0,2.0,2.0,49,3.3,nao,195000.0
I01102,apartamento,Vila Nova,84.0,3.0,2.0,1.0,43,0.2,nao,310000.0
I01103,casa,Jardins,118.0,4.0,3.0,1.0,17,0.1,sim,1132000.0
I01104,apartamento,Centro,58.0,1.0,1.0,2.0,44,3.5,nao,276000.0
I01105,apartamento,Vila Nova,46.0,2.0,2.0,1.0,31,0.2,nao,221000.0
I01106,apartamento,Vila Nova,68.0,2.0,1.0,2.0,16,2.7,nao,312000.0
I01107,apartamento,Industrial,89.0,2.0,1.0,1.0,8,3.5,nao,284000.0
I01108,apartamento,Jardins,55.0,1.0,2.0,1.0,42,2.9,nao,447000.0
I01109,casa,Vila Nova,202.0,5.0,3.0,3.0,2,6.2,sim,869000.0
I01110,apartamento,Vila Nova,48.0,1.0,1.0,,11,1.8,nao,264000.0
I01111,apartamento,Beira-Mar,53.0,3.0,3.0,1.0,23,2.1,nao,554000.0
I01112,apartamento,Industrial,66.0,1.0,1.0,2.0,22,0.1,nao,219000.0
I01113,apartamento,Beira-Mar,74.0,2.0,2.0,1.0,12,3.3,sim,1131000.0
I01114,casa,Jardins,128.0,4.0,3.0,1.0,30,1.0,sim,1133000.0
I01115,casa,Vila Nova,154.0,4.0,3.0,3.0,47,0.9,nao,596000.0
I01116,casa,Vila Nova,151.0,4.0,3.0,3.0,50,1.7,nao,407000.0
I01117,apartamento,Industrial,106.0,2.0,1.0,1.0,16,0.4,nao,292000.0
I01118,casa,Vila Nova,144.0,3.0,1.0,2.0,20,0.5,nao,714000.0
I01119,apartamento,Centro,62.0,2.0,1.0,0.0,25,0.1,sim,369000.0
I01120,casa,Beira-Mar,161.0,4.0,2.0,2.0,8,1.4,nao,2103000.0
I01121,casa,Jardins,75.0,1.0,1.0,1.0,34,5.4,sim,625000.0
I01122,apartamento,Vila Nova,43.0,1.0,2.0,1.0,47,1.2,nao,127000.0
I01123,apartamento,Beira-Mar,96.0,2.0,1.0,2.0,48,0.1,sim,1412000.0
I01124,casa,Industrial,116.0,2.0,2.0,1.0,16,0.4,nao,310000.0
I01125,apartamento,Beira-Mar,53.0,1.0,1.0,0.0,16,1.5,nao,594000.0
I01126,casa,Jardins,163.0,4.0,3.0,2.0,40,1.3,nao,1452000.0
I01127,apartamento,Centro,67.0,3.0,2.0,1.0,16,0.1,nao,462000.0
I01128,casa,Industrial,195.0,7.0,5.0,3.0,49,0.1,sim,604000.0
I01129,casa,Centro,121.0,4.0,3.0,2.0,30,2.4,sim,645000.0
I01130,apartamento,Centro,109.0,3.0,2.0,2.0,43,1.8,nao,533000.0
I01131,casa,Industrial,124.0,4.0,3.0,2.0,2,3.7,sim,437000.0
I01132,casa,Vila Nova,194.0,5.0,4.0,2.0,11,1.5,nao,945000.0
I01133,casa,Centro,144.0,4.0,4.0,1.0,30,0.9,sim,719000.0
I01134,apartamento,Vila Nova,53.0,2.0,1.0,1.0,1,0.2,nao,297000.0
I01135,casa,Jardins,136.0,4.0,2.0,2.0,29,0.8,nao,1129000.0
I01136,casa,Vila Nova,145.0,4.0,3.0,2.0,46,6.1,nao,349000.0
I01137,apartamento,Vila Nova,68.0,2.0,2.0,1.0,21,2.9,sim,351000.0
I01138,apartamento,Industrial,53.0,1.0,1.0,2.0,47,2.1,nao,125000.0
I01139,apartamento,Centro,116.0,4.0,2.0,1.0,45,1.5,nao,551000.0
I01140,casa,Centro,152.0,3.0,2.0,3.0,13,5.7,sim,963000.0
I01141,apartamento,Industrial,32.0,1.0,1.0,1.0,44,1.1,nao,84000.0
I01142,casa,Centro,150.0,4.0,3.0,3.0,33,1.3,nao,839000.0
I01143,casa,Industrial,167.0,3.0,2.0,2.0,13,1.3,sim,585000.0
I01144,apartamento,Jardins,35.0,1.0,1.0,0.0,3,0.3,nao,338000.0
I01145,apartamento,Vila Nova,55.0,3.0,2.0,1.0,7,1.8,sim,293000.0
I01146,casa,Centro,193.0,4.0,3.0,3.0,29,2.9,nao,1076000.0
I01147,apartamento,Jardins,74.0,3.0,2.0,1.0,27,0.1,sim,888000.0
I01148,apartamento,Vila Nova,74.0,2.0,1.0,1.0,36,0.4,nao,334000.0
I01149,apartamento,Industrial,46.0,2.0,1.0,1.0,5,2.6,sim,151000.0
I01150,casa,Jardins,104.0,2.0,1.0,0.0,13,5.2,nao,836000.0
I01151,apartamento,Industrial,44.0,1.0,1.0,,50,0.7,nao,91000.0
I01152,apartamento,Centro,36.0,1.0,1.0,1.0,9,1.8,sim,267000.0
I01153,apartamento,Centro,29.0,1.0,1.0,-0.0,42,0.9,nao,158000.0
I01154,apartamento,Industrial,145.0,5.0,3.0,3.0,19,3.2,nao,531000.0
I01155,casa,Beira-Mar,108.0,3.0,2.0,2.0,37,0.1,sim,1297000.0
I01156,apartamento,Centro,77.0,4.0,3.0,0.0,49,,nao,403000.0
I01157,casa,Centro,208.0,6.0,5.0,3.0,40,0.4,nao,1202000.0
I01158,apartamento,Industrial,74.0,2.0,1.0,1.0,3,0.9,nao,245000.0
I01159,apartamento,Centro,68.0,2.0,1.0,,3,0.9,sim,578000.0
I01160,apartamento,Vila Nova,79.0,2.0,2.0,1.0,13,2.3,nao,258000.0
I01161,apartamento,Industrial,143.0,3.0,2.0,2.0,28,3.2,nao,418000.0
I01162,apartamento,Vila Nova,71.0,2.0,2.0,0.0,0,0.6,nao,327000.0
I01163,apartamento,Industrial,42.0,1.0,1.0,0.0,24,3.2,nao,105000.0
I01164,casa,Centro,95.0,2.0,1.0,1.0,25,2.3,nao,637000.0
I01165,apartamento,Jardins,50.0,1.0,1.0,1.0,45,0.5,nao,425000.0
I01166,apartamento,Centro,65.0,2.0,2.0,0.0,48,4.5,nao,225000.0
I01167,apartamento,Jardins,46.0,1.0,1.0,1.0,15,0.9,sim,418000.0
I01168,apartamento,Beira-Mar,57.0,1.0,1.0,1.0,46,1.9,sim,497000.0
I01169,apartamento,Industrial,66.0,2.0,2.0,1.0,17,0.3,nao,240000.0
I01170,apartamento,Centro,99.0,2.0,1.0,2.0,32,1.9,sim,590000.0
I01171,apartamento,Jardins,51.0,1.0,1.0,1.0,19,4.7,nao,405000.0
I01172,apartamento,Vila Nova,86.0,2.0,1.0,1.0,0,1.3,nao,416000.0
I01173,casa,Centro,152.0,4.0,3.0,2.0,45,0.9,nao,653000.0
I01174,apartamento,Centro,89.0,1.0,1.0,1.0,3,1.2,nao,764000.0
I01175,casa,Industrial,61.0,1.0,1.0,1.0,2,0.4,nao,208000.0
I01176,apartamento,Industrial,37.0,1.0,1.0,1.0,15,1.5,nao,121000.0
I01177,apartamento,Centro,41.0,1.0,1.0,0.0,31,0.4,nao,274000.0
I01178,apartamento,Industrial,112.0,2.0,1.0,2.0,40,1.5,nao,292000.0
I01179,apartamento,Beira-Mar,53.0,1.0,1.0,-0.0,7,0.1,nao,617000.0
I01180,apartamento,Jardins,46.0,1.0,1.0,1.0,24,2.8,sim,442000.0
I01181,casa,Vila Nova,134.0,3.0,1.0,2.0,48,0.1,nao,395000.0
I01182,casa,Vila Nova,287.0,7.0,6.0,3.0,32,1.2,sim,1343000.0
I01183,apartamento,Centro,55.0,2.0,1.0,0.0,10,3.1,nao,305000.0
I01184,casa,Centro,111.0,3.0,2.0,2.0,43,2.8,nao,483000.0
I01185,apartamento,Vila Nova,98.0,2.0,2.0,1.0,48,3.9,sim,365000.0
I01186,casa,Centro,152.0,4.0,3.0,2.0,3,0.8,sim,1204000.0
I01187,apartamento,Beira-Mar,70.0,3.0,2.0,1.0,19,,nao,834000.0
I01188,apartamento,Vila Nova,59.0,2.0,1.0,1.0,19,0.6,sim,311000.0
I01189,casa,Vila Nova,154.0,5.0,2.0,2.0,49,2.6,nao,490000.0
I01190,casa,Vila Nova,54.0,2.0,1.0,1.0,26,0.1,nao,210000.0
I01191,casa,Vila Nova,153.0,3.0,3.0,2.0,19,4.2,nao,468000.0
I01192,casa,Industrial,90.0,4.0,3.0,0.0,45,4.9,nao,140000.0
I01193,apartamento,Vila Nova,116.0,4.0,3.0,1.0,8,1.7,nao,519000.0
I01194,apartamento,Jardins,100.0,2.0,1.0,2.0,33,0.8,nao,1004000.0
I01195,apartamento,Beira-Mar,91.0,2.0,1.0,2.0,34,4.8,nao,849000.0
I01196,casa,Jardins,279.0,7.0,4.0,3.0,49,4.0,sim,2418000.0
I01197,apartamento,Industrial,177.0,5.0,4.0,,1,4.8,nao,556000.0
I01198,apartamento,Vila Nova,70.0,1.0,1.0,1.0,19,2.9,nao,385000.0
I01199,casa,Jardins,141.0,3.0,3.0,2.0,50,0.9,sim,1311000.0
I01200,apartamento,Centro,90.0,2.0,1.0,1.0,16,0.3,nao,542000.0
I01201,casa,Jardins,173.0,6.0,4.0,2.0,2,8.9,sim,1390000.0
I01202,casa,Vila Nova,60.0,2.0,2.0,0.0,6,2.3,sim,249000.0
I01203,apartamento,Centro,63.0,1.0,1.0,1.0,18,3.3,nao,379000.0
I01204,casa,Industrial,101.0,2.0,1.0,2.0,18,4.0,nao,284000.0
I01205,apartamento,Vila Nova,80.0,3.0,2.0,1.0,44,2.8,nao,280000.0
I01206,apartamento,Beira-Mar,81.0,2.0,1.0,2.0,17,2.4,nao,738000.0
I01207,casa,Centro,140.0,4.0,3.0,3.0,27,3.0,sim,778000.0
I01208,apartamento,Jardins,54.0,2.0,1.0,1.0,22,0.6,nao,464000.0
I01209,apartamento,Jardins,57.0,2.0,1.0,1.0,7,,nao,590000.0
I01210,casa,Vila Nova,265.0,6.0,5.0,4.0,34,1.9,nao,956000.0
I01211,apartamento,Vila Nova,30.0,1.0,2.0,0.0,22,2.5,nao,104000.0
I01212,apartamento,Jardins,201.0,6.0,3.0,2.0,1,2.3,nao,1920000.0
I01213,apartamento,Beira-Mar,134.0,5.0,3.0,2.0,10,1.8,sim,1927000.0
I01214,casa,Vila Nova,131.0,3.0,2.0,2.0,48,1.8,nao,518000.0
I01215,casa,Jardins,174.0,5.0,3.0,3.0,44,5.0,sim,1409000.0
I01216,casa,Industrial,134.0,4.0,2.0,2.0,8,4.4,nao,422000.0
I01217,apartamento,Centro,66.0,2.0,1.0,0.0,9,0.9,nao,528000.0
I01218,apartamento,Vila Nova,59.0,2.0,1.0,1.0,50,3.3,sim,215000.0
I01219,casa,Industrial,110.0,2.0,1.0,3.0,42,6.5,sim,260000.0
I01220,apartamento,Beira-Mar,89.0,2.0,2.0,1.0,15,,nao,754000.0
I01221,apartamento,Vila Nova,51.0,1.0,1.0,1.0,48,3.0,nao,176000.0
I01222,apartamento,Centro,71.0,1.0,1.0,,10,0.2,sim,551000.0
I01223,apartamento,Centro,60.0,2.0,2.0,-0.0,1,7.9,nao,295000.0
I01224,apartamento,Vila Nova,138.0,3.0,3.0,1.0,36,0.6,nao,588000.0
I01225,apartamento,Vila Nova,102.0,1.0,1.0,1.0,44,,nao,360000.0
I01226,apartamento,Jardins,54.0,2.0,1.0,-0.0,10,1.3,nao,524000.0
I01227,apartamento,Jardins,110.0,3.0,1.0,2.0,31,2.8,nao,776000.0
I01228,apartamento,Centro,80.0,3.0,2.0,2.0,30,3.3,sim,418000.0
I01229,apartamento,Vila Nova,103.0,2.0,2.0,2.0,47,2.1,sim,398000.0
I01230,casa,Jardins,194.0,5.0,3.0,3.0,41,1.1,nao,1262000.0
I01231,casa,Centro,84.0,3.0,3.0,2.0,25,6.5,nao,448000.0
I01232,apartamento,Industrial,85.0,3.0,3.0,1.0,37,1.1,nao,219000.0
I01233,apartamento,Vila Nova,68.0,2.0,2.0,1.0,5,2.1,nao,329000.0
I01234,casa,Centro,275.0,7.0,5.0,5.0,44,0.4,sim,1513000.0
I01235,apartamento,Beira-Mar,50.0,1.0,1.0,-0.0,4,3.5,nao,486000.0
I01236,apartamento,Industrial,90.0,3.0,2.0,2.0,13,1.1,nao,297000.0
I01237,apartamento,Jardins,46.0,1.0,1.0,-0.0,2,0.1,nao,390000.0
I01238,apartamento,Industrial,149.0,3.0,2.0,2.0,31,0.1,nao,481000.0
I01239,apartamento,Vila Nova,85.0,1.0,1.0,2.0,6,3.5,sim,503000.0
I01240,apartamento,Jardins,58.0,1.0,1.0,1.0,20,0.2,nao,579000.0
I01241,apartamento,Beira-Mar,116.0,3.0,1.0,2.0,36,7.9,nao,875000.0
I01242,casa,Vila Nova,259.0,7.0,5.0,4.0,18,8.2,sim,966000.0
I01243,casa,Industrial,161.0,4.0,3.0,3.0,26,1.3,nao,435000.0
I01244,casa,Industrial,130.0,3.0,1.0,2.0,42,2.6,nao,297000.0
I01245,casa,Vila Nova,93.0,2.0,2.0,1.0,13,5.4,sim,360000.0
I01246,casa,Vila Nova,98.0,3.0,2.0,2.0,21,0.2,sim,519000.0
I01247,apartamento,Centro,44.0,1.0,2.0,0.0,46,0.9,nao,180000.0
I01248,casa,Beira-Mar,208.0,5.0,4.0,3.0,9,1.8,sim,2877000.0
I01249,casa,Beira-Mar,211.0,5.0,4.0,3.0,13,0.7,sim,2809000.0
I01250,casa,Industrial,95.0,3.0,2.0,1.0,49,0.5,nao,201000.0
I01251,casa,Centro,214.0,6.0,4.0,3.0,8,2.7,nao,1426000.0
I01252,casa,Vila Nova,125.0,3.0,1.0,1.0,18,1.0,nao,391000.0
I01253,apartamento,Industrial,57.0,1.0,1.0,0.0,46,3.6,nao,127000.0
I01254,apartamento,Beira-Mar,82.0,2.0,1.0,1.0,45,4.9,nao,633000.0
I01255,casa,Jardins,135.0,3.0,2.0,1.0,31,1.4,nao,1248000.0
I01256,apartamento,Centro,37.0,1.0,1.0,1.0,22,0.2,nao,175000.0
I01257,apartamento,Industrial,61.0,3.0,1.0,1.0,38,1.7,nao,170000.0
I01258,apartamento,Vila Nova,43.0,1.0,1.0,2.0,24,0.2,nao,179000.0
I01259,apartamento,Industrial,38.0,1.0,1.0,0.0,15,1.1,nao,125000.0
I01260,apartamento,Centro,55.0,1.0,1.0,2.0,45,3.0,nao,285000.0
I01261,apartamento,Vila Nova,67.0,2.0,1.0,1.0,26,1.1,nao,344000.0
I01262,apartamento,Industrial,43.0,2.0,2.0,1.0,42,4.4,nao,96000.0
I01263,casa,Vila Nova,142.0,4.0,3.0,3.0,20,2.4,sim,527000.0
I01264,casa,Jardins,143.0,3.0,2.0,2.0,9,0.3,nao,1431000.0
I01265,apartamento,Jardins,89.0,3.0,2.0,1.0,40,0.2,nao,784000.0
I01266,apartamento,Centro,65.0,1.0,1.0,1.0,16,1.7,nao,400000.0
I01267,apartamento,Centro,89.0,2.0,1.0,0.0,46,1.1,nao,350000.0
I01268,apartamento,Jardins,92.0,3.0,2.0,2.0,20,1.9,nao,979000.0
I01269,apartamento,Vila Nova,40.0,1.0,2.0,1.0,17,5.2,nao,197000.0
I01270,apartamento,Industrial,129.0,3.0,2.0,2.0,35,1.3,nao,368000.0
I01271,apartamento,Industrial,107.0,3.0,3.0,2.0,48,1.5,nao,300000.0
I01272,apartamento,Centro,63.0,1.0,1.0,-0.0,30,1.4,nao,337000.0
I01273,apartamento,Jardins,50.0,2.0,2.0,1.0,14,5.8,nao,358000.0
I01274,casa,Centro,188.0,4.0,2.0,2.0,28,0.7,nao,909000.0
I01275,apartamento,Jardins,55.0,1.0,1.0,1.0,10,5.4,nao,472000.0
I01276,casa,Vila Nova,96.0,3.0,2.0,1.0,34,2.5,nao,326000.0
I01277,apartamento,Jardins,62.0,1.0,1.0,1.0,32,9.5,sim,377000.0
I01278,apartamento,Beira-Mar,106.0,2.0,2.0,1.0,6,1.2,nao,1336000.0
I01279,casa,Centro,233.0,7.0,5.0,3.0,36,6.3,nao,872000.0
I01280,casa,Vila Nova,268.0,6.0,4.0,4.0,31,2.3,nao,1091000.0
I01281,casa,Industrial,128.0,4.0,3.0,2.0,39,0.9,sim,366000.0
I01282,apartamento,Centro,66.0,1.0,1.0,1.0,21,4.7,nao,307000.0
I01283,apartamento,Industrial,66.0,3.0,2.0,1.0,27,4.1,nao,142000.0
I01284,apartamento,Beira-Mar,56.0,2.0,1.0,2.0,49,1.8,sim,477000.0
I01285,apartamento,Jardins,55.0,2.0,1.0,2.0,9,2.1,sim,837000.0
I01286,apartamento,Jardins,60.0,1.0,1.0,2.0,33,0.6,nao,489000.0
I01287,casa,Centro,270.0,7.0,5.0,4.0,49,5.8,nao,1113000.0
I01288,apartamento,Vila Nova,52.0,3.0,1.0,1.0,14,0.4,nao,271000.0
I01289,apartamento,Vila Nova,76.0,1.0,2.0,1.0,1,0.6,nao,448000.0
I01290,casa,Centro,173.0,4.0,2.0,2.0,48,1.4,sim,1124000.0
I01291,apartamento,Vila Nova,147.0,4.0,2.0,1.0,11,2.0,nao,559000.0
I01292,apartamento,Industrial,78.0,2.0,2.0,1.0,2,4.8,nao,224000.0
I01293,apartamento,Industrial,63.0,2.0,2.0,0.0,39,1.0,nao,136000.0
I01294,apartamento,Beira-Mar,50.0,2.0,1.0,1.0,28,0.5,nao,561000.0
I01295,casa,Centro,102.0,2.0,1.0,2.0,25,0.3,sim,616000.0
I01296,apartamento,Jardins,70.0,2.0,1.0,-0.0,37,1.0,sim,612000.0
I01297,apartamento,Vila Nova,63.0,2.0,1.0,0.0,42,1.0,nao,187000.0
I01298,apartamento,Centro,69.0,2.0,2.0,1.0,30,1.8,nao,323000.0
I01299,apartamento,Industrial,86.0,2.0,1.0,1.0,14,1.1,nao,245000.0
I01300,apartamento,Vila Nova,56.0,2.0,1.0,1.0,44,0.1,nao,179000.0
I01301,casa,Jardins,160.0,4.0,3.0,2.0,6,1.0,sim,1959000.0
I01302,casa,Industrial,201.0,5.0,4.0,3.0,20,3.3,sim,613000.0
I01303,apartamento,Vila Nova,37.0,1.0,1.0,1.0,0,3.2,nao,171000.0
I01304,apartamento,Industrial,74.0,1.0,1.0,0.0,42,0.5,nao,148000.0
I01305,casa,Vila Nova,231.0,6.0,5.0,2.0,16,0.9,nao,1050000.0
I01306,apartamento,Industrial,81.0,3.0,3.0,1.0,18,1.9,nao,229000.0
I01307,casa,Industrial,112.0,3.0,2.0,2.0,9,0.2,nao,445000.0
I01308,apartamento,Industrial,87.0,2.0,1.0,1.0,39,5.9,nao,224000.0
I01309,apartamento,Industrial,58.0,1.0,1.0,2.0,42,3.8,nao,142000.0
I01310,apartamento,Vila Nova,95.0,4.0,2.0,2.0,27,3.5,nao,403000.0
I01311,casa,Industrial,165.0,4.0,3.0,2.0,45,2.3,sim,399000.0
I01312,apartamento,Jardins,137.0,4.0,3.0,1.0,2,1.8,nao,1508000.0
I01313,casa,Centro,135.0,4.0,3.0,2.0,22,1.9,sim,818000.0
I01314,apartamento,Vila Nova,82.0,1.0,1.0,1.0,33,0.4,nao,335000.0
I01315,apartamento,Centro,62.0,2.0,1.0,1.0,12,0.1,nao,406000.0
I01316,apartamento,Centro,73.0,3.0,2.0,1.0,28,2.6,nao,399000.0
I01317,apartamento,Vila Nova,52.0,1.0,1.0,0.0,48,1.4,nao,170000.0
I01318,apartamento,Jardins,111.0,3.0,3.0,1.0,14,0.3,nao,1176000.0
I01319,apartamento,Centro,76.0,1.0,1.0,1.0,28,2.1,nao,423000.0
I01320,apartamento,Jardins,71.0,2.0,2.0,1.0,33,0.3,nao,781000.0
I01321,casa,Vila Nova,193.0,6.0,3.0,2.0,19,0.1,sim,969000.0
I01322,apartamento,Vila Nova,120.0,2.0,2.0,3.0,38,6.7,nao,418000.0
I01323,casa,Jardins,310.0,7.0,4.0,5.0,29,1.6,nao,3043000.0
I01324,apartamento,Beira-Mar,52.0,1.0,1.0,1.0,9,0.6,nao,721000.0
I01325,casa,Jardins,179.0,5.0,3.0,2.0,30,4.2,sim,1662000.0
I01326,apartamento,Beira-Mar,98.0,2.0,2.0,2.0,37,2.6,nao,1069000.0
I01327,casa,Centro,136.0,3.0,1.0,,30,8.2,sim,687000.0
I01328,apartamento,Centro,56.0,2.0,2.0,2.0,45,0.1,nao,352000.0
I01329,apartamento,Jardins,106.0,4.0,3.0,1.0,27,0.7,nao,874000.0
I01330,apartamento,Industrial,51.0,2.0,2.0,1.0,45,1.0,nao,110000.0
I01331,apartamento,Beira-Mar,81.0,3.0,2.0,0.0,15,1.8,nao,1005000.0
I01332,apartamento,Beira-Mar,55.0,1.0,1.0,1.0,3,4.4,nao,539000.0
I01333,apartamento,Centro,71.0,1.0,1.0,1.0,21,0.1,nao,462000.0
I01334,apartamento,Centro,41.0,1.0,1.0,1.0,49,0.2,nao,231000.0
I01335,casa,Vila Nova,98.0,2.0,1.0,2.0,40,0.5,sim,394000.0
I01336,apartamento,Vila Nova,37.0,1.0,1.0,1.0,13,0.1,nao,169000.0
I01337,apartamento,Jardins,178.0,6.0,5.0,2.0,40,0.5,nao,1369000.0
I01338,apartamento,Industrial,42.0,1.0,1.0,0.0,37,5.9,nao,84000.0
I01339,casa,Industrial,191.0,7.0,5.0,3.0,5,0.8,sim,788000.0
I01340,apartamento,Centro,54.0,1.0,1.0,-0.0,21,0.6,nao,379000.0
I01341,apartamento,Centro,30.0,1.0,1.0,0.0,4,0.3,nao,212000.0
I01342,apartamento,Industrial,77.0,2.0,2.0,1.0,44,0.6,nao,232000.0
I01343,apartamento,Beira-Mar,173.0,5.0,3.0,2.0,40,4.7,nao,1675000.0
I01344,apartamento,Centro,53.0,2.0,1.0,1.0,17,0.6,nao,376000.0
I01345,apartamento,Industrial,133.0,4.0,3.0,1.0,31,5.1,nao,273000.0
I01346,apartamento,Vila Nova,139.0,3.0,3.0,3.0,47,1.8,nao,616000.0
I01347,casa,Vila Nova,96.0,4.0,1.0,1.0,1,1.4,sim,450000.0
I01348,apartamento,Beira-Mar,38.0,1.0,1.0,1.0,26,3.7,nao,348000.0
I01349,apartamento,Centro,53.0,1.0,1.0,2.0,44,1.1,nao,257000.0
I01350,casa,Jardins,205.0,6.0,4.0,3.0,27,1.4,sim,2207000.0
I01351,casa,Jardins,69.0,3.0,1.0,1.0,1,2.7,nao,596000.0
I01352,apartamento,Jardins,83.0,3.0,2.0,2.0,29,0.1,nao,681000.0
I01353,apartamento,Centro,72.0,1.0,1.0,2.0,23,3.1,nao,586000.0
I01354,apartamento,Jardins,56.0,3.0,3.0,1.0,17,0.9,nao,477000.0
I01355,apartamento,Centro,59.0,1.0,1.0,0.0,2,0.1,nao,478000.0
I01356,casa,Vila Nova,131.0,4.0,4.0,1.0,44,1.9,nao,462000.0
I01357,apartamento,Industrial,72.0,2.0,1.0,1.0,36,2.9,nao,188000.0
I01358,casa,Beira-Mar,249.0,7.0,5.0,3.0,7,,nao,3245000.0
I01359,casa,Vila Nova,121.0,3.0,2.0,2.0,41,4.0,sim,355000.0
I01360,apartamento,Vila Nova,68.0,3.0,2.0,2.0,30,2.1,nao,285000.0
I01361,casa,Vila Nova,174.0,5.0,4.0,3.0,5,1.2,nao,1027000.0
I01362,apartamento,Industrial,49.0,2.0,1.0,1.0,26,1.1,nao,155000.0
I01363,casa,Industrial,246.0,6.0,4.0,4.0,35,0.9,sim,834000.0
I01364,apartamento,Beira-Mar,52.0,3.0,2.0,1.0,24,2.3,nao,657000.0
I01365,casa,Vila Nova,165.0,3.0,2.0,2.0,2,9.1,sim,671000.0
I01366,apartamento,Centro,64.0,3.0,3.0,1.0,30,0.4,nao,366000.0
I01367,apartamento,Centro,70.0,1.0,1.0,1.0,39,1.7,nao,386000.0
I01368,apartamento,Centro,141.0,4.0,3.0,2.0,20,1.0,nao,919000.0
I01369,casa,Jardins,153.0,4.0,3.0,3.0,9,2.3,nao,1326000.0
I01370,apartamento,Centro,55.0,1.0,1.0,1.0,21,3.2,nao,399000.0
I01371,apartamento,Vila Nova,51.0,1.0,1.0,-0.0,47,0.7,nao,179000.0
I01372,apartamento,Centro,109.0,3.0,2.0,2.0,45,0.2,nao,434000.0
I01373,casa,Beira-Mar,164.0,5.0,4.0,2.0,24,1.1,sim,2223000.0
I01374,apartamento,Jardins,59.0,2.0,2.0,1.0,30,4.7,nao,513000.0
I01375,apartamento,Industrial,103.0,3.0,3.0,1.0,30,5.2,nao,262000.0
I01376,apartamento,Centro,52.0,2.0,2.0,1.0,36,2.3,nao,307000.0
I01377,apartamento,Centro,51.0,3.0,2.0,2.0,17,5.1,nao,300000.0
I01378,apartamento,Beira-Mar,67.0,2.0,1.0,1.0,15,7.5,nao,533000.0
I01379,apartamento,Vila Nova,63.0,1.0,2.0,1.0,3,0.2,nao,347000.0
I01380,apartamento,Centro,38.0,1.0,1.0,0.0,40,2.0,nao,208000.0
I01381,casa,Industrial,117.0,4.0,3.0,1.0,0,1.7,sim,488000.0
I01382,apartamento,Vila Nova,85.0,2.0,1.0,2.0,47,1.6,nao,265000.0
I01383,apartamento,Vila Nova,61.0,2.0,2.0,2.0,25,4.2,nao,279000.0
I01384,apartamento,Beira-Mar,69.0,1.0,1.0,1.0,12,1.6,nao,781000.0
I01385,casa,Vila Nova,98.0,2.0,1.0,2.0,50,7.5,nao,227000.0
I01386,apartamento,Centro,77.0,3.0,1.0,2.0,10,3.7,nao,481000.0
I01387,casa,Industrial,166.0,4.0,3.0,3.0,24,0.4,nao,679000.0
I01388,casa,Industrial,229.0,5.0,4.0,3.0,7,0.5,sim,785000.0
I01389,apartamento,Vila Nova,62.0,1.0,1.0,0.0,16,1.8,nao,242000.0
I01390,apartamento,Vila Nova,64.0,1.0,1.0,1.0,29,0.4,nao,293000.0
I01391,apartamento,Beira-Mar,87.0,2.0,2.0,1.0,2,9.2,sim,863000.0
I01392,casa,Centro,133.0,4.0,3.0,2.0,11,1.1,sim,975000.0
I01393,apartamento,Industrial,87.0,3.0,2.0,1.0,9,2.9,nao,304000.0
I01394,apartamento,Industrial,90.0,2.0,2.0,1.0,18,1.2,nao,238000.0
I01395,casa,Vila Nova,96.0,3.0,2.0,2.0,1,3.7,nao,395000.0
I01396,apartamento,Vila Nova,47.0,1.0,1.0,1.0,43,,nao,168000.0
I01397,apartamento,Vila Nova,57.0,2.0,1.0,0.0,10,4.2,nao,195000.0
I01398,apartamento,Beira-Mar,38.0,1.0,1.0,-0.0,5,0.1,sim,555000.0
I01399,casa,Industrial,268.0,7.0,4.0,4.0,24,,nao,788000.0
I01400,apartamento,Beira-Mar,45.0,2.0,1.0,1.0,16,1.8,sim,464000.0
I01401,apartamento,Beira-Mar,105.0,2.0,2.0,2.0,15,0.2,nao,1245000.0
I01402,casa,Jardins,98.0,3.0,2.0,3.0,37,0.5,nao,784000.0
I01403,apartamento,Vila Nova,102.0,3.0,2.0,3.0,14,3.9,nao,523000.0
I01404,casa,Industrial,212.0,5.0,4.0,3.0,6,0.2,nao,717000.0
I01405,casa,Vila Nova,76.0,3.0,2.0,1.0,8,1.4,sim,435000.0
I01406,apartamento,Beira-Mar,67.0,2.0,1.0,1.0,1,1.2,nao,813000.0
I01407,apartamento,Vila Nova,127.0,2.0,1.0,1.0,50,5.0,nao,371000.0
I01408,apartamento,Vila Nova,73.0,3.0,3.0,1.0,29,1.7,nao,303000.0
I01409,apartamento,Centro,96.0,3.0,2.0,2.0,27,2.7,nao,553000.0
I01410,casa,Vila Nova,153.0,3.0,2.0,2.0,13,3.2,sim,784000.0
I01411,apartamento,Vila Nova,96.0,3.0,2.0,1.0,20,0.2,nao,454000.0
I01412,apartamento,Industrial,109.0,3.0,2.0,2.0,14,0.8,nao,419000.0
I01413,apartamento,Vila Nova,66.0,1.0,1.0,1.0,20,0.9,nao,244000.0
I01414,apartamento,Vila Nova,70.0,2.0,1.0,1.0,36,3.6,nao,205000.0
I01415,apartamento,Vila Nova,63.0,1.0,1.0,0.0,0,0.5,nao,289000.0
I01416,apartamento,Industrial,45.0,1.0,1.0,0.0,40,1.2,nao,94000.0
I01417,apartamento,Vila Nova,90.0,3.0,3.0,1.0,34,1.4,nao,359000.0
I01418,apartamento,Vila Nova,72.0,1.0,1.0,1.0,47,1.4,nao,245000.0
I01419,apartamento,Jardins,109.0,2.0,1.0,2.0,22,1.7,sim,1459000.0
I01420,apartamento,Industrial,138.0,4.0,4.0,2.0,16,4.5,sim,485000.0
I01421,casa,Vila Nova,116.0,3.0,2.0,1.0,1,1.4,nao,498000.0
I01422,casa,Centro,121.0,3.0,2.0,2.0,0,1.2,nao,863000.0
I01423,apartamento,Centro,56.0,1.0,1.0,1.0,38,3.6,nao,289000.0
I01424,casa,Vila Nova,233.0,6.0,4.0,3.0,9,8.5,nao,876000.0
I01425,apartamento,Vila Nova,43.0,1.0,1.0,1.0,27,0.2,nao,190000.0
I01426,apartamento,Jardins,79.0,2.0,1.0,0.0,23,0.8,nao,635000.0
I01427,casa,Centro,83.0,1.0,1.0,1.0,4,4.1,nao,459000.0
I01428,apartamento,Vila Nova,117.0,3.0,2.0,2.0,11,3.9,nao,453000.0
I01429,apartamento,Centro,90.0,3.0,2.0,1.0,11,0.7,nao,667000.0
I01430,apartamento,Vila Nova,56.0,1.0,1.0,2.0,30,0.1,nao,280000.0
I01431,apartamento,Industrial,131.0,3.0,2.0,1.0,39,6.0,nao,249000.0
I01432,apartamento,Vila Nova,53.0,1.0,1.0,0.0,36,9.2,nao,130000.0
I01433,apartamento,Centro,73.0,1.0,1.0,0.0,9,2.4,nao,442000.0
I01434,apartamento,Vila Nova,32.0,1.0,1.0,-0.0,49,6.8,nao,77000.0
I01435,casa,Centro,174.0,5.0,4.0,3.0,27,1.1,sim,1073000.0
I01436,apartamento,Beira-Mar,62.0,1.0,1.0,2.0,26,4.4,nao,560000.0
I01437,apartamento,Vila Nova,65.0,2.0,2.0,0.0,43,0.8,nao,241000.0
I01438,apartamento,Jardins,50.0,1.0,1.0,2.0,22,1.1,sim,598000.0
I01439,apartamento,Vila Nova,48.0,1.0,1.0,-0.0,42,0.1,nao,185000.0
I01440,casa,Centro,116.0,4.0,3.0,3.0,6,0.2,sim,987000.0
I01441,casa,Jardins,220.0,5.0,3.0,3.0,9,1.1,sim,2277000.0
I01442,apartamento,Jardins,81.0,2.0,1.0,1.0,45,2.2,nao,600000.0
I01443,apartamento,Vila Nova,52.0,1.0,1.0,1.0,50,0.1,nao,181000.0
I01444,apartamento,Vila Nova,32.0,1.0,1.0,-0.0,9,7.4,nao,97000.0
I01445,casa,Centro,278.0,6.0,4.0,3.0,25,2.8,sim,1408000.0
I01446,apartamento,Industrial,29.0,2.0,1.0,0.0,0,2.3,nao,77000.0
I01447,casa,Jardins,208.0,6.0,5.0,3.0,16,4.4,sim,1853000.0
I01448,casa,Industrial,166.0,4.0,3.0,1.0,11,0.8,nao,508000.0
I01449,apartamento,Jardins,65.0,2.0,2.0,0.0,39,6.1,nao,424000.0
I01450,apartamento,Vila Nova,57.0,1.0,1.0,2.0,39,2.1,nao,256000.0
I01451,casa,Vila Nova,183.0,4.0,3.0,3.0,36,3.3,nao,613000.0
I01452,apartamento,Vila Nova,103.0,3.0,2.0,0.0,37,1.4,nao,384000.0
I01453,casa,Jardins,206.0,5.0,4.0,3.0,14,5.6,sim,2008000.0
I01454,apartamento,Vila Nova,103.0,3.0,2.0,2.0,3,2.2,nao,593000.0
I01455,casa,Vila Nova,83.0,1.0,2.0,1.0,32,1.1,nao,361000.0
I01456,apartamento,Beira-Mar,55.0,1.0,1.0,1.0,2,4.0,sim,817000.0
I01457,casa,Vila Nova,112.0,5.0,4.0,1.0,10,0.6,nao,550000.0
I01458,apartamento,Beira-Mar,71.0,1.0,1.0,2.0,43,2.0,nao,663000.0
I01459,apartamento,Industrial,77.0,2.0,2.0,1.0,36,4.6,nao,175000.0
I01460,apartamento,Jardins,102.0,2.0,2.0,2.0,35,1.2,sim,1034000.0
I01461,apartamento,Centro,69.0,2.0,1.0,1.0,10,2.2,nao,416000.0
I01462,casa,Centro,184.0,5.0,3.0,3.0,25,0.5,nao,1012000.0
I01463,casa,Jardins,124.0,3.0,2.0,2.0,31,12.8,nao,465000.0
I01464,casa,Vila Nova,288.0,7.0,5.0,4.0,16,1.5,nao,1157000.0
I01465,casa,Beira-Mar,112.0,3.0,2.0,3.0,48,0.2,nao,1036000.0
I01466,apartamento,Vila Nova,56.0,2.0,1.0,0.0,12,1.9,sim,262000.0
I01467,apartamento,Centro,77.0,2.0,1.0,1.0,34,4.3,nao,374000.0
I01468,apartamento,Vila Nova,105.0,3.0,1.0,0.0,0,0.6,nao,516000.0
I01469,casa,Beira-Mar,107.0,2.0,2.0,1.0,11,1.6,sim,1434000.0
I01470,apartamento,Beira-Mar,63.0,1.0,1.0,1.0,44,0.1,sim,666000.0
I01471,casa,Vila Nova,123.0,2.0,2.0,2.0,39,1.6,nao,490000.0
I01472,casa,Centro,98.0,2.0,1.0,1.0,36,4.3,nao,439000.0
I01473,apartamento,Vila Nova,58.0,1.0,1.0,2.0,12,2.5,nao,248000.0
I01474,casa,Centro,110.0,3.0,3.0,1.0,6,1.3,sim,886000.0
I01475,casa,Vila Nova,223.0,6.0,5.0,3.0,25,1.2,sim,1046000.0
I01476,apartamento,Jardins,74.0,3.0,2.0,1.0,31,,nao,633000.0
I01477,casa,Centro,118.0,4.0,3.0,2.0,35,6.2,nao,480000.0
I01478,apartamento,Centro,135.0,4.0,3.0,3.0,5,3.1,nao,1020000.0
I01479,apartamento,Centro,132.0,4.0,2.0,2.0,36,5.5,nao,739000.0
I01480,apartamento,Industrial,128.0,3.0,3.0,2.0,12,0.1,sim,473000.0
I01481,apartamento,Centro,60.0,2.0,3.0,1.0,25,0.9,nao,402000.0
I01482,casa,Jardins,201.0,5.0,4.0,2.0,46,1.7,sim,1986000.0
I01483,casa,Vila Nova,297.0,7.0,4.0,4.0,28,1.9,sim,1688000.0
I01484,apartamento,Beira-Mar,61.0,2.0,2.0,-0.0,36,0.5,nao,534000.0
I01485,casa,Industrial,130.0,2.0,1.0,2.0,44,1.6,sim,395000.0
I01486,casa,Jardins,120.0,2.0,1.0,2.0,10,3.9,nao,1096000.0
I01487,apartamento,Centro,76.0,2.0,1.0,1.0,47,1.1,sim,351000.0
I01488,casa,Beira-Mar,265.0,5.0,4.0,4.0,19,1.5,sim,3217000.0
I01489,apartamento,Vila Nova,72.0,3.0,1.0,2.0,23,0.7,nao,283000.0
I01490,apartamento,Jardins,58.0,2.0,1.0,1.0,41,0.1,nao,492000.0
I01491,casa,Beira-Mar,135.0,4.0,3.0,2.0,26,0.3,nao,1533000.0
I01492,apartamento,Industrial,106.0,4.0,4.0,,27,0.1,nao,346000.0
I01493,apartamento,Centro,26.0,1.0,1.0,-0.0,46,1.6,nao,102000.0
I01494,casa,Vila Nova,160.0,5.0,4.0,2.0,7,0.8,nao,674000.0
I01495,apartamento,Vila Nova,65.0,2.0,1.0,0.0,12,1.3,nao,291000.0
I01496,apartamento,Vila Nova,56.0,2.0,1.0,1.0,18,3.4,nao,240000.0
I01497,apartamento,Vila Nova,38.0,1.0,1.0,1.0,13,0.9,nao,178000.0
I01498,casa,Industrial,174.0,5.0,4.0,2.0,47,0.5,sim,422000.0
I01499,apartamento,Jardins,63.0,1.0,1.0,2.0,5,2.9,nao,622000.0
I01500,casa,Industrial,164.0,3.0,2.0,2.0,10,1.0,sim,646000.0
I01501,casa,Vila Nova,94.0,1.0,1.0,2.0,6,10.3,nao,258000.0
I01502,apartamento,Industrial,36.0,1.0,1.0,0.0,21,3.9,nao,95000.0
I01503,casa,Beira-Mar,91.0,2.0,1.0,2.0,7,5.3,nao,874000.0
I01504,apartamento,Vila Nova,65.0,2.0,2.0,0.0,14,1.5,nao,266000.0
I01505,casa,Centro,74.0,2.0,1.0,1.0,16,10.2,sim,348000.0
I01506,casa,Vila Nova,147.0,5.0,3.0,2.0,41,1.3,nao,520000.0
I01507,casa,Centro,251.0,7.0,5.0,4.0,35,2.7,nao,1248000.0
I01508,apartamento,Jardins,29.0,1.0,1.0,0.0,39,0.2,nao,194000.0
I01509,apartamento,Jardins,55.0,2.0,1.0,2.0,46,1.8,nao,339000.0
I01510,casa,Industrial,132.0,5.0,4.0,2.0,27,1.4,sim,416000.0
I01511,apartamento,Industrial,65.0,1.0,1.0,0.0,17,0.3,nao,196000.0
I01512,apartamento,Beira-Mar,111.0,4.0,2.0,3.0,2,0.2,sim,2322000.0
I01513,apartamento,Centro,60.0,2.0,1.0,-0.0,41,3.2,nao,268000.0
I01514,casa,Jardins,126.0,3.0,1.0,1.0,34,7.4,nao,766000.0
I01515,apartamento,Centro,62.0,2.0,2.0,1.0,25,4.3,sim,325000.0
I01516,apartamento,Industrial,83.0,1.0,2.0,1.0,27,1.9,nao,211000.0
I01517,casa,Centro,249.0,6.0,5.0,4.0,46,1.2,sim,1608000.0
I01518,casa,Vila Nova,140.0,4.0,3.0,2.0,26,2.0,nao,524000.0
I01519,apartamento,Vila Nova,120.0,3.0,3.0,3.0,28,7.3,nao,365000.0
I01520,casa,Jardins,145.0,4.0,3.0,2.0,17,0.1,sim,1934000.0
I01521,apartamento,Vila Nova,45.0,2.0,2.0,1.0,46,6.8,nao,113000.0
I01522,casa,Jardins,207.0,7.0,5.0,3.0,9,1.0,sim,2284000.0
I01523,casa,Jardins,139.0,3.0,2.0,1.0,39,0.7,sim,1506000.0
I01524,apartamento,Centro,115.0,3.0,1.0,1.0,0,0.9,nao,764000.0
I01525,casa,Vila Nova,187.0,5.0,3.0,1.0,3,2.0,nao,775000.0
I01526,apartamento,Industrial,97.0,3.0,1.0,1.0,26,3.9,nao,287000.0
I01527,apartamento,Jardins,54.0,1.0,1.0,1.0,20,0.8,nao,668000.0
I01528,apartamento,Vila Nova,50.0,1.0,1.0,1.0,1,0.6,nao,262000.0
I01529,casa,Jardins,138.0,3.0,3.0,3.0,18,1.4,sim,1888000.0
I01530,apartamento,Jardins,44.0,2.0,1.0,2.0,34,2.8,sim,404000.0
I01531,casa,Vila Nova,96.0,4.0,3.0,1.0,32,0.8,nao,317000.0
I01532,apartamento,Jardins,54.0,1.0,1.0,1.0,5,5.2,nao,417000.0
I01533,apartamento,Vila Nova,46.0,1.0,1.0,-0.0,18,1.8,nao,218000.0
I01534,casa,Industrial,135.0,2.0,2.0,1.0,44,1.8,nao,315000.0
I01535,apartamento,Jardins,71.0,1.0,1.0,1.0,46,5.0,sim,514000.0
I01536,apartamento,Vila Nova,58.0,2.0,1.0,2.0,14,0.3,sim,302000.0
I01537,apartamento,Centro,45.0,1.0,1.0,1.0,17,3.9,nao,234000.0
I01538,casa,Vila Nova,105.0,2.0,3.0,1.0,4,0.9,nao,507000.0
I01539,casa,Vila Nova,152.0,4.0,3.0,1.0,15,0.7,nao,574000.0
I01540,casa,Industrial,128.0,4.0,3.0,1.0,31,3.9,sim,275000.0
I01541,casa,Vila Nova,145.0,4.0,4.0,2.0,32,,nao,527000.0
I01542,apartamento,Jardins,51.0,2.0,2.0,2.0,36,0.4,nao,474000.0
I01543,apartamento,Beira-Mar,81.0,2.0,1.0,1.0,1,0.4,sim,1192000.0
I01544,casa,Industrial,184.0,4.0,3.0,2.0,5,0.1,sim,882000.0
I01545,apartamento,Vila Nova,44.0,1.0,1.0,0.0,26,2.8,nao,191000.0
I01546,apartamento,Vila Nova,60.0,1.0,1.0,1.0,12,8.0,nao,204000.0
I01547,casa,Vila Nova,78.0,2.0,2.0,1.0,1,0.9,nao,325000.0
I01548,apartamento,Vila Nova,93.0,3.0,2.0,-0.0,14,0.1,sim,492000.0
I01549,apartamento,Vila Nova,152.0,4.0,3.0,2.0,34,1.3,nao,588000.0
I01550,casa,Vila Nova,192.0,6.0,4.0,2.0,32,0.5,nao,546000.0
I01551,apartamento,Jardins,66.0,2.0,1.0,1.0,47,0.1,nao,643000.0
I01552,casa,Centro,148.0,5.0,3.0,2.0,15,2.8,nao,736000.0
I01553,casa,Jardins,171.0,4.0,3.0,3.0,37,0.3,nao,1947000.0
I01554,casa,Jardins,90.0,2.0,1.0,1.0,8,0.3,sim,1013000.0
I01555,casa,Industrial,143.0,3.0,2.0,3.0,18,1.2,nao,536000.0
I01556,apartamento,Industrial,69.0,1.0,1.0,1.0,49,5.4,nao,156000.0
I01557,apartamento,Vila Nova,65.0,3.0,1.0,1.0,27,1.8,nao,288000.0
I01558,casa,Centro,121.0,3.0,2.0,2.0,17,0.6,nao,790000.0
I01559,apartamento,Centro,72.0,1.0,1.0,1.0,2,0.6,nao,527000.0
I01560,casa,Centro,98.0,2.0,1.0,1.0,2,,nao,681000.0
I01561,apartamento,Vila Nova,54.0,3.0,2.0,0.0,9,2.8,nao,188000.0
I01562,apartamento,Vila Nova,77.0,2.0,1.0,2.0,31,0.5,nao,309000.0
I01563,apartamento,Industrial,69.0,2.0,1.0,2.0,10,2.8,nao,177000.0
I01564,apartamento,Centro,70.0,1.0,1.0,2.0,12,2.0,nao,441000.0
I01565,apartamento,Centro,98.0,1.0,1.0,2.0,42,1.5,nao,430000.0
I01566,apartamento,Jardins,67.0,1.0,1.0,0.0,14,3.4,nao,604000.0
I01567,apartamento,Vila Nova,65.0,1.0,1.0,1.0,34,2.9,nao,176000.0
I01568,apartamento,Centro,88.0,2.0,2.0,1.0,26,1.8,nao,477000.0
I01569,apartamento,Industrial,130.0,3.0,2.0,2.0,30,0.7,nao,407000.0
I01570,casa,Vila Nova,119.0,4.0,3.0,1.0,2,4.7,sim,528000.0
I01571,apartamento,Beira-Mar,82.0,2.0,1.0,1.0,1,2.3,nao,836000.0
I01572,apartamento,Industrial,64.0,2.0,2.0,1.0,21,0.5,nao,235000.0
I01573,apartamento,Beira-Mar,50.0,2.0,1.0,0.0,20,0.3,sim,616000.0
I01574,apartamento,Beira-Mar,69.0,3.0,1.0,1.0,37,0.7,sim,727000.0
I01575,apartamento,Vila Nova,87.0,2.0,1.0,1.0,5,10.7,nao,230000.0
I01576,apartamento,Jardins,52.0,2.0,2.0,1.0,33,2.4,nao,411000.0
I01577,apartamento,Centro,103.0,3.0,2.0,1.0,3,1.7,nao,575000.0
I01578,casa,Industrial,122.0,3.0,2.0,2.0,42,,nao,270000.0
I01579,apartamento,Jardins,60.0,1.0,1.0,0.0,3,0.4,nao,512000.0
I01580,apartamento,Vila Nova,91.0,2.0,1.0,2.0,2,4.8,nao,376000.0
I01581,casa,Centro,154.0,4.0,3.0,2.0,50,0.5,nao,685000.0
I01582,apartamento,Centro,54.0,2.0,2.0,1.0,23,1.7,sim,318000.0
I01583,casa,Vila Nova,89.0,3.0,2.0,2.0,22,5.0,sim,321000.0
I01584,casa,Vila Nova,255.0,7.0,5.0,4.0,37,0.7,nao,1001000.0
I01585,apartamento,Industrial,74.0,1.0,1.0,1.0,13,3.9,nao,207000.0
I01586,apartamento,Jardins,135.0,3.0,2.0,2.0,20,0.2,nao,1625000.0
I01587,apartamento,Jardins,59.0,1.0,1.0,1.0,22,2.9,nao,601000.0
I01588,apartamento,Industrial,79.0,2.0,2.0,1.0,11,5.4,nao,235000.0
I01589,apartamento,Beira-Mar,45.0,1.0,1.0,1.0,27,5.3,nao,460000.0
I01590,apartamento,Jardins,49.0,1.0,1.0,1.0,0,1.4,sim,685000.0
I01591,apartamento,Industrial,60.0,3.0,2.0,1.0,43,2.2,nao,140000.0
I01592,casa,Centro,251.0,6.0,3.0,4.0,1,4.3,nao,1596000.0
I01593,apartamento,Vila Nova,76.0,2.0,1.0,1.0,10,0.7,nao,453000.0
I01594,apartamento,Industrial,102.0,2.0,1.0,1.0,8,1.5,nao,336000.0
I01595,apartamento,Centro,142.0,4.0,3.0,3.0,25,0.8,nao,834000.0
I01596,casa,Vila Nova,195.0,4.0,3.0,3.0,46,3.3,sim,745000.0
I01597,casa,Jardins,192.0,5.0,2.0,3.0,30,1.1,sim,2405000.0
I01598,apartamento,Jardins,73.0,1.0,1.0,1.0,29,4.2,sim,690000.0
I01599,casa,Centro,232.0,7.0,5.0,3.0,34,3.6,nao,1125000.0
I01600,casa,Industrial,159.0,6.0,4.0,2.0,15,0.6,nao,584000.0
I01601,apartamento,Centro,104.0,2.0,2.0,1.0,43,4.5,nao,383000.0
I01602,apartamento,Centro,63.0,1.0,1.0,0.0,35,1.1,nao,332000.0
I01603,casa,Centro,179.0,4.0,3.0,2.0,46,5.9,nao,642000.0
I01604,casa,Centro,163.0,3.0,2.0,1.0,25,3.7,sim,796000.0
I01605,casa,Vila Nova,125.0,3.0,2.0,0.0,38,6.4,nao,279000.0
I01606,apartamento,Jardins,43.0,1.0,2.0,-0.0,35,3.9,nao,301000.0
I01607,apartamento,Industrial,78.0,3.0,3.0,2.0,2,0.3,nao,302000.0
I01608,apartamento,Beira-Mar,82.0,1.0,1.0,2.0,13,0.3,nao,1230000.0
I01609,apartamento,Vila Nova,49.0,1.0,1.0,1.0,35,2.4,sim,174000.0
I01610,apartamento,Jardins,74.0,3.0,2.0,1.0,32,1.7,sim,975000.0
I01611,apartamento,Industrial,78.0,2.0,1.0,2.0,8,0.9,nao,290000.0
I01612,casa,Centro,207.0,6.0,5.0,2.0,47,5.0,nao,831000.0
I01613,casa,Industrial,156.0,4.0,3.0,2.0,41,3.0,sim,434000.0
I01614,casa,Jardins,179.0,5.0,3.0,3.0,37,4.3,sim,1222000.0
I01615,casa,Beira-Mar,133.0,4.0,2.0,2.0,41,3.1,nao,1419000.0
I01616,casa,Beira-Mar,126.0,4.0,3.0,1.0,11,0.1,sim,1533000.0
I01617,apartamento,Vila Nova,67.0,2.0,2.0,2.0,17,0.2,nao,375000.0
I01618,casa,Jardins,120.0,3.0,3.0,1.0,41,1.1,sim,1044000.0
I01619,casa,Jardins,129.0,4.0,2.0,1.0,14,4.4,sim,1088000.0
I01620,apartamento,Vila Nova,84.0,2.0,2.0,0.0,10,0.5,nao,418000.0
I01621,apartamento,Industrial,85.0,2.0,2.0,2.0,43,2.9,nao,202000.0
I01622,apartamento,Jardins,82.0,2.0,1.0,1.0,16,3.1,nao,770000.0
I01623,apartamento,Vila Nova,78.0,2.0,2.0,1.0,40,3.3,nao,277000.0
I01624,apartamento,Centro,111.0,4.0,4.0,1.0,12,0.1,nao,761000.0
I01625,apartamento,Centro,111.0,3.0,3.0,1.0,48,1.0,nao,545000.0
I01626,casa,Centro,148.0,3.0,2.0,2.0,48,1.0,nao,641000.0
I01627,apartamento,Industrial,121.0,3.0,2.0,2.0,21,4.8,nao,291000.0
I01628,apartamento,Vila Nova,115.0,4.0,3.0,2.0,13,3.3,nao,564000.0
I01629,apartamento,Beira-Mar,74.0,2.0,2.0,1.0,38,1.1,nao,650000.0
I01630,casa,Beira-Mar,113.0,3.0,2.0,1.0,32,0.7,sim,1457000.0
I01631,apartamento,Centro,62.0,1.0,1.0,1.0,44,,nao,287000.0
I01632,apartamento,Vila Nova,72.0,1.0,1.0,0.0,33,0.9,nao,266000.0
I01633,apartamento,Industrial,63.0,2.0,1.0,1.0,18,2.0,nao,202000.0
I01634,apartamento,Beira-Mar,50.0,1.0,1.0,0.0,0,,nao,725000.0
I01635,apartamento,Beira-Mar,49.0,3.0,3.0,1.0,7,2.8,nao,576000.0
I01636,casa,Vila Nova,121.0,3.0,3.0,2.0,17,2.4,sim,713000.0
I01637,apartamento,Jardins,57.0,2.0,2.0,1.0,18,1.1,nao,457000.0
I01638,apartamento,Jardins,36.0,1.0,1.0,0.0,16,1.9,sim,276000.0
I01639,apartamento,Centro,94.0,2.0,1.0,1.0,43,0.1,nao,408000.0
I01640,casa,Vila Nova,201.0,5.0,4.0,3.0,26,2.0,sim,770000.0
I01641,apartamento,Jardins,86.0,3.0,2.0,1.0,21,1.3,sim,778000.0
I01642,apartamento,Jardins,34.0,1.0,1.0,1.0,6,0.8,nao,344000.0
I01643,casa,Centro,131.0,3.0,4.0,3.0,28,5.1,nao,597000.0
I01644,casa,Industrial,164.0,3.0,2.0,3.0,5,0.6,sim,636000.0
I01645,casa,Centro,217.0,7.0,5.0,3.0,22,3.1,nao,1059000.0
I01646,apartamento,Vila Nova,150.0,4.0,3.0,2.0,6,0.8,nao,787000.0
I01647,apartamento,Jardins,70.0,1.0,1.0,1.0,43,0.1,sim,705000.0
I01648,apartamento,Centro,74.0,2.0,1.0,1.0,15,1.8,nao,427000.0
I01649,casa,Industrial,166.0,5.0,3.0,2.0,22,0.9,nao,476000.0
I01650,apartamento,Jardins,57.0,2.0,2.0,1.0,9,3.0,nao,608000.0
I01651,apartamento,Jardins,54.0,2.0,1.0,1.0,21,5.1,sim,519000.0
I01652,apartamento,Industrial,95.0,1.0,1.0,1.0,6,0.7,nao,311000.0
I01653,casa,Jardins,178.0,4.0,2.0,3.0,41,0.1,nao,1785000.0
I01654,casa,Vila Nova,130.0,4.0,3.0,2.0,28,1.8,nao,482000.0
I01655,casa,Beira-Mar,81.0,3.0,2.0,-0.0,12,1.0,nao,909000.0
I01656,apartamento,Jardins,33.0,1.0,1.0,0.0,12,0.2,sim,320000.0
I01657,casa,Vila Nova,136.0,5.0,4.0,2.0,50,1.8,nao,385000.0
I01658,casa,Jardins,138.0,3.0,2.0,2.0,3,0.7,nao,1298000.0
I01659,apartamento,Centro,64.0,2.0,1.0,1.0,27,1.8,nao,353000.0
I01660,apartamento,Vila Nova,96.0,2.0,1.0,2.0,39,4.2,nao,303000.0
I01661,casa,Jardins,151.0,5.0,4.0,2.0,37,,nao,1151000.0
I01662,apartamento,Centro,35.0,1.0,1.0,0.0,4,7.2,nao,171000.0
I01663,apartamento,Industrial,141.0,3.0,3.0,3.0,49,0.5,sim,479000.0
I01664,apartamento,Vila Nova,29.0,1.0,1.0,1.0,44,8.8,nao,68000.0
I01665,apartamento,Centro,58.0,2.0,1.0,1.0,30,2.7,sim,344000.0
I01666,apartamento,Jardins,49.0,2.0,1.0,0.0,13,1.0,sim,516000.0
I01667,casa,Beira-Mar,166.0,4.0,3.0,2.0,48,4.0,sim,1226000.0
I01668,apartamento,Jardins,45.0,1.0,1.0,2.0,50,7.7,nao,236000.0
I01669,apartamento,Centro,88.0,1.0,1.0,2.0,12,,nao,660000.0
I01670,casa,Industrial,125.0,2.0,2.0,2.0,22,1.0,nao,352000.0
I01671,casa,Vila Nova,180.0,5.0,4.0,2.0,45,0.5,nao,799000.0
I01672,apartamento,Vila Nova,30.0,1.0,1.0,1.0,31,1.2,nao,111000.0
I01673,apartamento,Beira-Mar,65.0,1.0,1.0,1.0,26,5.2,nao,523000.0
I01674,apartamento,Jardins,89.0,1.0,1.0,2.0,15,9.7,nao,790000.0
I01675,apartamento,Vila Nova,47.0,3.0,2.0,2.0,12,1.5,nao,269000.0
I01676,apartamento,Centro,78.0,3.0,2.0,1.0,2,0.6,nao,521000.0
I01677,casa,Jardins,154.0,4.0,3.0,3.0,30,3.5,sim,1374000.0
I01678,apartamento,Centro,76.0,2.0,2.0,1.0,42,2.8,nao,270000.0
I01679,apartamento,Centro,62.0,2.0,1.0,-0.0,43,0.3,nao,324000.0
I01680,apartamento,Industrial,90.0,2.0,1.0,2.0,15,0.8,nao,288000.0
I01681,apartamento,Jardins,79.0,2.0,2.0,1.0,30,0.7,nao,700000.0
I01682,apartamento,Centro,77.0,1.0,1.0,2.0,28,2.6,nao,376000.0
I01683,apartamento,Industrial,57.0,1.0,2.0,0.0,16,4.1,nao,166000.0
I01684,apartamento,Vila Nova,50.0,1.0,2.0,0.0,39,1.2,nao,157000.0
I01685,apartamento,Centro,83.0,2.0,2.0,2.0,20,1.9,nao,542000.0
I01686,apartamento,Jardins,55.0,2.0,1.0,1.0,4,0.1,sim,690000.0
I01687,apartamento,Centro,116.0,3.0,2.0,3.0,31,0.1,sim,1025000.0
I01688,casa,Jardins,286.0,7.0,5.0,4.0,7,0.7,nao,3753000.0
I01689,casa,Jardins,109.0,3.0,2.0,3.0,0,0.3,sim,1490000.0
I01690,apartamento,Industrial,52.0,2.0,2.0,2.0,18,1.0,nao,168000.0
I01691,casa,Vila Nova,163.0,5.0,3.0,3.0,29,1.1,nao,600000.0
I01692,apartamento,Vila Nova,78.0,1.0,1.0,1.0,24,1.3,nao,266000.0
I01693,casa,Industrial,138.0,3.0,2.0,2.0,25,1.2,sim,375000.0
I01694,casa,Centro,171.0,4.0,3.0,3.0,47,2.6,sim,911000.0
I01695,casa,Vila Nova,179.0,4.0,2.0,3.0,13,0.1,sim,1111000.0
I01696,casa,Vila Nova,107.0,3.0,3.0,1.0,17,0.4,sim,584000.0
I01697,apartamento,Vila Nova,52.0,2.0,1.0,0.0,39,0.5,nao,183000.0
I01698,apartamento,Centro,36.0,1.0,1.0,0.0,40,1.2,nao,172000.0
I01699,apartamento,Jardins,39.0,1.0,1.0,0.0,39,0.6,nao,286000.0
I01700,apartamento,Centro,50.0,1.0,1.0,0.0,14,5.1,nao,233000.0
I01701,casa,Jardins,125.0,2.0,1.0,2.0,7,4.9,nao,1162000.0
I01702,apartamento,Vila Nova,93.0,3.0,2.0,2.0,27,1.0,nao,375000.0
I01703,apartamento,Industrial,87.0,2.0,2.0,1.0,2,0.9,nao,315000.0
I01704,apartamento,Vila Nova,82.0,2.0,2.0,1.0,18,3.9,nao,320000.0
I01705,apartamento,Industrial,65.0,2.0,2.0,1.0,23,1.4,nao,190000.0
I01706,casa,Industrial,306.0,7.0,5.0,4.0,44,1.7,nao,794000.0
I01707,apartamento,Jardins,46.0,1.0,1.0,2.0,42,2.4,nao,413000.0
I01708,apartamento,Vila Nova,64.0,3.0,2.0,1.0,21,1.3,nao,292000.0
I01709,apartamento,Beira-Mar,79.0,2.0,1.0,0.0,23,0.2,nao,889000.0
I01710,casa,Centro,96.0,2.0,2.0,3.0,28,0.9,nao,625000.0
I01711,casa,Vila Nova,126.0,2.0,3.0,2.0,17,0.4,nao,541000.0
I01712,apartamento,Beira-Mar,42.0,2.0,1.0,0.0,43,6.9,nao,308000.0
I01713,casa,Vila Nova,124.0,3.0,2.0,2.0,0,0.4,sim,813000.0
I01714,apartamento,Jardins,117.0,3.0,3.0,2.0,46,7.9,nao,633000.0
I01715,apartamento,Vila Nova,74.0,3.0,2.0,1.0,15,0.7,nao,346000.0
I01716,apartamento,Centro,138.0,3.0,2.0,2.0,32,0.1,nao,828000.0
I01717,casa,Centro,230.0,6.0,4.0,2.0,24,0.1,nao,1517000.0
I01718,apartamento,Centro,42.0,1.0,1.0,,19,1.8,nao,244000.0
I01719,apartamento,Jardins,47.0,1.0,1.0,1.0,13,2.1,nao,401000.0
I01720,apartamento,Vila Nova,116.0,4.0,3.0,1.0,48,2.1,sim,409000.0
I01721,apartamento,Industrial,68.0,2.0,1.0,1.0,45,,nao,195000.0
I01722,apartamento,Industrial,42.0,1.0,2.0,1.0,45,0.6,nao,101000.0
I01723,apartamento,Jardins,98.0,4.0,3.0,2.0,40,0.1,nao,989000.0
I01724,apartamento,Industrial,120.0,2.0,1.0,1.0,17,1.0,nao,457000.0
I01725,casa,Centro,236.0,5.0,3.0,3.0,10,2.7,nao,1493000.0
I01726,apartamento,Centro,83.0,2.0,1.0,1.0,28,1.2,nao,552000.0
I01727,apartamento,Vila Nova,106.0,3.0,2.0,0.0,39,0.9,nao,324000.0
I01728,casa,Jardins,168.0,4.0,3.0,2.0,14,2.8,nao,1559000.0
I01729,apartamento,Vila Nova,50.0,1.0,1.0,1.0,33,0.3,nao,213000.0
I01730,casa,Centro,207.0,6.0,4.0,2.0,18,0.6,nao,1212000.0
I01731,apartamento,Vila Nova,65.0,2.0,1.0,-0.0,33,0.6,nao,231000.0
I01732,apartamento,Jardins,134.0,3.0,1.0,2.0,31,1.2,sim,1481000.0
I01733,apartamento,Jardins,62.0,3.0,2.0,-0.0,6,,sim,565000.0
I01734,apartamento,Industrial,65.0,1.0,1.0,3.0,22,,nao,228000.0
I01735,apartamento,Industrial,48.0,1.0,1.0,0.0,47,5.4,nao,121000.0
I01736,apartamento,Jardins,90.0,1.0,1.0,1.0,13,0.3,nao,929000.0
I01737,apartamento,Jardins,136.0,4.0,2.0,1.0,39,0.3,nao,982000.0
I01738,casa,Beira-Mar,185.0,6.0,5.0,3.0,27,0.1,sim,2208000.0
I01739,apartamento,Beira-Mar,72.0,3.0,3.0,1.0,40,2.9,nao,619000.0
I01740,apartamento,Centro,60.0,1.0,1.0,1.0,13,1.8,nao,315000.0
I01741,casa,Jardins,111.0,3.0,2.0,1.0,5,0.6,sim,1297000.0
I01742,apartamento,Vila Nova,108.0,3.0,3.0,2.0,35,3.9,nao,456000.0
I01743,apartamento,Vila Nova,56.0,2.0,2.0,1.0,7,0.1,nao,345000.0
I01744,apartamento,Centro,34.0,1.0,1.0,0.0,39,2.0,nao,157000.0
I01745,casa,Vila Nova,401.0,7.0,5.0,5.0,10,1.1,sim,2630000.0
I01746,apartamento,Vila Nova,78.0,3.0,2.0,-0.0,24,1.2,nao,343000.0
I01747,apartamento,Beira-Mar,61.0,2.0,2.0,0.0,17,1.2,nao,918000.0
I01748,apartamento,Vila Nova,55.0,2.0,2.0,2.0,20,6.0,nao,202000.0
I01749,apartamento,Centro,85.0,2.0,1.0,0.0,25,8.8,nao,285000.0
I01750,apartamento,Centro,47.0,1.0,1.0,1.0,34,3.8,nao,213000.0
I01751,apartamento,Vila Nova,56.0,1.0,1.0,0.0,8,0.5,nao,235000.0
I01752,apartamento,Jardins,82.0,3.0,3.0,0.0,20,1.4,sim,848000.0
I01753,casa,Vila Nova,103.0,3.0,2.0,1.0,2,2.8,nao,477000.0
I01754,casa,Centro,93.0,3.0,2.0,2.0,50,0.4,nao,437000.0
I01755,casa,Jardins,117.0,3.0,2.0,2.0,45,1.4,nao,787000.0
I01756,casa,Centro,127.0,2.0,2.0,2.0,42,2.1,sim,616000.0
I01757,apartamento,Vila Nova,64.0,2.0,1.0,1.0,49,0.2,nao,249000.0
I01758,apartamento,Centro,64.0,1.0,1.0,1.0,26,0.7,nao,356000.0
I01759,casa,Jardins,155.0,3.0,2.0,2.0,7,1.5,sim,2405000.0
I01760,apartamento,Industrial,55.0,2.0,1.0,1.0,25,1.8,nao,138000.0
I01761,apartamento,Beira-Mar,78.0,2.0,1.0,2.0,26,10.5,sim,554000.0
I01762,casa,Vila Nova,114.0,2.0,1.0,1.0,26,0.1,nao,408000.0
I01763,apartamento,Vila Nova,67.0,1.0,1.0,1.0,9,3.9,nao,321000.0
I01764,apartamento,Centro,56.0,2.0,2.0,1.0,26,0.4,nao,325000.0
I01765,apartamento,Beira-Mar,37.0,1.0,1.0,1.0,29,0.2,nao,388000.0
I01766,apartamento,Jardins,78.0,3.0,1.0,2.0,5,6.7,nao,841000.0
I01767,apartamento,Centro,102.0,3.0,2.0,1.0,16,2.0,nao,451000.0
I01768,apartamento,Jardins,77.0,3.0,3.0,1.0,20,13.9,sim,452000.0
I01769,apartamento,Centro,45.0,2.0,1.0,1.0,48,1.7,nao,199000.0
I01770,apartamento,Beira-Mar,44.0,1.0,1.0,0.0,12,0.8,sim,761000.0
I01771,apartamento,Centro,94.0,2.0,2.0,1.0,39,1.8,nao,441000.0
I01772,apartamento,Vila Nova,81.0,2.0,1.0,2.0,20,14.2,nao,178000.0
I01773,casa,Vila Nova,148.0,3.0,2.0,1.0,17,2.9,nao,603000.0
I01774,apartamento,Centro,94.0,3.0,3.0,1.0,15,2.5,nao,579000.0
I01775,casa,Vila Nova,177.0,5.0,3.0,2.0,20,1.6,nao,790000.0
I01776,casa,Jardins,146.0,3.0,1.0,2.0,46,0.2,sim,1208000.0
I01777,apartamento,Beira-Mar,114.0,2.0,2.0,2.0,45,2.1,nao,969000.0
I01778,casa,Industrial,256.0,7.0,4.0,3.0,7,0.8,nao,815000.0
I01779,apartamento,Centro,110.0,5.0,2.0,1.0,24,2.7,nao,619000.0
I01780,casa,Jardins,183.0,5.0,3.0,3.0,43,,sim,1614000.0
I01781,apartamento,Vila Nova,73.0,1.0,1.0,0.0,8,0.7,nao,347000.0
I01782,casa,Industrial,142.0,4.0,2.0,2.0,26,1.1,nao,542000.0
I01783,apartamento,Industrial,91.0,3.0,1.0,1.0,20,0.6,nao,343000.0
I01784,casa,Industrial,115.0,3.0,2.0,2.0,37,0.1,nao,310000.0
I01785,apartamento,Industrial,69.0,3.0,3.0,2.0,48,9.7,nao,107000.0
I01786,apartamento,Centro,57.0,1.0,1.0,1.0,43,1.1,nao,328000.0
I01787,apartamento,Beira-Mar,68.0,2.0,2.0,1.0,38,2.1,nao,685000.0
I01788,apartamento,Centro,53.0,1.0,2.0,1.0,15,2.1,nao,333000.0
I01789,apartamento,Vila Nova,65.0,2.0,2.0,1.0,7,2.8,nao,312000.0
I01790,apartamento,Vila Nova,61.0,1.0,1.0,2.0,8,1.7,nao,268000.0
I01791,apartamento,Vila Nova,102.0,2.0,1.0,3.0,37,0.3,nao,498000.0
I01792,apartamento,Centro,105.0,4.0,2.0,3.0,45,2.6,nao,502000.0
I01793,apartamento,Beira-Mar,86.0,4.0,3.0,2.0,26,,nao,837000.0
I01794,apartamento,Centro,42.0,2.0,2.0,-0.0,12,1.3,nao,276000.0
I01795,casa,Industrial,173.0,4.0,2.0,3.0,48,6.7,nao,358000.0
I01796,apartamento,Vila Nova,95.0,2.0,1.0,1.0,12,0.9,nao,346000.0
I01797,apartamento,Jardins,62.0,2.0,1.0,1.0,5,,nao,785000.0
I01798,apartamento,Centro,92.0,2.0,2.0,2.0,23,0.1,nao,688000.0
I01799,apartamento,Industrial,97.0,2.0,2.0,2.0,26,2.7,nao,251000.0
I01800,apartamento,Beira-Mar,40.0,1.0,1.0,1.0,6,3.9,nao,418000.0
I01801,apartamento,Vila Nova,98.0,2.0,2.0,3.0,46,1.5,sim,430000.0
I01802,apartamento,Beira-Mar,65.0,1.0,1.0,1.0,17,0.9,nao,730000.0
I01803,apartamento,Industrial,43.0,3.0,2.0,2.0,12,0.6,sim,146000.0
I01804,apartamento,Vila Nova,74.0,2.0,1.0,1.0,27,0.1,nao,288000.0
I01805,apartamento,Industrial,61.0,2.0,1.0,1.0,6,1.4,nao,222000.0
I01806,apartamento,Centro,94.0,2.0,1.0,3.0,43,0.7,nao,475000.0
I01807,apartamento,Beira-Mar,87.0,2.0,1.0,1.0,14,2.3,sim,1085000.0
I01808,apartamento,Vila Nova,85.0,2.0,1.0,0.0,3,1.2,nao,415000.0
I01809,casa,Industrial,107.0,2.0,1.0,1.0,30,1.6,nao,278000.0
I01810,apartamento,Industrial,61.0,1.0,1.0,1.0,46,3.2,nao,127000.0
I01811,casa,Industrial,126.0,4.0,3.0,2.0,19,1.3,sim,392000.0
I01812,casa,Vila Nova,176.0,5.0,4.0,3.0,24,0.7,sim,774000.0
I01813,apartamento,Vila Nova,113.0,3.0,2.0,1.0,34,2.3,nao,429000.0
I01814,apartamento,Vila Nova,85.0,1.0,1.0,1.0,42,0.2,nao,286000.0
I01815,apartamento,Jardins,52.0,2.0,1.0,0.0,5,2.0,sim,718000.0
I01816,apartamento,Beira-Mar,60.0,1.0,1.0,1.0,44,0.3,nao,554000.0
I01817,casa,Centro,162.0,4.0,3.0,,45,0.1,nao,837000.0
I01818,casa,Jardins,210.0,5.0,4.0,3.0,26,1.1,nao,1842000.0
I01819,apartamento,Vila Nova,67.0,2.0,2.0,0.0,27,0.7,nao,284000.0
I01820,casa,Industrial,177.0,5.0,4.0,2.0,44,2.1,nao,322000.0
I01821,casa,Centro,81.0,2.0,1.0,1.0,13,0.7,nao,516000.0
I01822,apartamento,Centro,58.0,2.0,1.0,1.0,7,0.8,nao,386000.0
I01823,apartamento,Industrial,90.0,2.0,2.0,1.0,0,1.5,nao,435000.0
I01824,apartamento,Vila Nova,30.0,1.0,1.0,-0.0,44,7.5,nao,71000.0
I01825,apartamento,Jardins,102.0,2.0,1.0,2.0,11,6.5,nao,776000.0
I01826,apartamento,Centro,80.0,2.0,2.0,2.0,43,2.8,sim,487000.0
I01827,apartamento,Vila Nova,72.0,2.0,1.0,1.0,25,0.6,nao,316000.0
I01828,apartamento,Vila Nova,34.0,1.0,1.0,-0.0,28,6.9,nao,82000.0
I01829,casa,Centro,195.0,4.0,3.0,3.0,7,0.2,nao,1752000.0
I01830,apartamento,Vila Nova,139.0,4.0,3.0,2.0,32,1.0,nao,504000.0
I01831,apartamento,Industrial,64.0,2.0,1.0,2.0,40,0.3,nao,173000.0
I01832,apartamento,Vila Nova,59.0,2.0,1.0,1.0,37,5.2,nao,188000.0
I01833,apartamento,Centro,63.0,1.0,1.0,0.0,39,0.2,nao,322000.0
I01834,apartamento,Beira-Mar,91.0,3.0,2.0,1.0,50,1.3,nao,857000.0
I01835,apartamento,Centro,100.0,3.0,2.0,1.0,12,2.0,nao,530000.0
I01836,apartamento,Centro,86.0,3.0,3.0,1.0,21,1.5,nao,499000.0
I01837,apartamento,Beira-Mar,64.0,1.0,1.0,1.0,3,2.4,nao,700000.0
I01838,casa,Industrial,205.0,5.0,3.0,4.0,23,1.3,nao,718000.0
I01839,casa,Jardins,94.0,2.0,2.0,1.0,34,1.4,sim,908000.0
I01840,apartamento,Vila Nova,106.0,2.0,2.0,2.0,16,0.5,nao,504000.0
I01841,apartamento,Vila Nova,111.0,3.0,2.0,0.0,40,2.3,nao,351000.0
I01842,apartamento,Beira-Mar,61.0,2.0,1.0,1.0,9,1.7,nao,687000.0
I01843,casa,Centro,259.0,6.0,4.0,4.0,40,,nao,1268000.0
I01844,casa,Centro,199.0,6.0,4.0,4.0,14,0.7,sim,1726000.0
I01845,casa,Beira-Mar,140.0,3.0,2.0,2.0,14,9.4,nao,959000.0
I01846,casa,Industrial,124.0,3.0,2.0,1.0,34,3.8,nao,269000.0
I01847,apartamento,Industrial,92.0,2.0,2.0,2.0,28,5.5,nao,242000.0
I01848,casa,Industrial,112.0,3.0,2.0,2.0,2,0.5,sim,370000.0
I01849,casa,Industrial,233.0,6.0,5.0,3.0,31,1.7,nao,666000.0
I01850,casa,Centro,115.0,2.0,2.0,1.0,36,1.3,nao,489000.0
I01851,apartamento,Centro,166.0,5.0,4.0,1.0,27,8.5,nao,690000.0
I01852,casa,Centro,155.0,4.0,2.0,2.0,48,1.5,nao,707000.0
I01853,apartamento,Vila Nova,44.0,1.0,1.0,1.0,6,1.4,nao,193000.0
I01854,apartamento,Vila Nova,111.0,4.0,4.0,2.0,12,4.0,sim,551000.0
I01855,apartamento,Industrial,61.0,2.0,2.0,1.0,42,1.0,nao,163000.0
I01856,apartamento,Centro,36.0,1.0,1.0,1.0,13,0.6,nao,206000.0
I01857,casa,Centro,272.0,7.0,6.0,3.0,16,0.4,sim,2095000.0
I01858,apartamento,Centro,183.0,4.0,3.0,2.0,45,0.1,nao,916000.0
I01859,apartamento,Centro,84.0,3.0,3.0,3.0,12,,nao,560000.0
I01860,apartamento,Jardins,88.0,2.0,1.0,2.0,48,3.1,nao,478000.0
I01861,apartamento,Jardins,82.0,3.0,1.0,2.0,32,1.2,nao,792000.0
I01862,apartamento,Centro,87.0,3.0,3.0,1.0,38,5.2,nao,315000.0
I01863,apartamento,Vila Nova,63.0,1.0,1.0,2.0,20,0.7,sim,316000.0
I01864,casa,Jardins,140.0,4.0,2.0,3.0,11,1.5,sim,1938000.0
I01865,apartamento,Centro,66.0,1.0,1.0,2.0,29,1.5,nao,325000.0
I01866,apartamento,Jardins,70.0,2.0,1.0,1.0,25,3.8,nao,577000.0
I01867,apartamento,Industrial,46.0,1.0,1.0,0.0,44,0.9,nao,94000.0
I01868,apartamento,Industrial,98.0,2.0,2.0,1.0,42,0.5,nao,297000.0
I01869,apartamento,Centro,73.0,1.0,1.0,1.0,9,0.5,nao,523000.0
I01870,apartamento,Centro,90.0,2.0,1.0,-0.0,30,2.6,nao,600000.0
I01871,apartamento,Vila Nova,84.0,1.0,1.0,1.0,4,0.9,nao,425000.0
I01872,casa,Industrial,63.0,3.0,3.0,1.0,11,7.3,nao,155000.0
I01873,apartamento,Vila Nova,82.0,2.0,1.0,2.0,2,1.5,nao,421000.0
I01874,apartamento,Vila Nova,94.0,3.0,2.0,0.0,1,0.9,nao,560000.0
I01875,apartamento,Vila Nova,52.0,1.0,1.0,0.0,19,2.2,nao,204000.0
I01876,apartamento,Vila Nova,70.0,2.0,1.0,1.0,20,0.1,nao,376000.0
I01877,casa,Industrial,125.0,2.0,2.0,2.0,5,0.2,nao,355000.0
I01878,casa,Vila Nova,161.0,5.0,4.0,,40,0.4,nao,602000.0
I01879,casa,Centro,133.0,3.0,1.0,2.0,23,,nao,768000.0
I01880,casa,Industrial,76.0,3.0,2.0,1.0,1,3.2,nao,242000.0
I01881,casa,Jardins,100.0,2.0,1.0,2.0,40,0.2,sim,1068000.0
I01882,apartamento,Centro,87.0,3.0,2.0,2.0,18,2.5,nao,673000.0
I01883,apartamento,Vila Nova,82.0,1.0,1.0,1.0,0,0.8,nao,366000.0
I01884,apartamento,Industrial,162.0,5.0,3.0,2.0,40,0.1,nao,534000.0
I01885,casa,Vila Nova,142.0,3.0,2.0,2.0,48,15.2,nao,223000.0
I01886,apartamento,Centro,39.0,1.0,1.0,2.0,36,1.6,nao,252000.0
I01887,apartamento,Vila Nova,117.0,4.0,2.0,2.0,31,0.8,nao,505000.0
I01888,apartamento,Beira-Mar,101.0,3.0,2.0,2.0,0,7.2,nao,1263000.0
I01889,apartamento,Vila Nova,54.0,1.0,1.0,0.0,38,2.0,nao,166000.0
I01890,apartamento,Centro,94.0,2.0,2.0,,33,0.7,nao,626000.0
I01891,apartamento,Industrial,78.0,2.0,1.0,0.0,5,0.3,nao,224000.0
I01892,apartamento,Centro,52.0,2.0,1.0,0.0,1,6.8,sim,248000.0
I01893,apartamento,Centro,78.0,3.0,2.0,2.0,27,0.3,nao,432000.0
I01894,apartamento,Vila Nova,58.0,1.0,1.0,1.0,41,0.1,nao,216000.0
I01895,apartamento,Jardins,42.0,1.0,1.0,1.0,4,1.7,sim,482000.0
I01896,apartamento,Industrial,66.0,2.0,1.0,2.0,0,0.1,nao,278000.0
I01897,apartamento,Beira-Mar,89.0,2.0,1.0,2.0,15,0.1,nao,1217000.0
I01898,apartamento,Vila Nova,69.0,3.0,2.0,1.0,3,4.9,nao,277000.0
I01899,apartamento,Vila Nova,56.0,1.0,1.0,0.0,49,0.6,sim,209000.0
I01900,apartamento,Beira-Mar,85.0,3.0,3.0,1.0,22,2.0,nao,878000.0
I01901,apartamento,Beira-Mar,66.0,2.0,1.0,1.0,8,1.5,sim,968000.0
I01902,apartamento,Vila Nova,52.0,1.0,1.0,1.0,4,3.2,nao,206000.0
I01903,casa,Vila Nova,153.0,5.0,3.0,3.0,39,1.9,sim,670000.0
I01904,apartamento,Industrial,65.0,1.0,1.0,0.0,38,5.8,nao,103000.0
I01905,apartamento,Centro,134.0,3.0,2.0,2.0,30,2.5,nao,902000.0
I01906,casa,Centro,193.0,5.0,4.0,3.0,38,0.3,nao,958000.0
I01907,casa,Jardins,188.0,4.0,3.0,2.0,28,,nao,1506000.0
I01908,casa,Jardins,76.0,2.0,1.0,2.0,0,0.3,sim,1154000.0
I01909,apartamento,Centro,91.0,2.0,2.0,2.0,4,3.9,nao,545000.0
I01910,apartamento,Vila Nova,97.0,2.0,1.0,2.0,24,11.3,nao,308000.0
I01911,casa,Jardins,80.0,2.0,1.0,1.0,1,3.6,sim,811000.0
I01912,casa,Centro,105.0,2.0,1.0,1.0,12,1.4,nao,509000.0
I01913,apartamento,Industrial,54.0,1.0,1.0,1.0,43,0.9,nao,131000.0
I01914,apartamento,Vila Nova,102.0,3.0,3.0,1.0,31,1.8,nao,295000.0
I01915,apartamento,Jardins,107.0,3.0,2.0,1.0,7,1.2,nao,1192000.0
I01916,apartamento,Industrial,54.0,1.0,2.0,1.0,5,1.8,nao,198000.0
I01917,apartamento,Vila Nova,47.0,1.0,1.0,,38,0.2,nao,196000.0
I01918,apartamento,Jardins,33.0,1.0,1.0,0.0,45,1.3,nao,213000.0
I01919,casa,Beira-Mar,79.0,2.0,2.0,3.0,29,5.3,sim,802000.0
I01920,apartamento,Industrial,55.0,2.0,1.0,0.0,31,3.3,nao,109000.0
I01921,apartamento,Beira-Mar,56.0,2.0,1.0,2.0,20,1.0,nao,723000.0
I01922,casa,Industrial,140.0,4.0,3.0,2.0,50,4.0,nao,294000.0
I01923,apartamento,Industrial,86.0,2.0,1.0,1.0,45,2.2,sim,205000.0
I01924,apartamento,Industrial,76.0,2.0,2.0,2.0,6,4.4,nao,213000.0
I01925,apartamento,Beira-Mar,55.0,1.0,1.0,1.0,46,1.3,sim,482000.0
I01926,casa,Vila Nova,135.0,3.0,3.0,2.0,3,1.1,nao,789000.0
I01927,apartamento,Jardins,52.0,1.0,1.0,0.0,8,2.4,nao,438000.0
I01928,apartamento,Vila Nova,60.0,1.0,2.0,0.0,10,1.0,nao,306000.0
I01929,apartamento,Vila Nova,64.0,1.0,1.0,1.0,0,1.6,nao,310000.0
I01930,apartamento,Vila Nova,91.0,3.0,2.0,1.0,49,3.4,nao,227000.0
I01931,apartamento,Beira-Mar,96.0,3.0,2.0,0.0,29,0.1,nao,910000.0
I01932,casa,Beira-Mar,105.0,3.0,2.0,1.0,33,1.8,nao,922000.0
I01933,casa,Centro,141.0,4.0,3.0,3.0,31,5.0,nao,621000.0
I01934,casa,Vila Nova,180.0,3.0,2.0,3.0,1,7.3,nao,752000.0
I01935,apartamento,Industrial,67.0,1.0,1.0,1.0,28,3.4,nao,160000.0
I01936,apartamento,Industrial,62.0,3.0,1.0,1.0,44,1.0,nao,154000.0
I01937,apartamento,Centro,100.0,4.0,2.0,2.0,12,3.7,nao,585000.0
I01938,apartamento,Industrial,88.0,2.0,1.0,2.0,30,1.2,nao,251000.0
I01939,casa,Industrial,138.0,3.0,2.0,2.0,22,3.1,nao,342000.0
I01940,apartamento,Jardins,51.0,1.0,1.0,1.0,9,0.7,nao,520000.0
I01941,casa,Industrial,80.0,2.0,1.0,2.0,16,0.8,nao,292000.0
I01942,apartamento,Jardins,75.0,2.0,2.0,1.0,19,0.5,nao,734000.0
I01943,casa,Beira-Mar,173.0,5.0,3.0,3.0,50,0.4,sim,1894000.0
I01944,casa,Centro,97.0,2.0,2.0,-0.0,37,1.4,nao,467000.0
I01945,apartamento,Centro,99.0,2.0,1.0,1.0,7,0.7,nao,603000.0
I01946,apartamento,Jardins,62.0,1.0,1.0,-0.0,30,3.2,nao,400000.0
I01947,apartamento,Centro,38.0,1.0,1.0,1.0,44,1.3,nao,154000.0
I01948,apartamento,Vila Nova,83.0,2.0,2.0,1.0,8,0.7,nao,367000.0
I01949,apartamento,Jardins,68.0,2.0,1.0,1.0,17,4.4,sim,684000.0
I01950,casa,Jardins,133.0,4.0,3.0,2.0,2,1.5,sim,1267000.0
I01951,apartamento,Vila Nova,94.0,3.0,3.0,1.0,23,0.5,nao,431000.0
I01952,apartamento,Vila Nova,119.0,4.0,3.0,1.0,12,0.6,nao,507000.0
I01953,apartamento,Centro,86.0,2.0,1.0,2.0,19,1.8,nao,579000.0
I01954,apartamento,Centro,61.0,1.0,1.0,1.0,33,0.3,nao,322000.0
I01955,casa,Jardins,76.0,2.0,1.0,1.0,14,1.9,nao,713000.0
I01956,apartamento,Jardins,87.0,2.0,2.0,1.0,11,4.3,nao,822000.0
I01957,apartamento,Industrial,71.0,2.0,2.0,1.0,18,6.3,nao,154000.0
I01958,casa,Beira-Mar,107.0,3.0,2.0,,14,0.4,sim,1291000.0
I01959,casa,Jardins,117.0,3.0,3.0,1.0,39,0.3,nao,843000.0
I01960,apartamento,Industrial,118.0,3.0,2.0,1.0,40,2.6,nao,273000.0
I01961,apartamento,Industrial,98.0,3.0,1.0,2.0,10,5.6,nao,269000.0
I01962,casa,Industrial,208.0,7.0,5.0,3.0,49,0.5,nao,550000.0
I01963,apartamento,Beira-Mar,101.0,3.0,2.0,1.0,31,3.9,nao,1186000.0
I01964,apartamento,Beira-Mar,77.0,2.0,1.0,1.0,4,9.0,nao,772000.0
I01965,casa,Vila Nova,97.0,4.0,3.0,3.0,9,0.7,sim,460000.0
I01966,casa,Jardins,145.0,4.0,3.0,3.0,40,0.1,nao,1113000.0
I01967,casa,Vila Nova,176.0,6.0,4.0,4.0,36,3.7,nao,682000.0
I01968,apartamento,Beira-Mar,67.0,1.0,1.0,0.0,27,1.7,sim,653000.0
I01969,apartamento,Jardins,77.0,1.0,1.0,1.0,24,1.1,nao,656000.0
I01970,apartamento,Jardins,85.0,3.0,2.0,1.0,24,0.9,nao,693000.0
I01971,apartamento,Centro,98.0,1.0,1.0,1.0,7,3.3,nao,578000.0
I01972,apartamento,Beira-Mar,97.0,4.0,3.0,2.0,12,1.0,sim,1193000.0
I01973,apartamento,Vila Nova,62.0,2.0,1.0,1.0,38,3.2,nao,237000.0
I01974,apartamento,Vila Nova,44.0,1.0,1.0,0.0,50,0.3,nao,154000.0
I01975,apartamento,Jardins,120.0,4.0,3.0,1.0,19,2.2,sim,1010000.0
I01976,apartamento,Vila Nova,78.0,2.0,1.0,1.0,11,0.5,nao,404000.0
I01977,apartamento,Centro,63.0,1.0,1.0,1.0,36,1.1,nao,356000.0
I01978,apartamento,Centro,37.0,1.0,1.0,1.0,50,1.4,nao,176000.0
I01979,casa,Jardins,180.0,5.0,4.0,3.0,15,0.1,nao,1994000.0
I01980,apartamento,Centro,83.0,3.0,2.0,2.0,36,0.9,nao,475000.0
I01981,apartamento,Centro,64.0,2.0,1.0,1.0,26,0.2,nao,406000.0
I01982,apartamento,Centro,80.0,1.0,1.0,2.0,43,5.5,nao,297000.0
I01983,apartamento,Industrial,115.0,3.0,3.0,1.0,26,5.8,sim,277000.0
I01984,apartamento,Centro,45.0,2.0,2.0,1.0,17,0.4,nao,346000.0
I01985,apartamento,Beira-Mar,104.0,4.0,2.0,2.0,0,1.1,nao,1464000.0
I01986,casa,Vila Nova,101.0,3.0,2.0,3.0,23,4.3,sim,440000.0
I01987,apartamento,Centro,46.0,1.0,1.0,2.0,34,0.1,nao,339000.0
I01988,apartamento,Jardins,64.0,1.0,1.0,0.0,42,1.3,nao,511000.0
I01989,apartamento,Vila Nova,113.0,3.0,2.0,2.0,20,1.4,nao,668000.0
I01990,apartamento,Centro,53.0,2.0,2.0,1.0,46,0.6,nao,254000.0
I01991,casa,Centro,133.0,5.0,3.0,2.0,41,1.9,nao,609000.0
I01992,apartamento,Centro,42.0,1.0,1.0,0.0,16,4.1,nao,208000.0
I01993,casa,Beira-Mar,168.0,5.0,3.0,2.0,38,1.0,nao,1687000.0
I01994,apartamento,Centro,52.0,1.0,1.0,1.0,20,4.4,nao,301000.0
I01995,casa,Vila Nova,119.0,4.0,4.0,1.0,30,1.2,nao,462000.0
I01996,apartamento,Jardins,96.0,2.0,1.0,2.0,3,2.3,sim,1292000.0
I01997,casa,Vila Nova,110.0,3.0,2.0,2.0,45,1.5,nao,329000.0
I01998,casa,Centro,162.0,4.0,3.0,3.0,37,0.8,nao,882000.0
I01999,apartamento,Vila Nova,78.0,3.0,2.0,1.0,35,1.0,nao,337000.0
I02000,casa,Industrial,152.0,5.0,4.0,2.0,38,2.2,nao,361000.0
I02001,apartamento,Beira-Mar,49.0,1.0,1.0,1.0,2,1.6,sim,594000.0
I02002,apartamento,Vila Nova,75.0,2.0,1.0,2.0,37,3.9,nao,302000.0
I02003,apartamento,Centro,66.0,4.0,3.0,1.0,9,2.8,nao,362000.0
I02004,apartamento,Beira-Mar,64.0,2.0,1.0,1.0,5,1.9,nao,769000.0
I02005,apartamento,Vila Nova,90.0,3.0,2.0,3.0,0,0.7,sim,592000.0
I02006,apartamento,Jardins,45.0,1.0,1.0,0.0,1,4.4,nao,318000.0
I02007,apartamento,Industrial,56.0,1.0,1.0,1.0,50,3.2,nao,103000.0
I02008,apartamento,Vila Nova,70.0,2.0,2.0,1.0,36,0.2,nao,262000.0
I02009,apartamento,Industrial,119.0,3.0,2.0,1.0,23,0.2,nao,414000.0
I02010,casa,Vila Nova,74.0,2.0,1.0,0.0,9,3.8,sim,304000.0
I02011,apartamento,Vila Nova,75.0,1.0,1.0,-0.0,31,2.3,nao,359000.0
I02012,apartamento,Jardins,66.0,2.0,1.0,1.0,27,2.3,nao,708000.0
I02013,apartamento,Jardins,91.0,2.0,1.0,0.0,31,1.9,sim,776000.0
I02014,casa,Jardins,109.0,2.0,1.0,2.0,21,0.7,sim,1186000.0
I02015,apartamento,Beira-Mar,65.0,1.0,1.0,1.0,3,0.3,nao,780000.0
I02016,casa,Jardins,102.0,2.0,2.0,1.0,24,,nao,718000.0
I02017,apartamento,Centro,60.0,1.0,1.0,1.0,6,0.3,nao,381000.0
I02018,apartamento,Industrial,87.0,2.0,2.0,2.0,35,4.4,nao,170000.0
I02019,casa,Industrial,161.0,5.0,3.0,2.0,39,5.0,sim,329000.0
I02020,apartamento,Vila Nova,64.0,2.0,1.0,1.0,45,3.1,nao,240000.0
I02021,apartamento,Centro,96.0,1.0,2.0,0.0,12,0.2,nao,654000.0
I02022,apartamento,Centro,164.0,4.0,3.0,3.0,29,0.2,sim,966000.0
I02023,apartamento,Vila Nova,53.0,1.0,1.0,2.0,15,0.2,nao,253000.0
I02024,apartamento,Beira-Mar,84.0,1.0,1.0,2.0,37,3.9,sim,931000.0
I02025,apartamento,Beira-Mar,71.0,2.0,1.0,1.0,46,2.4,sim,613000.0
I02026,apartamento,Industrial,102.0,2.0,1.0,1.0,50,0.2,nao,255000.0
I02027,apartamento,Jardins,58.0,1.0,1.0,2.0,48,2.3,nao,323000.0
I02028,apartamento,Industrial,100.0,3.0,2.0,2.0,20,2.2,nao,251000.0
I02029,apartamento,Vila Nova,67.0,2.0,2.0,1.0,33,1.9,nao,232000.0
I02030,apartamento,Beira-Mar,65.0,2.0,1.0,1.0,35,3.0,nao,593000.0
I02031,apartamento,Vila Nova,74.0,2.0,1.0,1.0,43,2.1,nao,259000.0
I02032,apartamento,Centro,74.0,2.0,1.0,1.0,29,,nao,305000.0
I02033,casa,Industrial,102.0,2.0,2.0,1.0,3,2.9,sim,330000.0
I02034,apartamento,Jardins,71.0,2.0,1.0,2.0,2,8.8,nao,632000.0
I02035,apartamento,Centro,112.0,2.0,1.0,1.0,15,2.8,nao,559000.0
I02036,apartamento,Industrial,47.0,1.0,1.0,0.0,9,11.2,nao,88000.0
I02037,apartamento,Jardins,83.0,2.0,2.0,1.0,14,1.4,nao,833000.0
I02038,casa,Industrial,200.0,4.0,4.0,1.0,23,0.8,nao,605000.0
I02039,apartamento,Industrial,69.0,1.0,1.0,1.0,24,2.8,nao,194000.0
I02040,apartamento,Vila Nova,65.0,2.0,1.0,0.0,20,0.7,nao,268000.0
I02041,apartamento,Industrial,70.0,1.0,1.0,1.0,44,1.1,nao,164000.0
I02042,apartamento,Beira-Mar,51.0,2.0,1.0,1.0,3,1.2,sim,729000.0
I02043,casa,Vila Nova,130.0,3.0,3.0,3.0,18,1.3,sim,822000.0
I02044,apartamento,Vila Nova,127.0,3.0,2.0,1.0,41,2.3,nao,375000.0
I02045,apartamento,Beira-Mar,67.0,2.0,2.0,0.0,45,3.3,sim,498000.0
I02046,apartamento,Centro,70.0,2.0,1.0,2.0,10,3.9,nao,438000.0
I02047,casa,Vila Nova,101.0,3.0,1.0,1.0,32,8.6,nao,214000.0
I02048,casa,Centro,161.0,4.0,2.0,2.0,15,0.8,sim,957000.0
I02049,casa,Industrial,97.0,2.0,2.0,1.0,47,8.4,nao,197000.0
I02050,casa,Beira-Mar,131.0,3.0,3.0,2.0,26,1.9,nao,1351000.0
I02051,apartamento,Centro,27.0,1.0,1.0,1.0,17,,nao,157000.0
I02052,apartamento,Industrial,71.0,1.0,1.0,1.0,1,1.6,nao,240000.0
I02053,apartamento,Industrial,74.0,3.0,1.0,1.0,37,1.0,nao,217000.0
I02054,casa,Vila Nova,108.0,2.0,1.0,1.0,3,0.1,nao,535000.0
I02055,casa,Centro,116.0,4.0,3.0,2.0,42,0.1,nao,530000.0
I02056,apartamento,Industrial,55.0,1.0,1.0,1.0,36,1.9,nao,147000.0
I02057,apartamento,Industrial,89.0,3.0,1.0,2.0,31,1.0,nao,244000.0
I02058,casa,Centro,116.0,3.0,2.0,1.0,19,3.8,sim,615000.0
I02059,apartamento,Vila Nova,113.0,3.0,2.0,1.0,2,2.8,nao,480000.0
I02060,casa,Industrial,231.0,6.0,5.0,2.0,30,0.7,nao,534000.0
I02061,apartamento,Industrial,71.0,1.0,1.0,0.0,11,0.6,nao,242000.0
I02062,apartamento,Industrial,120.0,3.0,2.0,2.0,24,1.4,nao,312000.0
I02063,apartamento,Beira-Mar,116.0,3.0,2.0,,16,0.4,nao,1502000.0
I02064,apartamento,Jardins,81.0,3.0,3.0,1.0,31,0.6,sim,611000.0
I02065,apartamento,Beira-Mar,51.0,2.0,1.0,1.0,46,5.3,nao,416000.0
I02066,apartamento,Vila Nova,80.0,2.0,1.0,2.0,37,0.8,nao,328000.0
I02067,apartamento,Beira-Mar,76.0,3.0,2.0,1.0,19,1.6,nao,821000.0
I02068,apartamento,Vila Nova,58.0,1.0,1.0,1.0,1,2.0,nao,277000.0
I02069,apartamento,Industrial,142.0,4.0,3.0,1.0,20,0.1,nao,472000.0
I02070,apartamento,Vila Nova,88.0,1.0,1.0,2.0,38,4.5,nao,313000.0
I02071,apartamento,Jardins,46.0,1.0,1.0,2.0,50,2.9,sim,400000.0
I02072,casa,Jardins,162.0,4.0,3.0,2.0,44,3.9,nao,1220000.0
I02073,apartamento,Beira-Mar,71.0,2.0,1.0,1.0,12,3.0,sim,1097000.0
I02074,apartamento,Industrial,82.0,2.0,1.0,1.0,37,9.6,nao,144000.0
I02075,casa,Industrial,132.0,3.0,2.0,2.0,2,0.5,nao,427000.0
I02076,apartamento,Industrial,45.0,1.0,1.0,1.0,19,6.3,nao,108000.0
I02077,casa,Centro,203.0,5.0,4.0,3.0,41,2.1,sim,865000.0
I02078,apartamento,Vila Nova,132.0,4.0,2.0,1.0,8,2.8,nao,498000.0
I02079,apartamento,Beira-Mar,61.0,1.0,1.0,1.0,7,0.6,nao,803000.0
I02080,casa,Centro,134.0,3.0,1.0,2.0,46,4.4,nao,501000.0
I02081,apartamento,Jardins,104.0,3.0,2.0,1.0,11,0.5,sim,1320000.0
I02082,casa,Beira-Mar,119.0,3.0,3.0,1.0,19,0.3,sim,1426000.0
I02083,casa,Industrial,189.0,4.0,2.0,2.0,5,2.9,nao,587000.0
I02084,apartamento,Centro,68.0,2.0,1.0,1.0,31,5.1,nao,295000.0
I02085,apartamento,Beira-Mar,53.0,1.0,1.0,1.0,21,0.4,nao,648000.0
I02086,apartamento,Jardins,57.0,2.0,1.0,1.0,45,0.4,sim,471000.0
I02087,apartamento,Jardins,69.0,1.0,1.0,0.0,27,,nao,508000.0
I02088,casa,Jardins,142.0,3.0,2.0,1.0,8,3.0,nao,1413000.0
I02089,apartamento,Industrial,47.0,1.0,1.0,2.0,37,8.6,sim,108000.0
I02090,apartamento,Centro,75.0,2.0,1.0,2.0,8,0.9,nao,576000.0
I02091,apartamento,Beira-Mar,32.0,1.0,1.0,0.0,14,0.6,nao,451000.0
I02092,apartamento,Jardins,89.0,2.0,1.0,2.0,0,1.0,sim,1036000.0
I02093,apartamento,Jardins,92.0,3.0,3.0,1.0,31,1.3,nao,887000.0
I02094,apartamento,Beira-Mar,54.0,1.0,1.0,1.0,49,1.0,nao,481000.0
I02095,casa,Vila Nova,143.0,4.0,3.0,3.0,8,2.7,nao,542000.0
I02096,apartamento,Centro,60.0,1.0,1.0,0.0,33,1.4,nao,310000.0
I02097,apartamento,Beira-Mar,61.0,1.0,1.0,0.0,35,0.8,nao,621000.0
I02098,apartamento,Vila Nova,64.0,3.0,2.0,1.0,43,3.2,nao,180000.0
I02099,apartamento,Jardins,67.0,1.0,1.0,1.0,0,0.8,sim,793000.0
I02100,apartamento,Vila Nova,58.0,2.0,1.0,1.0,31,0.9,nao,221000.0
I02101,apartamento,Vila Nova,77.0,2.0,2.0,1.0,35,2.2,nao,248000.0
I02102,casa,Industrial,238.0,5.0,3.0,3.0,38,1.7,nao,690000.0
I02103,casa,Centro,165.0,4.0,2.0,2.0,41,4.2,nao,847000.0
I02104,apartamento,Vila Nova,65.0,1.0,1.0,0.0,38,0.1,sim,250000.0
I02105,casa,Centro,215.0,6.0,3.0,2.0,46,3.8,nao,867000.0
I02106,apartamento,Centro,105.0,3.0,2.0,1.0,5,2.2,sim,787000.0
I02107,apartamento,Industrial,95.0,4.0,2.0,2.0,38,0.1,nao,316000.0
I02108,apartamento,Industrial,81.0,1.0,1.0,0.0,6,3.6,nao,189000.0
I02109,apartamento,Jardins,81.0,4.0,3.0,1.0,13,7.5,nao,610000.0
I02110,casa,Vila Nova,177.0,5.0,3.0,2.0,9,2.7,nao,699000.0
I02111,casa,Vila Nova,211.0,7.0,5.0,3.0,50,1.2,nao,718000.0
I02112,casa,Vila Nova,110.0,3.0,2.0,2.0,5,1.7,nao,501000.0
I02113,apartamento,Industrial,67.0,2.0,2.0,2.0,25,0.1,nao,240000.0
I02114,casa,Jardins,192.0,4.0,3.0,3.0,8,0.9,sim,2464000.0
I02115,apartamento,Vila Nova,73.0,3.0,2.0,0.0,45,5.7,nao,178000.0
I02116,apartamento,Centro,72.0,2.0,2.0,2.0,41,1.3,nao,372000.0
I02117,apartamento,Industrial,95.0,2.0,2.0,1.0,24,2.2,nao,279000.0
I02118,apartamento,Vila Nova,50.0,2.0,2.0,1.0,25,2.3,nao,175000.0
I02119,apartamento,Vila Nova,98.0,3.0,3.0,1.0,6,0.6,nao,538000.0
I02120,apartamento,Centro,51.0,1.0,2.0,2.0,8,0.1,nao,314000.0
I02121,apartamento,Centro,62.0,2.0,1.0,0.0,2,4.7,nao,447000.0
I02122,casa,Centro,81.0,2.0,1.0,0.0,46,1.3,sim,442000.0
I02123,apartamento,Centro,60.0,2.0,1.0,0.0,7,8.2,nao,268000.0
I02124,casa,Jardins,171.0,5.0,3.0,3.0,23,1.3,sim,1959000.0
I02125,casa,Vila Nova,150.0,4.0,2.0,2.0,36,4.8,nao,442000.0
I02126,apartamento,Centro,64.0,1.0,1.0,0.0,47,0.4,nao,289000.0
I02127,apartamento,Vila Nova,82.0,3.0,2.0,1.0,22,1.7,nao,358000.0
I02128,apartamento,Vila Nova,82.0,2.0,1.0,2.0,7,15.8,nao,198000.0
I02129,apartamento,Centro,48.0,1.0,1.0,1.0,12,1.3,sim,327000.0
I02130,casa,Centro,205.0,5.0,3.0,3.0,1,2.9,nao,1513000.0
I02131,apartamento,Beira-Mar,86.0,2.0,1.0,1.0,7,,nao,1090000.0
I02132,casa,Industrial,84.0,2.0,2.0,1.0,44,2.6,nao,177000.0
I02133,casa,Centro,247.0,7.0,5.0,4.0,14,,sim,1712000.0
I02134,casa,Vila Nova,127.0,3.0,2.0,1.0,15,2.4,nao,499000.0
I02135,apartamento,Centro,48.0,2.0,1.0,1.0,25,5.9,nao,221000.0
I02136,casa,Centro,90.0,2.0,1.0,2.0,27,1.9,nao,424000.0
I02137,apartamento,Centro,40.0,1.0,1.0,1.0,44,1.1,nao,150000.0
I02138,casa,Jardins,118.0,2.0,1.0,2.0,18,0.1,sim,1260000.0
I02139,apartamento,Vila Nova,54.0,1.0,1.0,-0.0,47,,nao,143000.0
I02140,apartamento,Vila Nova,47.0,1.0,1.0,0.0,48,5.2,nao,132000.0
I02141,apartamento,Vila Nova,63.0,1.0,1.0,0.0,20,2.1,nao,247000.0
I02142,casa,Jardins,239.0,6.0,4.0,2.0,2,0.4,nao,2358000.0
I02143,casa,Jardins,110.0,3.0,2.0,1.0,22,2.5,sim,816000.0
I02144,apartamento,Centro,62.0,1.0,1.0,2.0,17,3.9,nao,379000.0
I02145,apartamento,Centro,85.0,3.0,2.0,1.0,4,0.9,nao,688000.0
I02146,casa,Centro,263.0,7.0,5.0,4.0,27,1.4,nao,1655000.0
I02147,apartamento,Vila Nova,75.0,3.0,2.0,1.0,31,1.0,nao,364000.0
I02148,apartamento,Vila Nova,82.0,2.0,2.0,1.0,50,1.1,nao,294000.0
I02149,casa,Centro,188.0,5.0,3.0,3.0,28,0.6,nao,1111000.0
I02150,apartamento,Centro,83.0,2.0,1.0,1.0,4,0.7,nao,506000.0
I02151,casa,Vila Nova,78.0,2.0,2.0,1.0,0,0.7,nao,343000.0
I02152,apartamento,Industrial,54.0,2.0,1.0,1.0,1,1.8,nao,140000.0
I02153,apartamento,Jardins,90.0,1.0,1.0,1.0,26,1.7,nao,832000.0
I02154,apartamento,Vila Nova,58.0,3.0,1.0,1.0,39,5.9,nao,173000.0
I02155,casa,Centro,89.0,3.0,2.0,1.0,34,1.9,nao,470000.0
I02156,casa,Centro,127.0,3.0,2.0,1.0,15,0.9,nao,730000.0
I02157,apartamento,Centro,85.0,2.0,1.0,1.0,22,0.9,nao,479000.0
I02158,apartamento,Vila Nova,84.0,2.0,1.0,1.0,18,1.0,nao,376000.0
I02159,casa,Centro,142.0,3.0,2.0,2.0,3,3.3,nao,829000.0
I02160,apartamento,Vila Nova,37.0,1.0,1.0,1.0,41,0.4,nao,151000.0
I02161,apartamento,Industrial,75.0,1.0,1.0,1.0,15,0.2,nao,292000.0
I02162,apartamento,Centro,44.0,1.0,1.0,0.0,19,0.6,nao,241000.0
I02163,apartamento,Vila Nova,85.0,3.0,3.0,2.0,34,2.4,nao,390000.0
I02164,apartamento,Centro,80.0,2.0,1.0,2.0,34,1.9,sim,574000.0
I02165,casa,Vila Nova,116.0,4.0,3.0,2.0,32,1.7,nao,415000.0
I02166,casa,Beira-Mar,87.0,2.0,2.0,1.0,11,0.7,sim,1140000.0
I02167,apartamento,Centro,104.0,3.0,2.0,1.0,17,0.3,nao,644000.0
I02168,apartamento,Jardins,78.0,2.0,1.0,0.0,36,0.6,nao,601000.0
I02169,apartamento,Jardins,50.0,1.0,1.0,0.0,14,0.1,nao,441000.0
I02170,apartamento,Industrial,117.0,4.0,3.0,1.0,32,1.4,sim,315000.0
I02171,casa,Centro,142.0,4.0,2.0,2.0,20,4.4,nao,736000.0
I02172,apartamento,Jardins,56.0,2.0,2.0,1.0,32,4.1,nao,374000.0
I02173,apartamento,Centro,101.0,3.0,2.0,2.0,48,0.4,nao,469000.0
I02174,casa,Vila Nova,185.0,6.0,3.0,3.0,37,2.0,sim,872000.0
I02175,casa,Vila Nova,172.0,5.0,4.0,3.0,35,2.0,nao,733000.0
I02176,apartamento,Vila Nova,76.0,2.0,1.0,1.0,24,0.6,nao,334000.0
I02177,apartamento,Centro,47.0,1.0,1.0,1.0,50,3.0,nao,188000.0
I02178,casa,Jardins,96.0,3.0,2.0,1.0,10,2.7,sim,1116000.0
I02179,apartamento,Industrial,61.0,3.0,2.0,1.0,34,4.0,nao,124000.0
I02180,apartamento,Vila Nova,35.0,2.0,2.0,1.0,25,2.8,nao,138000.0
I02181,apartamento,Industrial,77.0,2.0,1.0,2.0,3,0.8,nao,241000.0
I02182,casa,Vila Nova,136.0,4.0,2.0,3.0,2,5.4,nao,522000.0
I02183,apartamento,Vila Nova,71.0,1.0,1.0,0.0,38,4.0,nao,197000.0
I02184,casa,Industrial,242.0,6.0,4.0,2.0,41,1.1,nao,644000.0
I02185,apartamento,Vila Nova,47.0,1.0,1.0,1.0,7,2.3,nao,197000.0
I02186,apartamento,Beira-Mar,73.0,1.0,1.0,1.0,43,1.2,nao,643000.0
I02187,casa,Centro,94.0,3.0,2.0,1.0,3,1.0,sim,638000.0
I02188,apartamento,Centro,109.0,3.0,2.0,3.0,4,2.3,nao,784000.0
I02189,apartamento,Vila Nova,49.0,1.0,1.0,1.0,43,1.9,nao,169000.0
I02190,apartamento,Jardins,136.0,5.0,3.0,2.0,28,9.1,nao,844000.0
I02191,casa,Centro,100.0,2.0,1.0,1.0,18,4.4,sim,582000.0
I02192,apartamento,Jardins,78.0,3.0,2.0,1.0,16,3.4,nao,836000.0
I02193,casa,Vila Nova,167.0,4.0,3.0,3.0,47,3.8,sim,672000.0
I02194,apartamento,Vila Nova,95.0,3.0,2.0,2.0,17,1.0,nao,574000.0
I02195,casa,Centro,96.0,3.0,2.0,1.0,18,6.9,nao,387000.0
I02196,casa,Industrial,92.0,3.0,3.0,2.0,11,0.7,sim,361000.0
I02197,casa,Vila Nova,119.0,3.0,2.0,1.0,35,1.0,nao,425000.0
I02198,apartamento,Centro,89.0,1.0,1.0,2.0,20,1.6,nao,710000.0
I02199,apartamento,Centro,70.0,2.0,2.0,1.0,42,1.8,sim,409000.0
I02200,casa,Industrial,204.0,5.0,3.0,5.0,44,4.2,sim,599000.0
I02201,casa,Jardins,105.0,4.0,3.0,1.0,33,0.4,nao,890000.0
I02202,apartamento,Centro,64.0,1.0,1.0,2.0,31,0.4,nao,381000.0
I02203,casa,Jardins,136.0,3.0,3.0,2.0,11,0.8,sim,2045000.0
I02204,apartamento,Jardins,67.0,1.0,1.0,1.0,50,1.0,nao,423000.0
I02205,casa,Beira-Mar,172.0,5.0,3.0,2.0,47,0.2,sim,1717000.0
I02206,casa,Vila Nova,216.0,6.0,5.0,2.0,20,0.6,nao,1054000.0
I02207,casa,Jardins,114.0,4.0,2.0,1.0,44,0.6,sim,856000.0
I02208,casa,Jardins,119.0,3.0,2.0,3.0,37,0.4,sim,1150000.0
I02209,casa,Industrial,155.0,4.0,2.0,2.0,6,1.2,nao,578000.0
I02210,apartamento,Vila Nova,79.0,2.0,1.0,2.0,7,3.1,nao,358000.0
I02211,apartamento,Beira-Mar,102.0,3.0,2.0,1.0,19,3.4,sim,1014000.0
I02212,casa,Jardins,145.0,3.0,2.0,2.0,17,3.2,sim,1745000.0
I02213,casa,Industrial,130.0,4.0,3.0,2.0,22,1.7,nao,371000.0
I02214,apartamento,Beira-Mar,129.0,3.0,2.0,1.0,29,1.4,nao,1278000.0
I02215,apartamento,Centro,79.0,2.0,2.0,3.0,25,2.5,nao,566000.0
I02216,apartamento,Industrial,90.0,2.0,1.0,0.0,28,0.7,nao,219000.0
I02217,casa,Jardins,81.0,1.0,1.0,1.0,47,2.3,nao,445000.0
I02218,apartamento,Centro,67.0,1.0,1.0,1.0,24,0.4,nao,400000.0
I02219,casa,Jardins,208.0,6.0,4.0,3.0,47,1.8,nao,1601000.0
I02220,apartamento,Beira-Mar,73.0,2.0,1.0,1.0,46,2.8,nao,497000.0
I02221,casa,Vila Nova,137.0,4.0,3.0,2.0,41,1.9,nao,439000.0
I02222,casa,Vila Nova,72.0,2.0,3.0,1.0,27,0.1,nao,290000.0
I02223,casa,Vila Nova,134.0,3.0,2.0,1.0,29,1.2,nao,469000.0
I02224,apartamento,Industrial,109.0,2.0,2.0,2.0,46,4.2,nao,217000.0
I02225,apartamento,Centro,70.0,1.0,1.0,1.0,18,0.4,nao,402000.0
I02226,casa,Jardins,166.0,3.0,1.0,2.0,0,,nao,1869000.0
I02227,casa,Beira-Mar,125.0,3.0,3.0,2.0,35,3.3,nao,1146000.0
I02228,apartamento,Centro,62.0,2.0,2.0,1.0,43,0.1,sim,353000.0
I02229,apartamento,Jardins,72.0,2.0,2.0,2.0,40,0.6,sim,603000.0
I02230,apartamento,Industrial,84.0,2.0,1.0,1.0,7,2.2,nao,250000.0
I02231,apartamento,Centro,92.0,1.0,1.0,1.0,38,0.1,nao,540000.0
I02232,casa,Centro,180.0,4.0,3.0,3.0,30,0.1,nao,1105000.0
I02233,casa,Jardins,125.0,3.0,2.0,1.0,3,1.5,sim,1138000.0
I02234,apartamento,Beira-Mar,75.0,2.0,1.0,1.0,33,0.4,sim,1121000.0
I02235,casa,Jardins,90.0,2.0,1.0,1.0,24,0.6,nao,859000.0
I02236,casa,Industrial,153.0,3.0,2.0,2.0,46,0.2,nao,414000.0
I02237,apartamento,Centro,35.0,2.0,2.0,1.0,47,2.7,nao,145000.0
I02238,apartamento,Centro,41.0,1.0,1.0,1.0,15,1.5,nao,260000.0
I02239,apartamento,Industrial,75.0,2.0,2.0,0.0,4,0.5,nao,235000.0
I02240,apartamento,Jardins,85.0,2.0,1.0,0.0,12,0.4,nao,898000.0
I02241,apartamento,Vila Nova,46.0,1.0,1.0,1.0,46,0.5,nao,173000.0
I02242,casa,Industrial,170.0,5.0,4.0,3.0,45,2.9,nao,311000.0
I02243,apartamento,Centro,66.0,4.0,2.0,1.0,0,0.4,nao,565000.0
I02244,casa,Vila Nova,208.0,6.0,4.0,5.0,18,,nao,712000.0
I02245,apartamento,Beira-Mar,117.0,3.0,1.0,2.0,20,0.7,nao,1563000.0
I02246,apartamento,Vila Nova,32.0,1.0,1.0,0.0,37,1.7,nao,100000.0
I02247,casa,Centro,275.0,7.0,5.0,5.0,3,0.7,sim,2632000.0
I02248,casa,Centro,193.0,6.0,5.0,3.0,2,0.4,nao,1172000.0
I02249,apartamento,Vila Nova,87.0,3.0,1.0,2.0,22,1.7,nao,412000.0
I02250,apartamento,Centro,62.0,1.0,1.0,2.0,2,0.6,nao,467000.0
I02251,apartamento,Centro,84.0,3.0,3.0,1.0,5,0.1,nao,653000.0
I02252,casa,Jardins,159.0,4.0,3.0,2.0,39,0.6,sim,1239000.0
I02253,apartamento,Vila Nova,95.0,3.0,2.0,2.0,44,3.4,nao,289000.0
I02254,apartamento,Industrial,80.0,3.0,2.0,1.0,1,2.2,nao,256000.0
I02255,apartamento,Beira-Mar,85.0,3.0,1.0,1.0,44,0.3,sim,915000.0
I02256,apartamento,Vila Nova,91.0,2.0,1.0,0.0,16,0.5,nao,411000.0
I02257,apartamento,Centro,36.0,1.0,1.0,0.0,2,1.4,nao,278000.0
I02258,casa,Centro,127.0,3.0,4.0,3.0,9,1.7,sim,916000.0
I02259,casa,Jardins,141.0,4.0,3.0,2.0,19,2.9,sim,1272000.0
I02260,apartamento,Vila Nova,62.0,2.0,1.0,-0.0,32,5.3,nao,217000.0
I02261,apartamento,Vila Nova,104.0,2.0,1.0,3.0,17,9.7,nao,318000.0
I02262,casa,Jardins,248.0,7.0,5.0,3.0,15,0.7,nao,2846000.0
I02263,apartamento,Vila Nova,74.0,2.0,1.0,1.0,25,0.5,nao,284000.0
I02264,apartamento,Beira-Mar,74.0,1.0,1.0,1.0,13,1.0,nao,814000.0
I02265,casa,Vila Nova,146.0,4.0,2.0,3.0,11,7.2,sim,711000.0
I02266,apartamento,Industrial,41.0,1.0,1.0,1.0,44,9.7,sim,81000.0
I02267,apartamento,Centro,52.0,1.0,1.0,1.0,20,4.1,nao,290000.0
I02268,apartamento,Vila Nova,52.0,2.0,1.0,1.0,1,1.4,nao,296000.0
I02269,apartamento,Centro,93.0,2.0,1.0,1.0,47,0.5,nao,470000.0
I02270,apartamento,Centro,61.0,2.0,1.0,0.0,10,2.9,nao,330000.0
I02271,casa,Centro,137.0,3.0,3.0,2.0,18,7.4,nao,576000.0
I02272,apartamento,Jardins,66.0,3.0,1.0,2.0,31,4.0,sim,626000.0
I02273,apartamento,Centro,64.0,3.0,3.0,0.0,16,0.4,nao,383000.0
I02274,apartamento,Industrial,146.0,4.0,3.0,1.0,4,1.4,nao,476000.0
I02275,casa,Vila Nova,146.0,5.0,3.0,2.0,12,0.5,nao,839000.0
I02276,casa,Beira-Mar,229.0,7.0,5.0,4.0,37,2.4,nao,2492000.0
I02277,apartamento,Vila Nova,55.0,2.0,1.0,0.0,33,2.3,nao,169000.0
I02278,apartamento,Industrial,48.0,2.0,1.0,0.0,41,3.2,nao,123000.0
I02279,apartamento,Centro,96.0,2.0,1.0,2.0,22,0.9,nao,568000.0
I02280,apartamento,Centro,74.0,2.0,1.0,1.0,48,2.2,nao,325000.0
I02281,apartamento,Beira-Mar,87.0,3.0,2.0,2.0,16,1.5,nao,1066000.0
I02282,casa,Industrial,264.0,7.0,6.0,4.0,42,0.4,nao,834000.0
I02283,casa,Centro,150.0,5.0,5.0,1.0,12,8.3,nao,692000.0
I02284,casa,Vila Nova,161.0,4.0,3.0,2.0,39,0.1,nao,534000.0
I02285,apartamento,Jardins,62.0,1.0,1.0,0.0,37,1.3,nao,511000.0
I02286,apartamento,Industrial,74.0,1.0,1.0,1.0,7,0.4,nao,238000.0
I02287,apartamento,Vila Nova,77.0,1.0,1.0,1.0,9,7.3,nao,278000.0
I02288,apartamento,Industrial,83.0,2.0,1.0,2.0,1,0.8,nao,273000.0
I02289,casa,Jardins,155.0,3.0,1.0,2.0,47,0.4,sim,1443000.0
I02290,apartamento,Centro,41.0,1.0,1.0,0.0,25,0.5,nao,209000.0
I02291,apartamento,Beira-Mar,119.0,3.0,1.0,1.0,28,0.4,nao,1401000.0
I02292,apartamento,Beira-Mar,72.0,2.0,1.0,1.0,38,0.5,nao,710000.0
I02293,apartamento,Jardins,122.0,3.0,1.0,3.0,28,8.0,nao,972000.0
I02294,casa,Centro,105.0,4.0,3.0,0.0,4,0.5,sim,728000.0
I02295,apartamento,Centro,59.0,2.0,2.0,2.0,28,0.8,nao,377000.0
I02296,apartamento,Vila Nova,65.0,1.0,1.0,-0.0,47,7.1,sim,158000.0
I02297,apartamento,Centro,61.0,2.0,1.0,1.0,3,0.7,nao,440000.0
I02298,casa,Centro,159.0,4.0,3.0,2.0,28,1.5,nao,700000.0
I02299,apartamento,Vila Nova,103.0,3.0,3.0,1.0,46,2.7,nao,359000.0
I02300,apartamento,Vila Nova,113.0,3.0,2.0,1.0,12,0.3,nao,704000.0
I02301,casa,Vila Nova,119.0,3.0,1.0,2.0,19,14.9,nao,262000.0
I02302,apartamento,Beira-Mar,57.0,2.0,1.0,1.0,40,0.2,nao,635000.0
I02303,apartamento,Jardins,92.0,3.0,2.0,2.0,7,7.4,nao,689000.0
I02304,casa,Vila Nova,97.0,3.0,2.0,2.0,7,1.0,sim,560000.0
I02305,apartamento,Industrial,89.0,3.0,1.0,1.0,24,0.2,sim,323000.0
I02306,apartamento,Jardins,64.0,2.0,2.0,1.0,0,2.9,sim,785000.0
I02307,apartamento,Centro,60.0,3.0,2.0,1.0,17,0.3,sim,461000.0
I02308,apartamento,Jardins,26.0,2.0,1.0,0.0,14,0.6,nao,251000.0
I02309,apartamento,Vila Nova,77.0,1.0,1.0,2.0,32,0.6,nao,322000.0
I02310,casa,Beira-Mar,211.0,6.0,5.0,4.0,32,4.4,sim,2124000.0
I02311,apartamento,Vila Nova,46.0,3.0,2.0,1.0,0,3.2,sim,284000.0
I02312,apartamento,Vila Nova,77.0,2.0,1.0,0.0,35,1.0,nao,283000.0
I02313,apartamento,Vila Nova,83.0,3.0,3.0,1.0,18,4.9,nao,296000.0
I02314,apartamento,Vila Nova,58.0,3.0,2.0,2.0,15,1.1,nao,328000.0
I02315,apartamento,Beira-Mar,81.0,1.0,1.0,0.0,28,2.2,nao,820000.0
I02316,apartamento,Centro,96.0,2.0,1.0,1.0,0,2.5,nao,689000.0
I02317,casa,Beira-Mar,149.0,4.0,2.0,2.0,39,0.4,sim,1680000.0
I02318,apartamento,Vila Nova,85.0,1.0,1.0,1.0,30,0.7,nao,420000.0
I02319,apartamento,Industrial,64.0,3.0,2.0,3.0,1,2.1,nao,231000.0
I02320,apartamento,Jardins,93.0,3.0,2.0,1.0,25,3.1,nao,722000.0
I02321,casa,Centro,77.0,1.0,1.0,1.0,44,1.6,nao,305000.0
I02322,casa,Jardins,183.0,5.0,4.0,4.0,23,0.6,nao,1980000.0
I02323,apartamento,Centro,108.0,2.0,1.0,2.0,26,0.2,nao,745000.0
I02324,apartamento,Industrial,54.0,1.0,1.0,0.0,29,0.1,nao,135000.0
I02325,apartamento,Vila Nova,53.0,1.0,1.0,-0.0,2,4.5,nao,228000.0
I02326,apartamento,Vila Nova,123.0,3.0,2.0,2.0,18,2.8,nao,555000.0
I02327,casa,Beira-Mar,160.0,5.0,4.0,2.0,12,0.8,sim,2530000.0
I02328,apartamento,Centro,41.0,1.0,1.0,0.0,46,0.6,nao,233000.0
I02329,apartamento,Jardins,65.0,1.0,1.0,1.0,0,0.2,nao,704000.0
I02330,apartamento,Jardins,38.0,1.0,1.0,1.0,45,3.0,nao,248000.0
I02331,apartamento,Industrial,65.0,2.0,1.0,-0.0,26,0.1,nao,162000.0
I02332,apartamento,Jardins,69.0,3.0,2.0,0.0,28,3.2,sim,569000.0
I02333,casa,Jardins,173.0,5.0,3.0,3.0,13,7.7,nao,1035000.0
I02334,casa,Industrial,141.0,4.0,3.0,1.0,15,2.0,sim,388000.0
I02335,apartamento,Industrial,122.0,2.0,1.0,2.0,0,0.5,nao,524000.0
I02336,casa,Beira-Mar,146.0,4.0,3.0,1.0,10,7.0,nao,1336000.0
I02337,casa,Centro,72.0,3.0,2.0,1.0,5,0.6,nao,515000.0
I02338,apartamento,Centro,87.0,3.0,2.0,1.0,27,1.1,nao,517000.0
I02339,casa,Centro,145.0,4.0,2.0,3.0,36,0.1,nao,893000.0
I02340,casa,Industrial,132.0,2.0,2.0,2.0,37,1.6,nao,372000.0
I02341,casa,Industrial,203.0,6.0,4.0,3.0,2,1.7,nao,682000.0
I02342,apartamento,Vila Nova,94.0,3.0,2.0,2.0,25,2.1,nao,427000.0
I02343,apartamento,Industrial,52.0,1.0,1.0,1.0,38,3.0,nao,137000.0
I02344,apartamento,Vila Nova,77.0,2.0,1.0,1.0,48,0.6,nao,276000.0
I02345,casa,Centro,238.0,6.0,4.0,3.0,40,1.3,nao,1245000.0
I02346,casa,Beira-Mar,144.0,4.0,3.0,1.0,15,0.7,nao,1816000.0
I02347,apartamento,Industrial,45.0,1.0,1.0,-0.0,5,0.9,nao,111000.0
I02348,casa,Industrial,161.0,3.0,3.0,2.0,10,5.1,nao,308000.0
I02349,apartamento,Centro,63.0,1.0,1.0,1.0,36,5.5,nao,258000.0
I02350,apartamento,Industrial,71.0,3.0,2.0,1.0,32,7.1,nao,120000.0
I02351,apartamento,Vila Nova,50.0,1.0,1.0,,47,3.3,nao,188000.0
I02352,apartamento,Vila Nova,79.0,3.0,2.0,1.0,17,0.9,sim,496000.0
I02353,apartamento,Vila Nova,57.0,1.0,1.0,1.0,48,3.5,nao,174000.0
I02354,apartamento,Centro,93.0,1.0,1.0,0.0,21,0.3,nao,439000.0
I02355,apartamento,Vila Nova,112.0,3.0,2.0,2.0,28,2.3,nao,399000.0
I02356,apartamento,Vila Nova,75.0,3.0,2.0,1.0,41,0.7,sim,279000.0
I02357,casa,Industrial,100.0,2.0,2.0,1.0,0,1.9,sim,343000.0
I02358,apartamento,Industrial,54.0,3.0,3.0,2.0,12,0.1,nao,153000.0
I02359,casa,Centro,149.0,5.0,4.0,2.0,23,0.1,nao,1098000.0
I02360,casa,Centro,157.0,5.0,4.0,3.0,29,0.1,nao,939000.0
I02361,casa,Centro,116.0,3.0,2.0,0.0,36,2.1,nao,477000.0
I02362,casa,Jardins,131.0,3.0,2.0,1.0,45,3.1,sim,977000.0
I02363,apartamento,Vila Nova,86.0,2.0,1.0,2.0,14,1.9,nao,393000.0
I02364,apartamento,Vila Nova,102.0,2.0,1.0,2.0,11,3.6,nao,373000.0
I02365,apartamento,Centro,70.0,2.0,1.0,1.0,33,0.6,nao,460000.0
I02366,apartamento,Centro,87.0,1.0,1.0,1.0,36,2.5,nao,394000.0
I02367,apartamento,Beira-Mar,70.0,2.0,1.0,1.0,37,0.3,sim,757000.0
I02368,casa,Industrial,156.0,3.0,1.0,2.0,23,0.9,nao,525000.0
I02369,apartamento,Beira-Mar,56.0,1.0,1.0,1.0,35,0.2,nao,490000.0
I02370,apartamento,Centro,80.0,2.0,3.0,2.0,19,2.6,sim,514000.0
I02371,apartamento,Vila Nova,113.0,3.0,2.0,2.0,14,4.9,nao,525000.0
I02372,casa,Industrial,159.0,5.0,3.0,3.0,15,0.8,nao,537000.0
I02373,apartamento,Industrial,81.0,1.0,1.0,2.0,47,,nao,159000.0
I02374,apartamento,Industrial,51.0,2.0,2.0,0.0,16,0.9,nao,145000.0
I02375,casa,Industrial,158.0,3.0,2.0,1.0,7,7.1,nao,333000.0
I02376,apartamento,Vila Nova,34.0,1.0,1.0,1.0,35,5.1,nao,87000.0
I02377,apartamento,Industrial,88.0,3.0,1.0,1.0,5,1.3,nao,247000.0
I02378,apartamento,Industrial,116.0,2.0,1.0,3.0,32,2.5,sim,367000.0
I02379,apartamento,Vila Nova,58.0,1.0,1.0,1.0,7,2.1,nao,208000.0
I02380,apartamento,Centro,64.0,1.0,1.0,2.0,0,0.5,nao,444000.0
I02381,casa,Centro,196.0,5.0,4.0,3.0,25,0.1,nao,1057000.0
I02382,apartamento,Vila Nova,52.0,1.0,1.0,1.0,29,1.0,nao,202000.0
I02383,casa,Vila Nova,165.0,3.0,2.0,2.0,15,3.4,nao,690000.0
I02384,apartamento,Jardins,54.0,2.0,1.0,0.0,33,0.5,nao,415000.0
I02385,apartamento,Centro,86.0,3.0,2.0,0.0,23,0.2,nao,490000.0
I02386,apartamento,Centro,64.0,2.0,2.0,1.0,32,0.4,nao,409000.0
I02387,apartamento,Industrial,27.0,1.0,1.0,-0.0,25,0.7,nao,66000.0
I02388,apartamento,Centro,48.0,1.0,1.0,1.0,27,0.7,nao,280000.0
I02389,apartamento,Industrial,68.0,2.0,1.0,1.0,6,,nao,269000.0
I02390,apartamento,Vila Nova,135.0,4.0,3.0,2.0,8,0.4,nao,863000.0
I02391,casa,Centro,129.0,4.0,4.0,2.0,3,0.7,sim,1152000.0
I02392,casa,Jardins,109.0,3.0,2.0,0.0,23,0.6,sim,910000.0
I02393,apartamento,Beira-Mar,78.0,2.0,1.0,1.0,23,2.8,nao,720000.0
I02394,casa,Vila Nova,48.0,1.0,1.0,1.0,13,1.8,nao,213000.0
I02395,casa,Industrial,219.0,6.0,4.0,2.0,48,0.8,nao,571000.0
I02396,apartamento,Industrial,87.0,2.0,2.0,1.0,12,1.3,nao,309000.0
I02397,apartamento,Industrial,59.0,1.0,1.0,,8,2.9,nao,150000.0
I02398,apartamento,Beira-Mar,90.0,3.0,2.0,1.0,30,2.0,nao,732000.0
I02399,casa,Centro,156.0,4.0,3.0,2.0,15,1.3,nao,1101000.0
I02400,apartamento,Beira-Mar,67.0,1.0,1.0,1.0,8,1.2,nao,854000.0
I02401,casa,Vila Nova,170.0,5.0,4.0,2.0,45,1.5,nao,576000.0
I02402,casa,Jardins,136.0,4.0,2.0,1.0,18,7.1,sim,958000.0
I02403,apartamento,Beira-Mar,74.0,2.0,2.0,0.0,33,1.1,sim,704000.0
I02404,casa,Vila Nova,170.0,5.0,4.0,3.0,37,0.2,nao,681000.0
I02405,casa,Beira-Mar,123.0,3.0,2.0,,28,2.7,nao,1005000.0
I02406,apartamento,Beira-Mar,67.0,1.0,1.0,1.0,39,1.4,sim,685000.0
I02407,apartamento,Beira-Mar,46.0,1.0,1.0,1.0,41,1.6,nao,551000.0
I02408,apartamento,Jardins,45.0,3.0,3.0,0.0,45,1.6,nao,321000.0
I02409,casa,Centro,77.0,2.0,1.0,0.0,24,1.3,sim,398000.0
I02410,apartamento,Beira-Mar,80.0,1.0,1.0,2.0,41,0.3,nao,773000.0
I02411,apartamento,Jardins,63.0,2.0,1.0,1.0,35,0.2,nao,545000.0
I02412,casa,Industrial,93.0,2.0,1.0,1.0,7,2.4,sim,242000.0
I02413,casa,Industrial,122.0,3.0,2.0,2.0,23,4.1,nao,327000.0
I02414,apartamento,Industrial,48.0,1.0,1.0,1.0,13,0.9,nao,192000.0
I02415,casa,Vila Nova,149.0,4.0,4.0,1.0,15,0.8,nao,667000.0
I02416,apartamento,Industrial,99.0,3.0,3.0,1.0,21,6.0,nao,217000.0
I02417,casa,Centro,223.0,5.0,4.0,4.0,27,5.1,nao,1074000.0
I02418,apartamento,Vila Nova,66.0,2.0,2.0,2.0,43,0.7,nao,248000.0
I02419,apartamento,Industrial,66.0,2.0,2.0,2.0,48,3.3,nao,150000.0
I02420,apartamento,Centro,37.0,1.0,1.0,1.0,0,0.8,nao,264000.0
I02421,apartamento,Beira-Mar,42.0,2.0,2.0,2.0,24,4.4,sim,483000.0
I02422,casa,Vila Nova,223.0,6.0,3.0,2.0,39,2.6,nao,724000.0
I02423,casa,Centro,149.0,3.0,2.0,2.0,43,5.4,sim,738000.0
I02424,apartamento,Centro,104.0,1.0,1.0,-0.0,43,4.4,nao,320000.0
I02425,casa,Centro,72.0,2.0,2.0,2.0,6,1.0,nao,415000.0
I02426,casa,Beira-Mar,136.0,3.0,2.0,2.0,28,2.3,sim,1683000.0
I02427,apartamento,Beira-Mar,38.0,3.0,2.0,2.0,27,1.9,nao,396000.0
I02428,apartamento,Industrial,33.0,1.0,1.0,0.0,2,0.3,nao,112000.0
I02429,apartamento,Beira-Mar,51.0,1.0,1.0,-0.0,41,3.0,nao,385000.0
I02430,apartamento,Beira-Mar,132.0,4.0,3.0,2.0,28,1.3,nao,1239000.0
I02431,apartamento,Vila Nova,53.0,1.0,1.0,1.0,43,1.4,nao,191000.0
I02432,apartamento,Centro,108.0,4.0,3.0,2.0,15,6.4,sim,635000.0
I02433,casa,Jardins,128.0,4.0,3.0,2.0,0,0.1,nao,2060000.0
I02434,apartamento,Centro,108.0,3.0,3.0,1.0,15,2.7,nao,640000.0
I02435,apartamento,Industrial,89.0,1.0,1.0,1.0,19,0.6,nao,328000.0
I02436,apartamento,Vila Nova,111.0,3.0,2.0,1.0,19,0.1,nao,507000.0
I02437,casa,Beira-Mar,119.0,3.0,2.0,2.0,1,3.8,sim,1750000.0
I02438,apartamento,Industrial,77.0,3.0,2.0,1.0,2,1.7,nao,240000.0
I02439,apartamento,Jardins,73.0,2.0,2.0,1.0,18,1.9,nao,594000.0
I02440,apartamento,Centro,170.0,4.0,3.0,1.0,11,1.1,nao,957000.0
I02441,casa,Centro,192.0,6.0,4.0,2.0,28,0.1,nao,1041000.0
I02442,apartamento,Beira-Mar,67.0,2.0,1.0,1.0,26,0.8,sim,776000.0
I02443,casa,Centro,285.0,7.0,5.0,4.0,34,1.4,nao,1461000.0
I02444,apartamento,Jardins,147.0,4.0,2.0,2.0,17,0.8,sim,1932000.0
I02445,apartamento,Vila Nova,56.0,2.0,1.0,2.0,15,0.4,nao,193000.0
I02446,casa,Vila Nova,154.0,4.0,4.0,2.0,41,3.1,sim,590000.0
I02447,apartamento,Centro,61.0,2.0,2.0,1.0,46,0.5,nao,291000.0
I02448,apartamento,Vila Nova,40.0,1.0,1.0,1.0,43,5.5,nao,137000.0
I02449,apartamento,Vila Nova,75.0,2.0,1.0,2.0,26,6.4,nao,249000.0
I02450,casa,Vila Nova,48.0,2.0,2.0,0.0,4,3.9,nao,173000.0
I02451,casa,Jardins,144.0,5.0,3.0,2.0,23,8.6,sim,1154000.0
I02452,apartamento,Beira-Mar,69.0,1.0,1.0,1.0,42,9.3,nao,375000.0
I02453,apartamento,Centro,68.0,2.0,1.0,0.0,31,0.5,nao,361000.0
I02454,apartamento,Vila Nova,65.0,2.0,1.0,0.0,47,0.2,nao,239000.0
I02455,casa,Beira-Mar,120.0,3.0,3.0,2.0,24,0.9,nao,1324000.0
I02456,apartamento,Jardins,38.0,1.0,1.0,1.0,17,1.3,nao,422000.0
I02457,casa,Centro,86.0,2.0,2.0,1.0,3,0.2,nao,532000.0
I02458,casa,Vila Nova,137.0,4.0,4.0,2.0,18,5.9,sim,485000.0
I02459,casa,Vila Nova,138.0,4.0,3.0,2.0,29,7.8,nao,426000.0
I02460,apartamento,Industrial,95.0,2.0,1.0,1.0,29,4.9,nao,201000.0
I02461,apartamento,Beira-Mar,59.0,2.0,1.0,1.0,6,2.9,nao,623000.0
I02462,apartamento,Jardins,48.0,2.0,2.0,1.0,17,3.2,nao,423000.0
I02463,apartamento,Centro,63.0,2.0,1.0,1.0,16,,nao,441000.0
I02464,apartamento,Jardins,32.0,2.0,1.0,0.0,50,2.8,nao,222000.0
I02465,casa,Jardins,149.0,5.0,3.0,2.0,46,0.1,sim,1291000.0
I02466,casa,Centro,171.0,5.0,4.0,3.0,36,1.7,nao,978000.0
I02467,casa,Jardins,222.0,7.0,4.0,3.0,43,0.5,sim,2489000.0
I02468,casa,Beira-Mar,154.0,4.0,3.0,3.0,1,2.9,nao,2146000.0
I02469,apartamento,Vila Nova,47.0,2.0,2.0,1.0,37,5.8,nao,136000.0
I02470,apartamento,Centro,55.0,2.0,1.0,0.0,26,5.6,nao,251000.0
I02471,casa,Centro,131.0,4.0,2.0,2.0,44,0.4,nao,813000.0
I02472,apartamento,Jardins,55.0,2.0,1.0,1.0,9,2.9,nao,570000.0
I02473,apartamento,Centro,46.0,2.0,2.0,1.0,34,3.0,nao,221000.0
I02474,apartamento,Jardins,57.0,1.0,1.0,0.0,28,2.2,nao,578000.0
I02475,apartamento,Centro,98.0,3.0,3.0,1.0,16,,nao,723000.0
I02476,apartamento,Vila Nova,80.0,1.0,1.0,-0.0,38,0.8,nao,327000.0
I02477,casa,Vila Nova,189.0,4.0,2.0,3.0,22,0.6,nao,827000.0
I02478,apartamento,Vila Nova,53.0,1.0,1.0,1.0,21,1.7,nao,202000.0
I02479,apartamento,Jardins,113.0,3.0,1.0,2.0,11,1.6,nao,1401000.0
I02480,apartamento,Vila Nova,79.0,2.0,2.0,1.0,1,7.7,nao,260000.0
I02481,apartamento,Vila Nova,81.0,3.0,3.0,1.0,27,0.2,nao,289000.0
I02482,casa,Jardins,137.0,4.0,3.0,2.0,20,9.6,nao,908000.0
I02483,apartamento,Jardins,29.0,1.0,1.0,0.0,26,0.9,nao,303000.0
I02484,apartamento,Vila Nova,113.0,5.0,3.0,1.0,16,0.3,nao,447000.0
I02485,apartamento,Centro,78.0,2.0,2.0,2.0,8,0.6,nao,693000.0
I02486,apartamento,Centro,49.0,1.0,1.0,1.0,12,0.1,nao,306000.0
I02487,apartamento,Centro,144.0,3.0,2.0,2.0,41,2.4,nao,767000.0
I02488,casa,Jardins,141.0,4.0,2.0,3.0,14,0.1,nao,1785000.0
I02489,casa,Industrial,123.0,2.0,1.0,3.0,0,2.3,nao,425000.0
I02490,apartamento,Vila Nova,50.0,1.0,1.0,0.0,8,5.5,sim,218000.0
I02491,apartamento,Jardins,56.0,1.0,1.0,1.0,10,,nao,503000.0
I02492,apartamento,Vila Nova,40.0,2.0,1.0,1.0,49,1.8,nao,145000.0
I02493,casa,Centro,120.0,2.0,1.0,1.0,8,5.0,sim,814000.0
I02494,casa,Industrial,134.0,4.0,3.0,2.0,32,2.6,nao,326000.0
I02495,casa,Industrial,170.0,4.0,3.0,2.0,0,0.5,sim,635000.0
I02496,apartamento,Vila Nova,37.0,1.0,1.0,0.0,3,0.1,nao,170000.0
I02497,casa,Centro,106.0,4.0,4.0,2.0,12,1.9,sim,770000.0
I02498,casa,Industrial,91.0,2.0,2.0,1.0,37,0.2,sim,225000.0
I02499,apartamento,Centro,96.0,2.0,2.0,0.0,6,4.2,nao,560000.0
I02500,casa,Centro,177.0,4.0,3.0,1.0,15,0.1,sim,1241000.0
I02501,apartamento,Beira-Mar,36.0,1.0,1.0,0.0,11,0.1,nao,451000.0
I02502,apartamento,Beira-Mar,64.0,1.0,1.0,0.0,28,1.3,nao,628000.0
I02503,apartamento,Centro,114.0,2.0,2.0,2.0,26,3.0,nao,698000.0
I02504,apartamento,Vila Nova,91.0,1.0,1.0,1.0,41,0.7,nao,302000.0
I02505,apartamento,Industrial,62.0,1.0,1.0,1.0,25,1.2,nao,132000.0
I02506,casa,Industrial,163.0,4.0,3.0,3.0,28,0.1,nao,551000.0
I02507,apartamento,Jardins,92.0,3.0,2.0,1.0,37,4.0,nao,562000.0
I02508,casa,Jardins,259.0,6.0,5.0,3.0,9,0.9,nao,2917000.0
I02509,apartamento,Industrial,60.0,2.0,2.0,0.0,6,9.9,nao,108000.0
I02510,apartamento,Vila Nova,113.0,1.0,1.0,2.0,47,2.9,nao,417000.0
I02511,casa,Industrial,115.0,2.0,2.0,1.0,4,4.2,nao,287000.0
I02512,casa,Centro,114.0,3.0,2.0,3.0,31,0.7,nao,616000.0
I02513,apartamento,Centro,66.0,1.0,1.0,,4,3.1,nao,424000.0
I02514,apartamento,Centro,74.0,2.0,2.0,1.0,45,1.8,nao,372000.0
I02515,apartamento,Jardins,91.0,1.0,1.0,0.0,9,0.2,nao,1011000.0
I02516,apartamento,Industrial,68.0,3.0,1.0,-0.0,16,0.5,sim,204000.0
I02517,apartamento,Centro,59.0,3.0,3.0,0.0,45,0.4,nao,244000.0
I02518,apartamento,Industrial,52.0,1.0,1.0,1.0,21,0.4,nao,176000.0
I02519,apartamento,Vila Nova,86.0,3.0,2.0,1.0,49,0.1,nao,290000.0
I02520,apartamento,Vila Nova,71.0,2.0,1.0,1.0,27,6.0,nao,197000.0
I02521,apartamento,Vila Nova,78.0,2.0,1.0,1.0,21,0.6,nao,351000.0
I02522,apartamento,Vila Nova,80.0,2.0,1.0,2.0,1,1.7,nao,559000.0
I02523,apartamento,Jardins,114.0,2.0,1.0,1.0,2,2.4,nao,1117000.0
I02524,apartamento,Beira-Mar,104.0,3.0,1.0,2.0,28,0.5,nao,1093000.0
I02525,apartamento,Centro,91.0,3.0,2.0,1.0,6,3.4,nao,517000.0
I02526,casa,Centro,133.0,5.0,4.0,1.0,34,2.8,nao,553000.0
I02527,apartamento,Vila Nova,45.0,1.0,1.0,0.0,50,2.3,nao,148000.0
I02528,casa,Jardins,118.0,2.0,2.0,2.0,19,1.3,sim,1524000.0
I02529,casa,Centro,136.0,3.0,2.0,1.0,28,0.3,sim,883000.0
I02530,casa,Vila Nova,110.0,3.0,1.0,2.0,26,0.5,sim,537000.0
I02531,apartamento,Beira-Mar,85.0,3.0,2.0,1.0,38,0.5,sim,946000.0
I02532,casa,Vila Nova,143.0,3.0,2.0,1.0,38,0.3,sim,712000.0
I02533,casa,Vila Nova,102.0,1.0,1.0,1.0,27,0.6,nao,446000.0
I02534,apartamento,Vila Nova,113.0,2.0,1.0,1.0,49,0.4,sim,532000.0
I02535,casa,Vila Nova,163.0,5.0,3.0,2.0,1,0.4,sim,781000.0
I02536,casa,Vila Nova,145.0,3.0,2.0,2.0,6,6.2,sim,712000.0
I02537,casa,Jardins,205.0,5.0,3.0,2.0,22,1.4,nao,2027000.0
I02538,apartamento,Beira-Mar,53.0,2.0,1.0,0.0,47,0.3,nao,531000.0
I02539,casa,Industrial,113.0,2.0,1.0,1.0,48,1.7,sim,327000.0
I02540,apartamento,Beira-Mar,62.0,2.0,1.0,0.0,21,1.1,nao,590000.0
I02541,casa,Vila Nova,168.0,5.0,4.0,3.0,19,3.5,sim,795000.0
I02542,casa,Centro,157.0,5.0,4.0,2.0,15,4.3,sim,821000.0
I02543,apartamento,Centro,209.0,5.0,4.0,3.0,10,1.3,nao,1857000.0
I02544,apartamento,Centro,50.0,2.0,1.0,1.0,31,0.3,nao,259000.0
I02545,apartamento,Vila Nova,72.0,2.0,2.0,0.0,29,0.3,nao,230000.0
I02546,casa,Jardins,128.0,4.0,2.0,3.0,20,5.5,nao,905000.0
I02547,casa,Centro,163.0,5.0,3.0,3.0,33,4.9,nao,708000.0
I02548,apartamento,Jardins,95.0,1.0,1.0,1.0,46,,nao,670000.0
I02549,apartamento,Industrial,76.0,3.0,2.0,-0.0,43,3.4,nao,160000.0
I02550,casa,Centro,159.0,3.0,2.0,2.0,41,2.1,nao,831000.0
I02551,apartamento,Vila Nova,62.0,1.0,1.0,2.0,16,1.4,nao,250000.0
I02552,casa,Industrial,248.0,7.0,5.0,4.0,50,0.1,sim,860000.0
I02553,apartamento,Centro,59.0,1.0,1.0,0.0,16,1.1,nao,361000.0
I02554,apartamento,Centro,25.0,1.0,1.0,0.0,12,1.6,nao,171000.0
I02555,casa,Vila Nova,114.0,4.0,3.0,2.0,27,9.8,nao,305000.0
I02556,casa,Beira-Mar,322.0,7.0,5.0,5.0,4,5.3,sim,4970000.0
I02557,apartamento,Industrial,46.0,1.0,1.0,0.0,47,2.1,nao,85000.0
I02558,apartamento,Vila Nova,83.0,3.0,2.0,0.0,42,0.7,nao,286000.0
I02559,casa,Centro,106.0,3.0,1.0,,13,3.0,nao,524000.0
I02560,casa,Centro,165.0,3.0,2.0,3.0,43,,sim,979000.0
I02561,apartamento,Vila Nova,103.0,3.0,2.0,2.0,11,6.4,nao,421000.0
I02562,apartamento,Centro,60.0,2.0,2.0,0.0,40,1.3,nao,314000.0
I02563,casa,Centro,219.0,5.0,4.0,3.0,17,1.6,nao,1507000.0
I02564,apartamento,Beira-Mar,102.0,2.0,2.0,2.0,1,0.2,nao,1643000.0
I02565,apartamento,Beira-Mar,78.0,1.0,1.0,2.0,24,2.9,sim,961000.0
I02566,apartamento,Centro,68.0,1.0,1.0,1.0,16,0.1,nao,428000.0
I02567,casa,Vila Nova,129.0,4.0,3.0,3.0,27,1.4,nao,620000.0
I02568,apartamento,Industrial,53.0,2.0,1.0,1.0,1,0.4,nao,176000.0
I02569,apartamento,Vila Nova,47.0,1.0,1.0,0.0,4,3.4,nao,183000.0
I02570,casa,Beira-Mar,172.0,4.0,2.0,2.0,20,,sim,2007000.0
I02571,apartamento,Vila Nova,79.0,1.0,1.0,-0.0,49,2.4,nao,227000.0
I02572,casa,Jardins,162.0,4.0,2.0,2.0,5,5.6,sim,1464000.0
I02573,apartamento,Beira-Mar,100.0,4.0,3.0,2.0,39,1.3,nao,1188000.0
I02574,apartamento,Centro,69.0,3.0,2.0,1.0,50,6.2,nao,179000.0
I02575,apartamento,Vila Nova,112.0,3.0,3.0,1.0,42,16.0,nao,211000.0
I02576,casa,Jardins,79.0,2.0,2.0,1.0,19,0.1,nao,573000.0
I02577,apartamento,Industrial,131.0,3.0,3.0,2.0,26,0.8,nao,410000.0
I02578,casa,Vila Nova,138.0,3.0,2.0,2.0,19,0.3,nao,693000.0
I02579,apartamento,Jardins,55.0,1.0,1.0,1.0,1,2.5,nao,606000.0
I02580,apartamento,Beira-Mar,67.0,1.0,1.0,1.0,34,7.5,nao,452000.0
I02581,apartamento,Jardins,122.0,3.0,2.0,1.0,13,0.3,nao,1360000.0
I02582,apartamento,Beira-Mar,56.0,1.0,1.0,1.0,46,1.0,nao,458000.0
I02583,apartamento,Centro,72.0,2.0,1.0,0.0,20,2.3,nao,330000.0
I02584,casa,Jardins,97.0,3.0,2.0,1.0,0,6.7,sim,752000.0
I02585,apartamento,Vila Nova,81.0,4.0,3.0,1.0,49,3.4,nao,215000.0
I02586,apartamento,Centro,109.0,3.0,2.0,1.0,34,1.4,nao,627000.0
I02587,apartamento,Vila Nova,77.0,2.0,1.0,1.0,25,9.6,nao,291000.0
I02588,apartamento,Industrial,62.0,3.0,1.0,1.0,20,4.5,nao,166000.0
I02589,apartamento,Centro,61.0,3.0,2.0,1.0,18,1.7,nao,345000.0
I02590,apartamento,Vila Nova,73.0,1.0,1.0,1.0,9,7.9,nao,211000.0
I02591,apartamento,Beira-Mar,85.0,3.0,3.0,1.0,40,1.8,nao,718000.0
I02592,casa,Centro,190.0,5.0,3.0,4.0,3,0.9,nao,1278000.0
I02593,apartamento,Centro,49.0,1.0,1.0,-0.0,22,2.0,nao,231000.0
I02594,apartamento,Vila Nova,59.0,1.0,1.0,2.0,40,2.1,nao,201000.0
I02595,apartamento,Industrial,116.0,3.0,2.0,2.0,3,2.6,nao,391000.0
I02596,apartamento,Vila Nova,83.0,3.0,2.0,1.0,43,1.4,sim,290000.0
I02597,apartamento,Industrial,74.0,2.0,1.0,2.0,31,3.7,nao,221000.0
I02598,apartamento,Industrial,92.0,2.0,1.0,1.0,33,5.5,nao,234000.0
I02599,apartamento,Vila Nova,31.0,1.0,1.0,1.0,2,2.1,nao,145000.0
I02600,casa,Centro,177.0,6.0,4.0,3.0,41,1.4,nao,723000.0
I02601,casa,Centro,339.0,7.0,5.0,5.0,41,1.8,nao,1994000.0
I02602,apartamento,Beira-Mar,72.0,2.0,1.0,2.0,20,2.5,nao,886000.0
I02603,casa,Vila Nova,154.0,5.0,3.0,2.0,40,0.5,nao,503000.0
I02604,apartamento,Centro,62.0,2.0,1.0,1.0,1,0.2,nao,387000.0
I02605,apartamento,Beira-Mar,50.0,2.0,1.0,0.0,36,0.1,nao,586000.0
I02606,apartamento,Centro,59.0,1.0,1.0,1.0,45,0.9,nao,264000.0
I02607,apartamento,Vila Nova,96.0,3.0,3.0,1.0,10,4.5,nao,354000.0
I02608,casa,Jardins,171.0,6.0,4.0,1.0,43,3.1,sim,1117000.0
I02609,apartamento,Beira-Mar,52.0,1.0,1.0,1.0,48,10.8,nao,256000.0
I02610,apartamento,Vila Nova,56.0,2.0,2.0,1.0,22,2.2,nao,213000.0
I02611,casa,Industrial,113.0,2.0,1.0,2.0,45,1.7,sim,287000.0
I02612,apartamento,Jardins,74.0,2.0,1.0,1.0,10,3.2,sim,670000.0
I02613,apartamento,Jardins,65.0,1.0,1.0,0.0,27,0.1,sim,480000.0
I02614,apartamento,Centro,68.0,2.0,1.0,2.0,15,3.7,nao,418000.0
I02615,casa,Vila Nova,96.0,2.0,2.0,0.0,10,0.1,sim,422000.0
I02616,apartamento,Centro,124.0,4.0,4.0,1.0,20,4.1,nao,552000.0
I02617,casa,Industrial,155.0,4.0,3.0,2.0,50,2.0,sim,375000.0
I02618,apartamento,Jardins,58.0,2.0,2.0,1.0,44,2.0,nao,423000.0
I02619,casa,Jardins,106.0,3.0,1.0,1.0,49,0.7,sim,921000.0
I02620,apartamento,Jardins,61.0,2.0,2.0,0.0,4,0.7,nao,463000.0
I02621,casa,Jardins,211.0,5.0,4.0,4.0,23,5.5,nao,1718000.0
I02622,apartamento,Vila Nova,119.0,2.0,1.0,2.0,49,0.7,nao,405000.0
I02623,apartamento,Industrial,56.0,2.0,2.0,-0.0,28,1.5,nao,129000.0
I02624,apartamento,Vila Nova,60.0,1.0,1.0,1.0,45,4.7,nao,192000.0
I02625,apartamento,Beira-Mar,39.0,1.0,1.0,0.0,46,0.8,nao,340000.0
I02626,casa,Jardins,80.0,1.0,1.0,1.0,40,3.6,sim,577000.0
I02627,casa,Jardins,147.0,4.0,3.0,2.0,21,0.7,nao,1257000.0
I02628,apartamento,Industrial,63.0,1.0,1.0,2.0,44,1.7,nao,177000.0
I02629,apartamento,Centro,62.0,2.0,1.0,-0.0,21,0.4,nao,290000.0
I02630,apartamento,Vila Nova,59.0,2.0,1.0,-0.0,23,5.0,nao,217000.0
I02631,casa,Industrial,157.0,4.0,3.0,2.0,44,2.0,nao,324000.0
I02632,apartamento,Vila Nova,73.0,2.0,1.0,2.0,34,3.0,nao,261000.0
I02633,apartamento,Centro,101.0,3.0,3.0,1.0,1,0.6,nao,853000.0
I02634,apartamento,Centro,174.0,4.0,3.0,,9,5.5,nao,1219000.0
I02635,apartamento,Industrial,48.0,2.0,2.0,1.0,23,1.7,nao,144000.0
I02636,apartamento,Jardins,45.0,1.0,1.0,1.0,12,2.0,nao,456000.0
I02637,casa,Vila Nova,246.0,6.0,4.0,3.0,43,6.7,nao,661000.0
I02638,apartamento,Centro,69.0,1.0,1.0,1.0,31,5.9,nao,337000.0
I02639,casa,Vila Nova,186.0,6.0,4.0,3.0,50,1.4,nao,668000.0
I02640,casa,Jardins,95.0,2.0,1.0,2.0,22,7.2,sim,785000.0
I02641,apartamento,Beira-Mar,48.0,1.0,1.0,2.0,6,3.4,nao,509000.0
I02642,apartamento,Centro,95.0,2.0,1.0,2.0,46,8.7,nao,339000.0
I02643,apartamento,Vila Nova,45.0,1.0,1.0,1.0,32,1.9,nao,167000.0
I02644,apartamento,Industrial,116.0,2.0,1.0,2.0,15,1.8,nao,344000.0
I02645,casa,Jardins,188.0,4.0,4.0,3.0,19,0.9,sim,2133000.0
I02646,apartamento,Beira-Mar,55.0,1.0,1.0,1.0,5,0.3,nao,866000.0
I02647,apartamento,Centro,121.0,3.0,2.0,3.0,14,4.6,nao,781000.0
I02648,casa,Vila Nova,169.0,4.0,3.0,2.0,36,1.0,nao,621000.0
I02649,apartamento,Jardins,65.0,3.0,2.0,,31,0.1,sim,678000.0
I02650,apartamento,Beira-Mar,72.0,1.0,1.0,1.0,9,0.6,nao,866000.0
I02651,apartamento,Industrial,36.0,1.0,1.0,1.0,40,0.1,nao,98000.0
I02652,casa,Beira-Mar,88.0,3.0,2.0,1.0,13,0.2,nao,1008000.0
I02653,apartamento,Centro,92.0,2.0,2.0,1.0,21,1.5,nao,622000.0
I02654,casa,Beira-Mar,151.0,4.0,3.0,2.0,37,8.1,nao,966000.0
I02655,apartamento,Centro,117.0,4.0,3.0,2.0,1,0.1,nao,1044000.0
I02656,apartamento,Vila Nova,80.0,3.0,3.0,1.0,10,0.3,nao,370000.0
I02657,apartamento,Centro,46.0,1.0,1.0,0.0,17,3.9,nao,266000.0
I02658,apartamento,Industrial,49.0,1.0,1.0,-0.0,26,4.8,nao,144000.0
I02659,apartamento,Industrial,53.0,2.0,1.0,1.0,41,1.1,nao,176000.0
I02660,apartamento,Vila Nova,57.0,2.0,1.0,1.0,19,6.4,nao,222000.0
I02661,casa,Centro,148.0,4.0,3.0,1.0,9,1.4,nao,1155000.0
I02662,casa,Centro,212.0,6.0,4.0,2.0,31,0.6,sim,1181000.0
I02663,casa,Centro,174.0,4.0,4.0,3.0,6,0.1,sim,1298000.0
I02664,casa,Jardins,218.0,6.0,4.0,3.0,45,0.3,sim,2056000.0
I02665,casa,Vila Nova,161.0,5.0,3.0,3.0,2,5.1,nao,738000.0
I02666,casa,Centro,121.0,3.0,2.0,1.0,5,,nao,742000.0
I02667,apartamento,Beira-Mar,43.0,1.0,1.0,0.0,19,1.2,nao,464000.0
I02668,apartamento,Vila Nova,87.0,3.0,2.0,2.0,39,2.2,nao,363000.0
I02669,apartamento,Vila Nova,68.0,1.0,1.0,0.0,13,0.4,nao,297000.0
I02670,casa,Vila Nova,185.0,5.0,4.0,2.0,48,0.7,nao,582000.0
I02671,apartamento,Centro,57.0,1.0,1.0,1.0,46,,nao,305000.0
I02672,apartamento,Vila Nova,124.0,4.0,2.0,2.0,8,3.5,nao,584000.0
I02673,apartamento,Jardins,124.0,3.0,2.0,2.0,30,2.7,nao,1020000.0
I02674,apartamento,Vila Nova,52.0,1.0,1.0,1.0,16,0.5,sim,256000.0
I02675,casa,Vila Nova,157.0,4.0,4.0,2.0,29,0.1,nao,703000.0
I02676,casa,Centro,81.0,4.0,3.0,1.0,36,0.1,nao,383000.0
I02677,apartamento,Centro,53.0,3.0,2.0,1.0,4,0.7,nao,314000.0
I02678,casa,Jardins,103.0,3.0,3.0,2.0,35,1.9,nao,695000.0
I02679,apartamento,Centro,57.0,1.0,1.0,1.0,28,0.3,nao,292000.0
I02680,apartamento,Centro,64.0,2.0,2.0,1.0,45,1.3,nao,267000.0
I02681,apartamento,Beira-Mar,53.0,1.0,1.0,1.0,4,0.5,nao,735000.0
I02682,apartamento,Vila Nova,74.0,3.0,2.0,2.0,45,3.8,sim,257000.0
I02683,apartamento,Centro,41.0,3.0,2.0,-0.0,9,8.1,nao,193000.0
I02684,apartamento,Vila Nova,99.0,3.0,2.0,1.0,50,2.6,nao,308000.0
I02685,apartamento,Industrial,48.0,2.0,1.0,-0.0,18,2.5,nao,129000.0
I02686,casa,Industrial,133.0,5.0,4.0,2.0,19,0.3,nao,427000.0
I02687,casa,Vila Nova,121.0,4.0,3.0,1.0,48,1.9,nao,393000.0
I02688,apartamento,Industrial,100.0,2.0,1.0,2.0,48,1.7,nao,223000.0
I02689,apartamento,Industrial,62.0,2.0,2.0,2.0,47,3.1,nao,151000.0
I02690,apartamento,Centro,117.0,3.0,2.0,3.0,2,1.6,nao,942000.0
I02691,casa,Jardins,159.0,4.0,3.0,2.0,12,1.3,sim,1993000.0
I02692,apartamento,Jardins,50.0,1.0,1.0,1.0,22,4.8,sim,344000.0
I02693,casa,Centro,130.0,2.0,1.0,2.0,19,0.7,nao,860000.0
I02694,casa,Vila Nova,138.0,2.0,1.0,3.0,15,1.7,nao,670000.0
I02695,casa,Vila Nova,181.0,5.0,4.0,3.0,49,,sim,671000.0
I02696,casa,Centro,149.0,4.0,2.0,2.0,2,0.8,nao,973000.0
I02697,casa,Vila Nova,130.0,5.0,4.0,1.0,31,4.0,nao,375000.0
I02698,apartamento,Centro,54.0,1.0,1.0,2.0,42,3.6,sim,272000.0
I02699,apartamento,Jardins,83.0,2.0,1.0,1.0,7,5.8,nao,758000.0
I02700,apartamento,Centro,62.0,1.0,1.0,1.0,12,0.6,nao,388000.0
I02701,casa,Centro,109.0,2.0,2.0,2.0,47,1.2,sim,685000.0
I02702,apartamento,Vila Nova,49.0,1.0,1.0,1.0,37,3.7,nao,143000.0
I02703,apartamento,Centro,100.0,3.0,2.0,1.0,44,0.2,nao,407000.0
I02704,apartamento,Industrial,42.0,1.0,1.0,-0.0,5,0.3,nao,123000.0
I02705,apartamento,Industrial,83.0,2.0,2.0,2.0,12,0.8,nao,285000.0
I02706,apartamento,Centro,71.0,3.0,2.0,1.0,47,0.7,nao,355000.0
I02707,casa,Industrial,116.0,3.0,2.0,3.0,4,0.5,nao,447000.0
I02708,apartamento,Vila Nova,54.0,2.0,1.0,1.0,43,1.5,nao,163000.0
I02709,apartamento,Jardins,70.0,2.0,1.0,2.0,38,8.2,nao,422000.0
I02710,apartamento,Centro,58.0,2.0,2.0,0.0,46,1.5,nao,244000.0
I02711,apartamento,Vila Nova,57.0,3.0,3.0,0.0,10,0.6,nao,301000.0
I02712,apartamento,Industrial,99.0,2.0,2.0,1.0,35,2.3,sim,263000.0
I02713,casa,Centro,133.0,4.0,3.0,2.0,47,1.1,nao,653000.0
I02714,apartamento,Industrial,70.0,3.0,2.0,2.0,9,0.2,nao,265000.0
I02715,apartamento,Vila Nova,53.0,2.0,2.0,1.0,46,2.9,nao,196000.0
I02716,apartamento,Centro,99.0,2.0,1.0,1.0,25,0.6,nao,630000.0
I02717,casa,Vila Nova,215.0,4.0,3.0,3.0,4,0.3,nao,1009000.0
I02718,casa,Centro,151.0,6.0,3.0,2.0,18,0.1,sim,1381000.0
I02719,apartamento,Vila Nova,115.0,2.0,2.0,2.0,31,1.6,nao,486000.0
I02720,apartamento,Centro,58.0,3.0,3.0,1.0,7,0.8,nao,471000.0
I02721,casa,Jardins,193.0,4.0,3.0,3.0,1,0.6,sim,2666000.0
I02722,apartamento,Centro,61.0,1.0,1.0,,17,0.6,nao,419000.0
I02723,apartamento,Industrial,59.0,2.0,2.0,0.0,37,4.6,nao,125000.0
I02724,apartamento,Jardins,114.0,3.0,3.0,2.0,46,1.0,nao,741000.0
I02725,apartamento,Vila Nova,62.0,3.0,2.0,1.0,48,0.6,nao,188000.0
I02726,apartamento,Centro,50.0,1.0,1.0,1.0,38,5.1,nao,223000.0
I02727,apartamento,Vila Nova,37.0,2.0,2.0,-0.0,11,0.2,nao,208000.0
I02728,apartamento,Centro,70.0,2.0,2.0,1.0,27,1.5,nao,351000.0
I02729,casa,Vila Nova,98.0,2.0,1.0,1.0,45,2.3,nao,318000.0
I02730,casa,Centro,279.0,7.0,6.0,4.0,16,0.3,sim,2546000.0
I02731,casa,Industrial,257.0,7.0,5.0,3.0,11,0.4,nao,973000.0
I02732,casa,Vila Nova,49.0,2.0,2.0,0.0,26,2.4,nao,154000.0
I02733,apartamento,Industrial,124.0,3.0,2.0,3.0,40,2.1,nao,352000.0
I02734,apartamento,Centro,53.0,2.0,1.0,1.0,50,0.6,nao,200000.0
I02735,apartamento,Jardins,108.0,3.0,3.0,1.0,25,1.3,nao,1255000.0
I02736,casa,Vila Nova,203.0,5.0,3.0,3.0,9,8.7,sim,1013000.0
I02737,apartamento,Vila Nova,112.0,2.0,2.0,2.0,41,6.8,sim,372000.0
I02738,casa,Beira-Mar,263.0,7.0,5.0,5.0,11,,sim,4235000.0
I02739,apartamento,Centro,47.0,1.0,1.0,0.0,42,6.4,nao,175000.0
I02740,casa,Beira-Mar,97.0,3.0,2.0,1.0,41,2.5,nao,946000.0
I02741,apartamento,Vila Nova,93.0,3.0,2.0,1.0,36,8.2,nao,252000.0
I02742,apartamento,Industrial,73.0,2.0,1.0,-0.0,26,1.4,sim,200000.0
I02743,casa,Beira-Mar,177.0,5.0,4.0,1.0,21,0.2,sim,2298000.0
I02744,apartamento,Jardins,62.0,1.0,1.0,1.0,31,8.8,nao,379000.0
I02745,apartamento,Centro,95.0,3.0,3.0,1.0,37,0.1,nao,536000.0
I02746,casa,Vila Nova,89.0,2.0,2.0,1.0,22,3.7,sim,362000.0
I02747,apartamento,Vila Nova,139.0,4.0,3.0,1.0,17,4.1,nao,491000.0
I02748,apartamento,Industrial,166.0,4.0,4.0,2.0,1,2.1,sim,606000.0
I02749,casa,Centro,74.0,2.0,1.0,1.0,28,2.0,nao,295000.0
I02750,apartamento,Vila Nova,121.0,2.0,2.0,1.0,8,2.2,nao,526000.0
I02751,casa,Industrial,76.0,3.0,2.0,1.0,39,5.2,nao,139000.0
I02752,casa,Centro,172.0,4.0,4.0,2.0,32,6.0,sim,762000.0
I02753,apartamento,Centro,50.0,1.0,1.0,0.0,3,0.2,nao,378000.0
I02754,apartamento,Centro,82.0,2.0,1.0,0.0,20,2.6,nao,532000.0
I02755,apartamento,Centro,45.0,1.0,1.0,1.0,20,2.8,nao,217000.0
I02756,apartamento,Centro,81.0,3.0,2.0,0.0,3,0.1,nao,634000.0
I02757,apartamento,Vila Nova,66.0,1.0,1.0,1.0,42,1.6,nao,214000.0
I02758,casa,Vila Nova,128.0,4.0,2.0,2.0,45,6.5,sim,362000.0
I02759,casa,Centro,159.0,5.0,4.0,2.0,4,0.8,nao,1013000.0
I02760,apartamento,Jardins,39.0,1.0,1.0,-0.0,34,0.8,sim,319000.0
I02761,apartamento,Jardins,87.0,3.0,2.0,1.0,10,5.5,sim,942000.0
I02762,apartamento,Vila Nova,63.0,2.0,1.0,0.0,44,1.0,nao,188000.0
I02763,casa,Jardins,81.0,2.0,1.0,1.0,18,5.7,nao,680000.0
I02764,apartamento,Centro,89.0,3.0,2.0,,29,2.3,nao,541000.0
I02765,apartamento,Centro,56.0,2.0,2.0,1.0,16,2.6,nao,348000.0
I02766,apartamento,Centro,69.0,1.0,1.0,1.0,36,4.7,nao,278000.0
I02767,apartamento,Industrial,78.0,2.0,2.0,2.0,19,2.1,nao,317000.0
I02768,casa,Centro,137.0,3.0,2.0,2.0,31,1.4,sim,825000.0
I02769,casa,Jardins,138.0,4.0,4.0,1.0,30,2.3,nao,947000.0
I02770,apartamento,Jardins,86.0,2.0,1.0,1.0,5,0.1,nao,940000.0
I02771,apartamento,Beira-Mar,64.0,3.0,2.0,1.0,24,1.4,sim,747000.0
I02772,apartamento,Beira-Mar,100.0,1.0,1.0,1.0,10,4.0,nao,1045000.0
I02773,apartamento,Beira-Mar,105.0,3.0,2.0,1.0,35,2.7,sim,1109000.0
I02774,casa,Vila Nova,114.0,3.0,2.0,2.0,3,4.7,nao,448000.0
I02775,apartamento,Vila Nova,58.0,1.0,1.0,0.0,6,0.5,sim,267000.0
I02776,apartamento,Industrial,87.0,1.0,1.0,1.0,28,0.2,sim,251000.0
I02777,apartamento,Centro,126.0,4.0,3.0,2.0,12,1.3,nao,871000.0
I02778,apartamento,Vila Nova,103.0,2.0,1.0,1.0,20,2.3,sim,359000.0
I02779,apartamento,Vila Nova,51.0,2.0,2.0,1.0,23,,nao,249000.0
I02780,casa,Vila Nova,126.0,3.0,3.0,1.0,12,1.1,nao,520000.0
I02781,apartamento,Industrial,53.0,1.0,1.0,1.0,48,0.2,nao,144000.0
I02782,apartamento,Beira-Mar,117.0,3.0,2.0,1.0,24,2.8,nao,1144000.0
I02783,casa,Vila Nova,162.0,5.0,4.0,2.0,28,0.3,sim,886000.0
I02784,apartamento,Jardins,49.0,1.0,1.0,1.0,17,2.6,nao,405000.0
I02785,apartamento,Industrial,60.0,1.0,1.0,-0.0,22,2.9,nao,195000.0
I02786,casa,Jardins,101.0,3.0,2.0,2.0,50,1.5,sim,789000.0
I02787,apartamento,Beira-Mar,61.0,2.0,2.0,1.0,9,9.1,nao,422000.0
I02788,apartamento,Jardins,85.0,3.0,3.0,2.0,41,,nao,662000.0
I02789,apartamento,Vila Nova,56.0,3.0,2.0,2.0,8,4.1,nao,251000.0
I02790,apartamento,Jardins,72.0,1.0,1.0,1.0,49,3.1,nao,448000.0
I02791,apartamento,Vila Nova,78.0,1.0,1.0,1.0,22,10.8,nao,236000.0
I02792,casa,Jardins,72.0,2.0,1.0,1.0,47,4.1,nao,372000.0
I02793,apartamento,Beira-Mar,39.0,1.0,1.0,1.0,7,1.3,nao,427000.0
I02794,casa,Vila Nova,118.0,3.0,2.0,2.0,40,2.0,nao,361000.0
I02795,apartamento,Vila Nova,51.0,1.0,1.0,1.0,8,3.3,nao,223000.0
I02796,apartamento,Vila Nova,81.0,2.0,2.0,1.0,13,7.4,nao,289000.0
I02797,apartamento,Vila Nova,62.0,2.0,2.0,2.0,7,0.1,nao,289000.0
I02798,casa,Beira-Mar,180.0,4.0,3.0,2.0,42,0.8,nao,1821000.0
I02799,casa,Vila Nova,167.0,7.0,5.0,2.0,18,0.7,sim,902000.0
I02800,apartamento,Vila Nova,95.0,2.0,2.0,1.0,32,1.5,nao,366000.0
I02801,casa,Centro,116.0,3.0,2.0,2.0,23,1.0,sim,679000.0
I02802,apartamento,Centro,65.0,3.0,3.0,1.0,26,4.0,nao,338000.0
I02803,apartamento,Beira-Mar,141.0,4.0,3.0,2.0,26,0.9,nao,1506000.0
I02804,apartamento,Industrial,49.0,1.0,1.0,0.0,38,2.5,nao,116000.0
I02805,apartamento,Jardins,88.0,2.0,1.0,2.0,32,1.9,nao,717000.0
I02806,apartamento,Centro,100.0,4.0,2.0,2.0,31,0.3,nao,571000.0
I02807,apartamento,Beira-Mar,83.0,2.0,1.0,1.0,22,5.2,nao,638000.0
I02808,apartamento,Industrial,96.0,2.0,1.0,1.0,29,0.7,sim,325000.0
I02809,casa,Beira-Mar,140.0,4.0,3.0,1.0,18,1.1,sim,1612000.0
I02810,apartamento,Jardins,83.0,3.0,3.0,2.0,30,0.4,nao,886000.0
I02811,apartamento,Vila Nova,76.0,2.0,2.0,1.0,35,0.4,nao,364000.0
I02812,apartamento,Industrial,43.0,1.0,1.0,1.0,39,1.3,nao,102000.0
I02813,apartamento,Centro,65.0,1.0,1.0,2.0,21,2.5,nao,336000.0
I02814,casa,Centro,82.0,1.0,1.0,1.0,32,,nao,419000.0
I02815,apartamento,Industrial,87.0,2.0,1.0,1.0,39,0.1,nao,277000.0
I02816,casa,Vila Nova,151.0,5.0,3.0,2.0,37,3.3,sim,497000.0
I02817,apartamento,Vila Nova,98.0,1.0,1.0,2.0,20,5.2,nao,334000.0
I02818,apartamento,Centro,47.0,1.0,1.0,0.0,33,4.5,nao,194000.0
I02819,casa,Beira-Mar,145.0,3.0,2.0,2.0,15,0.2,sim,2372000.0
I02820,apartamento,Vila Nova,73.0,2.0,2.0,1.0,7,1.2,nao,321000.0
I02821,casa,Jardins,283.0,7.0,6.0,5.0,45,3.0,nao,2439000.0
I02822,casa,Vila Nova,131.0,4.0,2.0,1.0,34,0.3,nao,475000.0
I02823,apartamento,Industrial,58.0,2.0,2.0,0.0,17,0.8,sim,224000.0
I02824,apartamento,Industrial,71.0,2.0,2.0,-0.0,50,0.1,nao,168000.0
I02825,apartamento,Centro,125.0,3.0,2.0,2.0,0,0.2,nao,1077000.0
I02826,casa,Centro,189.0,5.0,3.0,3.0,11,4.4,sim,1195000.0
I02827,apartamento,Vila Nova,88.0,2.0,2.0,1.0,50,0.8,nao,264000.0
I02828,apartamento,Vila Nova,65.0,2.0,1.0,1.0,26,3.2,nao,260000.0
I02829,casa,Industrial,130.0,3.0,3.0,3.0,43,0.4,sim,420000.0
I02830,casa,Vila Nova,236.0,6.0,4.0,3.0,22,2.5,nao,911000.0
I02831,apartamento,Beira-Mar,60.0,1.0,1.0,1.0,18,3.2,nao,605000.0
I02832,casa,Beira-Mar,118.0,2.0,2.0,1.0,23,1.4,sim,1408000.0
I02833,apartamento,Vila Nova,39.0,2.0,1.0,1.0,6,0.1,nao,160000.0
I02834,apartamento,Jardins,41.0,1.0,1.0,0.0,38,1.7,nao,289000.0
I02835,apartamento,Vila Nova,104.0,3.0,2.0,1.0,20,4.9,nao,378000.0
I02836,apartamento,Vila Nova,34.0,2.0,1.0,0.0,11,5.8,sim,129000.0
I02837,casa,Jardins,246.0,7.0,5.0,4.0,32,7.2,sim,2043000.0
I02838,casa,Jardins,128.0,3.0,2.0,2.0,48,1.6,sim,801000.0
I02839,apartamento,Centro,80.0,1.0,1.0,2.0,7,0.5,nao,594000.0
I02840,casa,Centro,203.0,5.0,4.0,3.0,24,1.9,nao,1003000.0
I02841,apartamento,Centro,57.0,2.0,2.0,-0.0,18,5.2,nao,294000.0
I02842,apartamento,Vila Nova,86.0,1.0,1.0,1.0,38,3.3,sim,309000.0
I02843,casa,Vila Nova,98.0,3.0,3.0,2.0,50,0.6,nao,289000.0
I02844,apartamento,Industrial,56.0,1.0,1.0,1.0,10,3.1,nao,143000.0
I02845,apartamento,Centro,82.0,2.0,1.0,1.0,18,0.8,nao,554000.0
I02846,apartamento,Industrial,81.0,2.0,2.0,1.0,43,5.3,nao,162000.0
I02847,apartamento,Vila Nova,79.0,1.0,1.0,1.0,49,1.0,nao,282000.0
I02848,apartamento,Beira-Mar,117.0,3.0,3.0,2.0,22,1.0,nao,1348000.0
I02849,apartamento,Centro,68.0,2.0,1.0,1.0,23,3.6,nao,283000.0
I02850,casa,Jardins,246.0,6.0,3.0,3.0,21,1.1,sim,3213000.0
I02851,apartamento,Centro,71.0,2.0,1.0,1.0,21,3.0,nao,415000.0
I02852,casa,Jardins,173.0,4.0,2.0,2.0,10,3.0,sim,1994000.0
I02853,apartamento,Jardins,90.0,3.0,2.0,1.0,40,0.9,nao,603000.0
I02854,apartamento,Jardins,59.0,3.0,2.0,0.0,43,1.9,nao,571000.0
I02855,apartamento,Industrial,75.0,2.0,1.0,1.0,44,,nao,213000.0
I02856,casa,Industrial,84.0,2.0,1.0,1.0,45,0.5,nao,259000.0
I02857,casa,Centro,145.0,6.0,4.0,2.0,41,6.8,nao,544000.0
I02858,apartamento,Jardins,72.0,3.0,2.0,2.0,34,0.7,nao,693000.0
I02859,casa,Jardins,169.0,4.0,2.0,3.0,36,0.3,nao,1604000.0
I02860,apartamento,Industrial,67.0,1.0,1.0,1.0,34,0.6,nao,158000.0
I02861,apartamento,Vila Nova,131.0,5.0,4.0,1.0,6,0.2,nao,699000.0
I02862,apartamento,Industrial,39.0,1.0,1.0,1.0,29,2.6,nao,105000.0
I02863,apartamento,Jardins,46.0,1.0,2.0,1.0,14,2.6,sim,486000.0
I02864,casa,Vila Nova,100.0,3.0,2.0,2.0,22,2.4,nao,385000.0
I02865,apartamento,Centro,69.0,2.0,2.0,0.0,49,3.3,nao,267000.0
I02866,apartamento,Centro,53.0,1.0,1.0,1.0,37,1.7,nao,326000.0
I02867,apartamento,Vila Nova,46.0,1.0,1.0,0.0,3,0.6,nao,207000.0
I02868,casa,Vila Nova,117.0,3.0,2.0,1.0,6,0.5,sim,586000.0
I02869,casa,Industrial,84.0,1.0,2.0,2.0,8,2.4,nao,279000.0
I02870,apartamento,Vila Nova,79.0,2.0,1.0,1.0,23,0.1,nao,370000.0
I02871,apartamento,Centro,78.0,3.0,2.0,1.0,26,1.1,nao,473000.0
I02872,apartamento,Vila Nova,45.0,2.0,1.0,0.0,41,5.3,sim,136000.0
I02873,apartamento,Centro,95.0,2.0,1.0,1.0,3,1.2,nao,574000.0
I02874,apartamento,Vila Nova,44.0,1.0,1.0,,24,0.1,nao,157000.0
I02875,casa,Centro,116.0,3.0,1.0,1.0,8,2.5,sim,772000.0
I02876,apartamento,Jardins,76.0,1.0,1.0,1.0,46,0.2,nao,560000.0
I02877,apartamento,Centro,72.0,2.0,1.0,1.0,21,2.7,nao,415000.0
I02878,apartamento,Vila Nova,41.0,1.0,1.0,-0.0,35,4.0,nao,128000.0
I02879,casa,Vila Nova,164.0,5.0,4.0,2.0,11,0.3,nao,934000.0
I02880,apartamento,Centro,69.0,3.0,1.0,1.0,16,,nao,424000.0
I02881,apartamento,Centro,136.0,4.0,3.0,2.0,34,5.5,nao,681000.0
I02882,apartamento,Jardins,86.0,3.0,2.0,2.0,26,6.1,nao,564000.0
I02883,apartamento,Industrial,117.0,2.0,2.0,1.0,10,2.4,nao,387000.0
I02884,apartamento,Industrial,50.0,1.0,1.0,1.0,27,3.8,nao,138000.0
I02885,casa,Vila Nova,81.0,1.0,1.0,2.0,50,0.4,nao,308000.0
I02886,apartamento,Beira-Mar,111.0,3.0,2.0,1.0,16,0.7,nao,1258000.0
I02887,apartamento,Centro,79.0,3.0,2.0,1.0,41,4.3,nao,378000.0
I02888,casa,Centro,265.0,7.0,5.0,4.0,37,1.2,nao,1824000.0
I02889,apartamento,Beira-Mar,104.0,3.0,2.0,0.0,22,0.4,nao,1061000.0
I02890,casa,Industrial,203.0,5.0,3.0,3.0,36,2.3,nao,543000.0
I02891,apartamento,Centro,82.0,2.0,1.0,1.0,12,1.4,nao,555000.0
I02892,apartamento,Beira-Mar,52.0,1.0,1.0,0.0,35,0.1,nao,478000.0
I02893,apartamento,Centro,49.0,1.0,1.0,1.0,7,0.3,nao,334000.0
I02894,casa,Jardins,69.0,2.0,2.0,2.0,28,2.2,sim,603000.0
I02895,apartamento,Beira-Mar,58.0,3.0,2.0,1.0,1,1.3,nao,773000.0
I02896,casa,Vila Nova,139.0,5.0,4.0,1.0,41,4.6,nao,358000.0
I02897,apartamento,Beira-Mar,68.0,1.0,1.0,1.0,38,4.0,nao,505000.0
I02898,casa,Jardins,141.0,3.0,2.0,1.0,19,3.4,sim,1572000.0
I02899,apartamento,Vila Nova,33.0,1.0,1.0,2.0,26,4.7,nao,130000.0
I02900,apartamento,Beira-Mar,75.0,2.0,1.0,1.0,36,2.1,nao,620000.0
I02901,apartamento,Centro,120.0,2.0,2.0,2.0,1,4.8,nao,649000.0
I02902,apartamento,Centro,53.0,1.0,1.0,1.0,36,1.5,nao,208000.0
I02903,apartamento,Centro,42.0,1.0,1.0,0.0,4,5.3,nao,195000.0
I02904,apartamento,Jardins,40.0,1.0,1.0,0.0,14,0.1,nao,340000.0
I02905,apartamento,Centro,56.0,1.0,1.0,2.0,3,3.4,nao,368000.0
I02906,apartamento,Vila Nova,61.0,2.0,1.0,2.0,34,4.6,nao,205000.0
I02907,casa,Jardins,149.0,3.0,1.0,2.0,24,0.5,sim,1327000.0
I02908,casa,Industrial,183.0,4.0,2.0,2.0,9,3.7,sim,646000.0
I02909,apartamento,Industrial,50.0,3.0,2.0,1.0,34,2.3,sim,121000.0
I02910,casa,Vila Nova,117.0,2.0,2.0,2.0,16,0.2,nao,591000.0
I02911,apartamento,Industrial,39.0,3.0,2.0,0.0,46,4.1,nao,67000.0
I02912,casa,Industrial,171.0,4.0,2.0,3.0,29,0.2,nao,587000.0
I02913,apartamento,Vila Nova,61.0,1.0,1.0,0.0,32,0.9,nao,207000.0
I02914,apartamento,Jardins,64.0,1.0,1.0,1.0,23,0.1,nao,576000.0
I02915,casa,Industrial,220.0,6.0,4.0,3.0,43,2.6,nao,612000.0
I02916,apartamento,Jardins,72.0,1.0,1.0,0.0,31,1.5,nao,500000.0
I02917,apartamento,Jardins,126.0,4.0,2.0,2.0,27,6.9,sim,1168000.0
I02918,casa,Vila Nova,181.0,4.0,2.0,2.0,40,0.2,nao,651000.0
I02919,apartamento,Centro,60.0,2.0,2.0,1.0,37,1.0,nao,287000.0
I02920,apartamento,Centro,47.0,2.0,2.0,0.0,35,3.6,sim,235000.0
I02921,casa,Vila Nova,132.0,3.0,2.0,3.0,13,3.0,nao,605000.0
I02922,apartamento,Centro,100.0,3.0,2.0,1.0,11,1.5,nao,561000.0
I02923,apartamento,Industrial,43.0,1.0,1.0,1.0,0,3.3,nao,136000.0
I02924,apartamento,Industrial,56.0,2.0,1.0,-0.0,15,0.2,nao,180000.0
I02925,casa,Vila Nova,104.0,3.0,2.0,2.0,25,0.1,sim,439000.0
I02926,apartamento,Centro,60.0,1.0,1.0,1.0,28,0.6,nao,385000.0
I02927,casa,Jardins,160.0,5.0,4.0,2.0,13,1.8,nao,1677000.0
I02928,apartamento,Vila Nova,75.0,2.0,1.0,1.0,47,0.1,nao,277000.0
I02929,apartamento,Centro,74.0,2.0,1.0,1.0,38,3.1,nao,361000.0
I02930,casa,Jardins,86.0,3.0,1.0,-0.0,1,3.4,nao,739000.0
I02931,apartamento,Centro,90.0,3.0,2.0,2.0,15,4.2,nao,484000.0
I02932,apartamento,Vila Nova,99.0,2.0,1.0,1.0,22,2.3,nao,406000.0
I02933,casa,Industrial,128.0,4.0,2.0,1.0,16,0.3,nao,471000.0
I02934,apartamento,Industrial,51.0,1.0,1.0,1.0,5,4.6,nao,103000.0
I02935,apartamento,Centro,93.0,2.0,2.0,2.0,15,0.5,nao,574000.0
I02936,apartamento,Centro,112.0,2.0,1.0,1.0,8,8.3,nao,476000.0
I02937,casa,Beira-Mar,160.0,4.0,4.0,1.0,37,3.1,sim,1295000.0
I02938,apartamento,Centro,54.0,1.0,1.0,2.0,35,2.8,nao,246000.0
I02939,apartamento,Vila Nova,48.0,1.0,1.0,0.0,8,3.7,nao,191000.0
I02940,apartamento,Vila Nova,85.0,1.0,1.0,1.0,27,0.1,sim,475000.0
I02941,apartamento,Jardins,40.0,2.0,2.0,-0.0,11,4.2,sim,353000.0
I02942,apartamento,Jardins,43.0,1.0,1.0,2.0,30,0.5,sim,564000.0
I02943,apartamento,Vila Nova,75.0,2.0,1.0,2.0,33,0.9,nao,393000.0
I02944,apartamento,Jardins,121.0,3.0,1.0,1.0,7,7.4,nao,1033000.0
I02945,casa,Jardins,209.0,5.0,3.0,4.0,17,3.0,nao,1953000.0
I02946,casa,Beira-Mar,160.0,4.0,3.0,3.0,1,1.0,nao,1857000.0
I02947,apartamento,Industrial,34.0,1.0,1.0,1.0,40,0.3,nao,92000.0
I02948,apartamento,Vila Nova,30.0,1.0,1.0,1.0,18,2.3,nao,136000.0
I02949,apartamento,Jardins,66.0,2.0,1.0,1.0,8,1.1,nao,733000.0
I02950,casa,Jardins,260.0,7.0,5.0,5.0,36,1.1,nao,3059000.0
I02951,casa,Beira-Mar,102.0,3.0,3.0,3.0,15,1.7,sim,1797000.0
I02952,casa,Vila Nova,189.0,6.0,4.0,4.0,2,0.8,nao,1202000.0
I02953,casa,Centro,156.0,4.0,3.0,1.0,25,0.3,nao,880000.0
I02954,apartamento,Vila Nova,57.0,2.0,1.0,1.0,11,2.2,nao,234000.0
I02955,apartamento,Centro,61.0,2.0,1.0,1.0,25,1.5,nao,316000.0
I02956,casa,Industrial,78.0,2.0,1.0,1.0,8,1.5,sim,301000.0
I02957,apartamento,Jardins,82.0,3.0,2.0,1.0,10,0.5,nao,823000.0
I02958,casa,Centro,111.0,2.0,1.0,2.0,29,2.2,nao,550000.0
I02959,apartamento,Vila Nova,94.0,2.0,1.0,2.0,27,2.2,nao,367000.0
I02960,apartamento,Beira-Mar,65.0,2.0,2.0,2.0,44,0.1,nao,690000.0
I02961,apartamento,Beira-Mar,63.0,1.0,1.0,1.0,35,5.4,nao,466000.0
I02962,casa,Jardins,67.0,3.0,2.0,1.0,25,5.2,nao,550000.0
I02963,apartamento,Vila Nova,77.0,3.0,3.0,1.0,32,0.1,nao,272000.0
I02964,apartamento,Vila Nova,84.0,3.0,2.0,2.0,36,0.1,nao,423000.0
I02965,apartamento,Beira-Mar,109.0,3.0,2.0,2.0,32,0.3,nao,1112000.0
I02966,apartamento,Vila Nova,52.0,1.0,1.0,2.0,19,1.8,nao,201000.0
I02967,apartamento,Centro,77.0,2.0,1.0,2.0,39,2.1,nao,421000.0
I02968,casa,Jardins,161.0,5.0,3.0,3.0,50,12.3,sim,836000.0
I02969,casa,Vila Nova,90.0,3.0,2.0,,14,6.3,sim,314000.0
I02970,apartamento,Centro,56.0,2.0,1.0,2.0,19,1.6,nao,368000.0
I02971,casa,Industrial,92.0,1.0,1.0,0.0,13,0.5,nao,277000.0
I02972,casa,Centro,95.0,2.0,1.0,1.0,1,0.2,nao,639000.0
I02973,apartamento,Centro,61.0,2.0,1.0,0.0,18,1.2,nao,319000.0
I02974,casa,Centro,110.0,3.0,2.0,2.0,43,2.4,nao,440000.0
I02975,apartamento,Centro,70.0,2.0,2.0,,30,0.4,nao,425000.0
I02976,casa,Industrial,174.0,5.0,3.0,3.0,46,0.7,nao,472000.0
I02977,apartamento,Beira-Mar,86.0,2.0,1.0,-0.0,26,0.8,sim,1091000.0
I02978,apartamento,Centro,92.0,2.0,1.0,2.0,26,4.2,nao,449000.0
I02979,casa,Industrial,128.0,4.0,2.0,2.0,28,2.9,nao,373000.0
I02980,casa,Vila Nova,117.0,2.0,2.0,1.0,1,0.8,nao,688000.0
I02981,casa,Vila Nova,91.0,2.0,2.0,1.0,40,0.8,sim,345000.0
I02982,casa,Centro,179.0,5.0,4.0,3.0,15,1.1,nao,987000.0
I02983,apartamento,Industrial,99.0,3.0,2.0,2.0,6,2.4,nao,292000.0
I02984,apartamento,Vila Nova,109.0,3.0,1.0,2.0,25,0.1,nao,476000.0
I02985,apartamento,Centro,78.0,1.0,1.0,0.0,42,0.1,nao,301000.0
I02986,casa,Vila Nova,119.0,3.0,3.0,2.0,9,1.7,nao,544000.0
I02987,casa,Centro,96.0,2.0,1.0,2.0,9,3.4,nao,584000.0
I02988,casa,Centro,88.0,3.0,3.0,1.0,26,2.2,nao,462000.0
I02989,apartamento,Centro,35.0,1.0,1.0,0.0,46,1.7,nao,129000.0
I02990,apartamento,Jardins,100.0,3.0,2.0,1.0,26,2.0,sim,771000.0
I02991,apartamento,Beira-Mar,80.0,2.0,1.0,1.0,7,2.5,sim,1136000.0
I02992,casa,Vila Nova,317.0,7.0,5.0,5.0,1,0.7,sim,2745000.0
I02993,apartamento,Vila Nova,67.0,2.0,2.0,1.0,34,8.1,sim,242000.0
I02994,casa,Centro,143.0,4.0,2.0,2.0,5,4.1,nao,823000.0
I02995,casa,Centro,159.0,4.0,4.0,4.0,37,4.5,nao,698000.0
I02996,casa,Vila Nova,173.0,6.0,4.0,2.0,20,2.6,sim,717000.0
I02997,apartamento,Industrial,55.0,2.0,2.0,1.0,45,0.6,nao,145000.0
I02998,casa,Vila Nova,138.0,4.0,3.0,1.0,41,0.3,nao,445000.0
I02999,apartamento,Centro,92.0,3.0,1.0,1.0,11,1.8,sim,624000.0
I03000,apartamento,Centro,122.0,5.0,3.0,2.0,27,0.9,nao,749000.0
I03001,apartamento,Centro,51.0,2.0,1.0,1.0,7,2.6,nao,367000.0
I03002,casa,Centro,150.0,4.0,2.0,2.0,34,0.7,sim,1063000.0
I03003,casa,Vila Nova,145.0,4.0,2.0,1.0,2,5.8,sim,702000.0
I03004,casa,Centro,127.0,3.0,2.0,2.0,8,4.6,sim,671000.0
I03005,casa,Centro,199.0,6.0,5.0,3.0,33,4.7,nao,912000.0
I03006,casa,Vila Nova,311.0,7.0,6.0,3.0,16,0.6,sim,1753000.0
I03007,casa,Centro,159.0,4.0,3.0,4.0,15,0.1,nao,1092000.0
I03008,casa,Centro,107.0,3.0,2.0,2.0,47,3.1,sim,471000.0
I03009,apartamento,Industrial,42.0,1.0,1.0,0.0,23,0.4,nao,146000.0
I03010,apartamento,Beira-Mar,68.0,1.0,2.0,1.0,37,0.5,nao,909000.0
I03011,apartamento,Industrial,97.0,2.0,2.0,0.0,15,1.3,sim,286000.0
I03012,apartamento,Centro,65.0,2.0,1.0,0.0,45,3.1,nao,241000.0
I03013,casa,Industrial,153.0,4.0,3.0,2.0,44,1.4,nao,317000.0
I03014,casa,Vila Nova,277.0,7.0,5.0,3.0,31,0.7,nao,1123000.0
I03015,apartamento,Centro,88.0,3.0,2.0,1.0,24,0.1,nao,671000.0
I03016,casa,Jardins,143.0,4.0,3.0,3.0,11,0.9,sim,1594000.0
I03017,apartamento,Centro,44.0,2.0,2.0,1.0,17,0.4,nao,291000.0
I03018,casa,Jardins,186.0,5.0,4.0,,39,1.9,sim,2129000.0
I03019,apartamento,Centro,85.0,1.0,1.0,1.0,18,1.3,nao,548000.0
I03020,casa,Jardins,187.0,5.0,4.0,4.0,26,0.8,nao,2136000.0
I03021,apartamento,Centro,45.0,1.0,1.0,1.0,21,0.8,nao,259000.0
I03022,casa,Jardins,138.0,3.0,3.0,1.0,18,2.2,nao,1135000.0
I03023,casa,Jardins,172.0,4.0,2.0,3.0,41,8.3,sim,1199000.0
I03024,apartamento,Industrial,42.0,1.0,1.0,0.0,39,2.1,nao,109000.0
I03025,apartamento,Centro,73.0,1.0,1.0,1.0,5,4.1,nao,360000.0
I03026,apartamento,Industrial,102.0,2.0,2.0,1.0,29,4.4,nao,253000.0
I03027,apartamento,Beira-Mar,56.0,2.0,1.0,1.0,29,2.3,nao,529000.0
I03028,apartamento,Vila Nova,101.0,3.0,2.0,2.0,20,,nao,385000.0
I03029,apartamento,Vila Nova,71.0,2.0,2.0,1.0,30,7.2,nao,197000.0
I03030,casa,Jardins,145.0,5.0,4.0,3.0,17,3.5,nao,1379000.0
I03031,apartamento,Industrial,99.0,1.0,1.0,1.0,8,0.2,nao,353000.0
I03032,apartamento,Industrial,55.0,2.0,1.0,1.0,10,3.3,nao,183000.0
I03033,casa,Beira-Mar,89.0,3.0,2.0,0.0,12,0.1,sim,1160000.0
I03034,apartamento,Industrial,64.0,1.0,1.0,1.0,13,2.2,nao,175000.0
I03035,apartamento,Beira-Mar,79.0,1.0,1.0,2.0,14,5.4,nao,739000.0
I03036,casa,Beira-Mar,158.0,4.0,3.0,3.0,19,8.9,sim,1608000.0
I03037,apartamento,Centro,78.0,3.0,2.0,2.0,42,3.1,nao,409000.0
I03038,casa,Jardins,108.0,2.0,2.0,1.0,43,0.1,sim,1013000.0
I03039,casa,Centro,165.0,4.0,3.0,2.0,21,0.6,nao,967000.0
I03040,apartamento,Beira-Mar,67.0,1.0,1.0,0.0,39,5.7,sim,648000.0
I03041,apartamento,Jardins,119.0,4.0,3.0,2.0,16,2.7,nao,1159000.0
I03042,apartamento,Beira-Mar,96.0,2.0,1.0,2.0,15,0.3,nao,1741000.0
I03043,apartamento,Jardins,84.0,2.0,2.0,2.0,35,3.9,nao,668000.0
I03044,apartamento,Centro,66.0,2.0,1.0,1.0,50,0.6,nao,327000.0
I03045,apartamento,Industrial,62.0,1.0,1.0,1.0,44,2.8,nao,166000.0
I03046,casa,Jardins,129.0,2.0,1.0,2.0,41,1.4,sim,998000.0
I03047,casa,Centro,154.0,4.0,2.0,2.0,31,0.8,sim,958000.0
I03048,casa,Vila Nova,197.0,6.0,4.0,3.0,40,0.4,nao,697000.0
I03049,casa,Centro,84.0,3.0,2.0,2.0,30,0.4,nao,485000.0
I03050,apartamento,Centro,59.0,2.0,2.0,2.0,15,1.3,nao,332000.0
I03051,apartamento,Centro,108.0,3.0,2.0,2.0,25,6.7,nao,601000.0
I03052,apartamento,Industrial,57.0,2.0,2.0,1.0,18,2.6,nao,181000.0
I03053,casa,Beira-Mar,104.0,3.0,1.0,1.0,20,0.5,sim,1213000.0
I03054,casa,Industrial,203.0,5.0,4.0,3.0,41,0.9,sim,644000.0
I03055,casa,Vila Nova,167.0,4.0,2.0,2.0,17,0.8,sim,881000.0
I03056,casa,Vila Nova,151.0,4.0,4.0,,7,1.7,nao,802000.0
I03057,apartamento,Centro,87.0,2.0,1.0,2.0,9,0.3,nao,574000.0
I03058,apartamento,Vila Nova,63.0,2.0,2.0,1.0,33,0.8,nao,267000.0
I03059,apartamento,Vila Nova,71.0,1.0,1.0,1.0,19,0.9,sim,315000.0
I03060,apartamento,Industrial,72.0,1.0,1.0,1.0,23,0.2,nao,254000.0
I03061,apartamento,Industrial,62.0,1.0,1.0,0.0,25,0.1,nao,189000.0
I03062,apartamento,Beira-Mar,62.0,1.0,1.0,1.0,45,0.1,nao,556000.0
I03063,casa,Industrial,103.0,2.0,2.0,1.0,22,6.0,nao,265000.0
I03064,apartamento,Industrial,59.0,1.0,1.0,2.0,37,2.3,nao,184000.0
I03065,apartamento,Jardins,60.0,3.0,3.0,1.0,43,1.9,nao,416000.0
I03066,apartamento,Centro,36.0,1.0,1.0,0.0,31,1.3,nao,164000.0
I03067,casa,Jardins,173.0,4.0,3.0,3.0,42,2.5,sim,1328000.0
I03068,apartamento,Centro,77.0,2.0,1.0,0.0,45,2.5,nao,333000.0
I03069,casa,Industrial,235.0,6.0,5.0,4.0,4,1.0,sim,937000.0
I03070,apartamento,Vila Nova,44.0,2.0,2.0,0.0,44,0.1,nao,155000.0
I03071,apartamento,Centro,49.0,1.0,1.0,-0.0,15,0.1,nao,348000.0
I03072,apartamento,Vila Nova,97.0,3.0,3.0,1.0,48,0.7,nao,411000.0
I03073,casa,Vila Nova,92.0,2.0,2.0,-0.0,13,4.1,nao,262000.0
I03074,apartamento,Jardins,69.0,2.0,1.0,1.0,6,1.9,nao,532000.0
I03075,apartamento,Jardins,64.0,1.0,1.0,1.0,47,0.2,nao,484000.0
I03076,casa,Vila Nova,239.0,6.0,4.0,3.0,25,2.1,nao,856000.0
I03077,casa,Jardins,137.0,3.0,2.0,3.0,25,3.4,nao,1080000.0
I03078,apartamento,Jardins,69.0,2.0,2.0,1.0,36,3.1,sim,571000.0
I03079,casa,Beira-Mar,151.0,4.0,3.0,1.0,43,0.4,sim,1635000.0
I03080,casa,Industrial,104.0,3.0,2.0,2.0,24,3.6,nao,268000.0
I03081,apartamento,Centro,59.0,2.0,2.0,1.0,50,6.3,nao,195000.0
I03082,apartamento,Industrial,48.0,1.0,1.0,0.0,38,0.2,nao,126000.0
I03083,apartamento,Jardins,88.0,4.0,3.0,1.0,30,0.3,nao,801000.0
I03084,casa,Industrial,178.0,5.0,3.0,4.0,22,0.8,nao,574000.0
I03085,apartamento,Vila Nova,52.0,2.0,1.0,1.0,46,6.1,nao,123000.0
I03086,apartamento,Industrial,64.0,3.0,2.0,0.0,6,2.6,nao,180000.0
I03087,casa,Centro,148.0,3.0,3.0,2.0,47,,sim,819000.0
I03088,apartamento,Centro,43.0,1.0,1.0,-0.0,26,0.7,nao,255000.0
I03089,apartamento,Centro,84.0,3.0,2.0,2.0,11,1.7,nao,501000.0
I03090,apartamento,Centro,48.0,2.0,2.0,0.0,3,0.2,nao,313000.0
I03091,apartamento,Vila Nova,39.0,2.0,1.0,0.0,28,0.6,nao,136000.0
I03092,apartamento,Vila Nova,71.0,2.0,2.0,0.0,42,2.6,nao,244000.0
I03093,apartamento,Vila Nova,86.0,2.0,1.0,1.0,29,0.1,nao,368000.0
I03094,apartamento,Industrial,96.0,2.0,2.0,2.0,2,,nao,330000.0
I03095,apartamento,Centro,82.0,4.0,3.0,1.0,29,2.5,nao,410000.0
I03096,apartamento,Centro,55.0,1.0,1.0,0.0,47,1.0,nao,186000.0
I03097,apartamento,Centro,134.0,3.0,2.0,2.0,11,2.7,nao,820000.0
I03098,casa,Beira-Mar,143.0,5.0,3.0,2.0,10,3.8,sim,1761000.0
I03099,apartamento,Centro,51.0,1.0,1.0,1.0,42,0.4,nao,279000.0
I03100,casa,Jardins,196.0,6.0,5.0,2.0,33,3.0,sim,1563000.0
I03101,apartamento,Vila Nova,77.0,2.0,1.0,1.0,15,0.9,nao,349000.0
I03102,apartamento,Centro,143.0,4.0,3.0,2.0,42,1.0,nao,812000.0
I03103,apartamento,Industrial,120.0,2.0,1.0,2.0,29,2.9,nao,370000.0
I03104,apartamento,Industrial,61.0,2.0,1.0,1.0,45,2.4,nao,135000.0
I03105,apartamento,Industrial,46.0,1.0,1.0,0.0,46,1.3,nao,112000.0
I03106,apartamento,Vila Nova,59.0,2.0,2.0,-0.0,23,1.8,nao,201000.0
I03107,apartamento,Vila Nova,31.0,1.0,1.0,0.0,2,2.2,sim,162000.0
I03108,casa,Centro,142.0,3.0,3.0,,4,1.9,nao,950000.0
I03109,apartamento,Beira-Mar,99.0,2.0,2.0,1.0,20,1.5,nao,887000.0
I03110,apartamento,Centro,71.0,1.0,1.0,1.0,30,1.8,sim,424000.0
I03111,apartamento,Vila Nova,83.0,2.0,1.0,3.0,45,0.6,nao,390000.0
I03112,apartamento,Centro,92.0,2.0,1.0,1.0,27,2.9,nao,422000.0
I03113,casa,Beira-Mar,236.0,7.0,4.0,4.0,41,6.4,nao,1928000.0
I03114,casa,Vila Nova,148.0,4.0,4.0,3.0,8,0.1,nao,844000.0
I03115,apartamento,Centro,65.0,2.0,2.0,1.0,37,3.5,nao,340000.0
I03116,apartamento,Centro,57.0,2.0,1.0,,13,1.1,nao,380000.0
I03117,casa,Centro,245.0,4.0,3.0,5.0,41,0.1,sim,1605000.0
I03118,apartamento,Industrial,57.0,1.0,1.0,0.0,43,1.4,nao,144000.0
I03119,apartamento,Centro,134.0,5.0,3.0,2.0,32,3.1,sim,792000.0
I03120,apartamento,Vila Nova,62.0,1.0,1.0,1.0,27,0.4,nao,227000.0
I03121,apartamento,Jardins,52.0,1.0,1.0,-0.0,7,0.9,nao,510000.0
I03122,apartamento,Vila Nova,81.0,2.0,1.0,0.0,20,2.7,nao,246000.0
I03123,apartamento,Beira-Mar,76.0,3.0,2.0,2.0,22,0.7,nao,934000.0
I03124,casa,Industrial,78.0,1.0,1.0,1.0,39,2.0,nao,175000.0
I03125,apartamento,Vila Nova,89.0,2.0,2.0,1.0,38,1.3,nao,285000.0
I03126,casa,Vila Nova,73.0,3.0,3.0,2.0,32,0.1,sim,439000.0
I03127,apartamento,Jardins,132.0,4.0,2.0,2.0,13,1.7,sim,1352000.0
I03128,apartamento,Beira-Mar,43.0,1.0,1.0,1.0,13,1.9,sim,577000.0
I03129,apartamento,Industrial,78.0,3.0,3.0,2.0,36,6.7,nao,165000.0
I03130,casa,Jardins,169.0,4.0,3.0,2.0,31,0.9,sim,1526000.0
I03131,apartamento,Beira-Mar,98.0,3.0,2.0,0.0,46,2.0,nao,748000.0
I03132,apartamento,Beira-Mar,42.0,1.0,1.0,0.0,18,0.6,nao,424000.0
I03133,casa,Beira-Mar,168.0,5.0,5.0,1.0,39,0.8,sim,1759000.0
I03134,casa,Vila Nova,96.0,2.0,1.0,1.0,40,0.9,nao,391000.0
I03135,apartamento,Jardins,76.0,2.0,2.0,2.0,19,0.2,nao,1021000.0
I03136,apartamento,Vila Nova,36.0,1.0,1.0,0.0,29,0.4,nao,152000.0
I03137,casa,Centro,168.0,5.0,4.0,2.0,42,1.5,sim,830000.0
I03138,apartamento,Industrial,111.0,4.0,4.0,3.0,1,1.3,nao,462000.0
I03139,casa,Centro,127.0,3.0,1.0,2.0,18,1.5,nao,768000.0
I03140,casa,Centro,145.0,5.0,4.0,2.0,14,2.0,sim,1022000.0
I03141,casa,Vila Nova,174.0,4.0,3.0,2.0,34,2.9,nao,510000.0
I03142,apartamento,Vila Nova,79.0,1.0,1.0,2.0,36,0.6,nao,268000.0
I03143,casa,Centro,80.0,2.0,2.0,1.0,35,2.7,nao,422000.0
I03144,casa,Vila Nova,91.0,3.0,2.0,2.0,16,0.1,sim,467000.0
I03145,apartamento,Vila Nova,61.0,2.0,2.0,-0.0,49,0.2,sim,212000.0
I03146,casa,Vila Nova,146.0,4.0,3.0,3.0,11,0.1,sim,855000.0
I03147,casa,Vila Nova,119.0,2.0,2.0,2.0,27,0.6,nao,412000.0
I03148,apartamento,Centro,72.0,3.0,2.0,1.0,40,1.8,nao,427000.0
I03149,casa,Industrial,199.0,5.0,3.0,,35,0.4,nao,493000.0
I03150,apartamento,Industrial,62.0,2.0,1.0,1.0,49,4.4,nao,100000.0
I03151,casa,Vila Nova,95.0,3.0,2.0,2.0,35,0.6,nao,426000.0
I03152,apartamento,Vila Nova,83.0,2.0,1.0,1.0,2,7.4,nao,424000.0
I03153,apartamento,Beira-Mar,108.0,3.0,2.0,2.0,15,1.2,sim,1323000.0
I03154,apartamento,Industrial,77.0,2.0,1.0,-0.0,5,0.2,nao,271000.0
I03155,casa,Centro,119.0,4.0,2.0,2.0,23,3.9,nao,871000.0
I03156,apartamento,Vila Nova,66.0,1.0,1.0,-0.0,8,3.2,nao,217000.0
I03157,apartamento,Jardins,59.0,2.0,1.0,2.0,16,3.8,sim,617000.0
I03158,casa,Centro,155.0,3.0,1.0,3.0,5,4.2,nao,1072000.0
I03159,casa,Jardins,67.0,1.0,1.0,1.0,26,0.4,sim,611000.0
I03160,apartamento,Industrial,72.0,3.0,1.0,1.0,7,3.2,nao,256000.0
I03161,apartamento,Centro,66.0,1.0,1.0,1.0,17,0.1,nao,467000.0
I03162,apartamento,Centro,96.0,4.0,2.0,1.0,0,2.9,nao,547000.0
I03163,apartamento,Vila Nova,43.0,2.0,2.0,0.0,48,2.3,nao,109000.0
I03164,casa,Centro,94.0,2.0,2.0,1.0,13,1.5,sim,566000.0
I03165,apartamento,Centro,79.0,1.0,1.0,-0.0,1,1.9,nao,472000.0
I03166,apartamento,Industrial,110.0,3.0,2.0,2.0,15,1.2,nao,372000.0
I03167,casa,Vila Nova,133.0,3.0,1.0,3.0,11,0.6,nao,837000.0
I03168,apartamento,Centro,65.0,2.0,1.0,1.0,23,1.4,nao,357000.0
I03169,apartamento,Vila Nova,53.0,2.0,1.0,2.0,15,9.8,nao,168000.0
I03170,apartamento,Centro,71.0,2.0,1.0,1.0,12,3.0,nao,521000.0
I03171,apartamento,Centro,50.0,1.0,1.0,0.0,9,1.3,nao,346000.0
I03172,casa,Vila Nova,88.0,2.0,2.0,1.0,14,0.1,nao,391000.0
I03173,apartamento,Centro,85.0,4.0,3.0,2.0,42,4.4,nao,373000.0
I03174,apartamento,Industrial,52.0,2.0,1.0,0.0,2,4.9,nao,116000.0
I03175,casa,Centro,177.0,6.0,4.0,3.0,27,4.1,nao,885000.0
I03176,apartamento,Jardins,68.0,2.0,2.0,1.0,46,0.9,sim,767000.0
I03177,casa,Beira-Mar,197.0,6.0,4.0,1.0,28,0.1,sim,2077000.0
I03178,apartamento,Industrial,48.0,1.0,1.0,1.0,5,11.9,nao,109000.0
I03179,casa,Centro,185.0,6.0,5.0,3.0,4,3.9,nao,1062000.0
I03180,casa,Vila Nova,140.0,4.0,3.0,2.0,11,4.2,nao,607000.0
I03181,apartamento,Beira-Mar,42.0,1.0,1.0,0.0,4,1.4,nao,560000.0
I03182,casa,Industrial,109.0,3.0,2.0,2.0,13,2.6,sim,335000.0
I03183,apartamento,Centro,55.0,1.0,1.0,-0.0,41,0.1,nao,253000.0
I03184,casa,Industrial,161.0,4.0,2.0,3.0,43,4.7,nao,374000.0
I03185,casa,Centro,100.0,4.0,4.0,1.0,36,0.2,nao,557000.0
I03186,apartamento,Beira-Mar,45.0,2.0,1.0,1.0,23,0.1,sim,650000.0
I03187,casa,Centro,122.0,3.0,3.0,1.0,1,0.6,nao,813000.0
I03188,apartamento,Vila Nova,97.0,2.0,1.0,2.0,17,0.8,nao,411000.0
I03189,apartamento,Jardins,73.0,3.0,2.0,1.0,42,0.1,nao,597000.0
I03190,apartamento,Jardins,63.0,2.0,2.0,-0.0,15,2.0,sim,551000.0
I03191,apartamento,Jardins,86.0,3.0,2.0,1.0,21,4.4,sim,830000.0
I03192,apartamento,Beira-Mar,50.0,1.0,1.0,2.0,26,1.0,sim,567000.0
I03193,apartamento,Jardins,131.0,5.0,3.0,2.0,33,1.8,nao,1049000.0
I03194,apartamento,Industrial,125.0,3.0,2.0,1.0,5,,nao,425000.0
I03195,casa,Centro,119.0,4.0,3.0,1.0,25,1.6,nao,735000.0
I03196,casa,Centro,144.0,3.0,2.0,3.0,46,0.7,nao,635000.0
I03197,apartamento,Centro,67.0,1.0,1.0,1.0,4,1.7,nao,413000.0
I03198,apartamento,Industrial,58.0,1.0,1.0,-0.0,20,0.7,nao,159000.0
I03199,apartamento,Vila Nova,96.0,3.0,2.0,0.0,9,1.9,nao,431000.0
I03200,apartamento,Vila Nova,42.0,1.0,1.0,1.0,18,7.8,nao,119000.0
I03201,casa,Industrial,122.0,2.0,2.0,2.0,16,4.7,sim,303000.0
I03202,casa,Vila Nova,166.0,5.0,3.0,3.0,32,3.0,sim,628000.0
I03203,apartamento,Jardins,120.0,3.0,1.0,2.0,12,0.4,sim,1578000.0
I03204,apartamento,Centro,112.0,2.0,1.0,1.0,12,1.6,nao,584000.0
I03205,casa,Jardins,109.0,2.0,3.0,2.0,32,1.6,nao,1021000.0
I03206,casa,Vila Nova,106.0,3.0,2.0,1.0,30,,nao,405000.0
I03207,apartamento,Centro,60.0,1.0,1.0,1.0,15,6.8,nao,310000.0
I03208,apartamento,Industrial,115.0,3.0,3.0,1.0,39,0.5,nao,321000.0
I03209,apartamento,Vila Nova,80.0,2.0,1.0,0.0,0,6.9,nao,286000.0
I03210,apartamento,Industrial,188.0,4.0,4.0,3.0,37,0.3,nao,527000.0
I03211,apartamento,Beira-Mar,87.0,1.0,1.0,1.0,26,2.8,nao,815000.0
I03212,apartamento,Vila Nova,125.0,2.0,2.0,2.0,25,2.4,nao,492000.0
I03213,casa,Beira-Mar,134.0,5.0,4.0,2.0,35,3.2,sim,1104000.0
I03214,apartamento,Beira-Mar,52.0,1.0,1.0,1.0,18,2.6,nao,660000.0
I03215,apartamento,Jardins,161.0,4.0,4.0,,17,3.6,nao,1280000.0
I03216,apartamento,Beira-Mar,44.0,1.0,1.0,1.0,30,1.6,sim,471000.0
I03217,casa,Industrial,153.0,5.0,4.0,3.0,14,1.4,sim,540000.0
I03218,apartamento,Beira-Mar,72.0,1.0,1.0,1.0,38,0.4,nao,748000.0
I03219,casa,Vila Nova,113.0,2.0,1.0,1.0,3,7.0,sim,407000.0
I03220,apartamento,Industrial,79.0,2.0,2.0,1.0,14,0.2,sim,271000.0
I03221,apartamento,Centro,66.0,2.0,2.0,2.0,19,1.9,nao,466000.0
I03222,apartamento,Jardins,51.0,1.0,1.0,1.0,6,5.5,nao,647000.0
I03223,apartamento,Vila Nova,44.0,2.0,2.0,0.0,39,0.4,nao,202000.0
I03224,apartamento,Centro,81.0,1.0,1.0,1.0,33,2.3,nao,420000.0
I03225,casa,Vila Nova,106.0,3.0,2.0,2.0,42,0.7,nao,310000.0
I03226,apartamento,Beira-Mar,58.0,1.0,1.0,1.0,8,,nao,529000.0
I03227,apartamento,Centro,52.0,2.0,1.0,-0.0,16,4.3,nao,293000.0
I03228,apartamento,Vila Nova,53.0,1.0,1.0,2.0,18,7.8,nao,180000.0
I03229,casa,Centro,132.0,3.0,2.0,2.0,38,1.6,nao,669000.0
I03230,casa,Centro,90.0,2.0,1.0,1.0,10,2.2,sim,600000.0
I03231,casa,Centro,124.0,3.0,2.0,3.0,47,1.2,nao,562000.0
I03232,apartamento,Centro,85.0,2.0,1.0,1.0,23,1.6,nao,492000.0
I03233,apartamento,Industrial,86.0,2.0,2.0,1.0,1,0.5,nao,333000.0
I03234,casa,Vila Nova,116.0,4.0,3.0,1.0,31,5.1,nao,421000.0
I03235,casa,Centro,107.0,3.0,2.0,1.0,17,0.2,nao,785000.0
I03236,apartamento,Industrial,105.0,2.0,2.0,1.0,22,6.8,nao,258000.0
I03237,casa,Vila Nova,160.0,4.0,3.0,2.0,35,1.0,nao,570000.0
I03238,apartamento,Vila Nova,83.0,1.0,1.0,1.0,6,2.5,nao,385000.0
I03239,apartamento,Beira-Mar,108.0,4.0,3.0,0.0,14,0.3,sim,1619000.0
I03240,apartamento,Industrial,100.0,2.0,2.0,2.0,2,0.2,nao,488000.0
I03241,casa,Vila Nova,189.0,4.0,3.0,3.0,35,0.6,sim,1010000.0
I03242,casa,Vila Nova,75.0,2.0,1.0,-0.0,13,0.1,sim,328000.0
I03243,casa,Centro,114.0,3.0,2.0,1.0,42,0.1,sim,712000.0
I03244,apartamento,Centro,43.0,1.0,1.0,-0.0,10,1.3,nao,244000.0
I03245,apartamento,Jardins,111.0,3.0,2.0,2.0,34,0.1,nao,1202000.0
I03246,apartamento,Vila Nova,61.0,1.0,1.0,1.0,38,0.6,nao,272000.0
I03247,apartamento,Industrial,53.0,2.0,1.0,1.0,28,0.1,nao,175000.0
I03248,apartamento,Centro,77.0,2.0,2.0,0.0,14,0.5,nao,443000.0
I03249,apartamento,Industrial,87.0,2.0,2.0,1.0,35,2.4,nao,192000.0
I03250,casa,Jardins,164.0,5.0,4.0,2.0,18,0.1,nao,1585000.0
I03251,apartamento,Beira-Mar,70.0,1.0,1.0,1.0,18,0.5,nao,893000.0
I03252,apartamento,Jardins,106.0,2.0,2.0,1.0,20,0.4,nao,954000.0
I03253,apartamento,Jardins,62.0,2.0,2.0,1.0,12,0.2,nao,535000.0
I03254,apartamento,Beira-Mar,41.0,1.0,1.0,1.0,35,1.6,nao,473000.0
I03255,casa,Industrial,121.0,4.0,2.0,2.0,30,0.5,sim,329000.0
I03256,apartamento,Centro,60.0,3.0,2.0,1.0,24,1.3,nao,359000.0
I03257,casa,Beira-Mar,174.0,3.0,2.0,2.0,21,0.8,nao,2034000.0
I03258,apartamento,Industrial,96.0,2.0,2.0,2.0,10,1.7,nao,298000.0
I03259,apartamento,Jardins,53.0,1.0,1.0,1.0,47,0.6,sim,445000.0
I03260,apartamento,Centro,33.0,2.0,3.0,0.0,9,4.7,nao,207000.0
I03261,casa,Vila Nova,277.0,7.0,4.0,4.0,43,1.7,nao,852000.0
I03262,apartamento,Centro,75.0,1.0,1.0,1.0,15,4.1,nao,467000.0
I03263,apartamento,Centro,34.0,1.0,1.0,2.0,49,2.5,nao,158000.0
I03264,apartamento,Vila Nova,39.0,1.0,1.0,1.0,21,0.3,sim,178000.0
I03265,apartamento,Jardins,76.0,2.0,2.0,,39,0.7,nao,657000.0
I03266,apartamento,Jardins,58.0,3.0,3.0,1.0,18,3.4,sim,535000.0
I03267,apartamento,Industrial,108.0,2.0,2.0,2.0,27,1.0,nao,338000.0
I03268,apartamento,Centro,58.0,2.0,1.0,1.0,29,0.9,nao,364000.0
I03269,apartamento,Vila Nova,68.0,2.0,1.0,1.0,21,1.3,nao,323000.0
I03270,casa,Beira-Mar,113.0,3.0,3.0,1.0,36,0.4,sim,1129000.0
I03271,apartamento,Vila Nova,67.0,3.0,2.0,2.0,4,0.9,sim,437000.0
I03272,apartamento,Vila Nova,71.0,1.0,1.0,2.0,38,4.7,nao,299000.0
I03273,apartamento,Beira-Mar,112.0,2.0,2.0,2.0,4,4.9,nao,1094000.0
I03274,casa,Jardins,155.0,5.0,4.0,3.0,20,1.1,sim,1568000.0
I03275,apartamento,Vila Nova,72.0,2.0,1.0,0.0,44,0.2,nao,207000.0
I03276,apartamento,Jardins,91.0,2.0,1.0,1.0,23,0.2,nao,1099000.0
I03277,apartamento,Jardins,111.0,3.0,2.0,1.0,43,2.8,nao,796000.0
I03278,apartamento,Jardins,44.0,1.0,1.0,1.0,48,0.5,nao,328000.0
I03279,casa,Jardins,111.0,2.0,2.0,1.0,41,2.8,sim,895000.0
I03280,apartamento,Jardins,75.0,2.0,2.0,2.0,31,5.0,nao,640000.0
I03281,casa,Industrial,140.0,3.0,2.0,,11,1.0,nao,462000.0
I03282,apartamento,Jardins,56.0,3.0,3.0,1.0,30,0.7,nao,594000.0
I03283,apartamento,Vila Nova,35.0,1.0,1.0,0.0,43,1.0,nao,115000.0
I03284,casa,Vila Nova,127.0,3.0,2.0,0.0,29,1.0,nao,384000.0
I03285,apartamento,Jardins,80.0,3.0,2.0,2.0,39,1.0,nao,830000.0
I03286,apartamento,Vila Nova,116.0,4.0,3.0,2.0,2,3.2,nao,543000.0
I03287,apartamento,Industrial,71.0,2.0,2.0,1.0,18,1.0,nao,181000.0
I03288,apartamento,Jardins,70.0,1.0,1.0,1.0,5,0.1,nao,553000.0
I03289,apartamento,Vila Nova,53.0,2.0,1.0,0.0,30,4.2,nao,142000.0
I03290,apartamento,Vila Nova,70.0,1.0,1.0,-0.0,14,5.2,nao,225000.0
I03291,apartamento,Vila Nova,59.0,1.0,1.0,1.0,9,1.2,nao,279000.0
I03292,apartamento,Vila Nova,85.0,2.0,1.0,-0.0,42,1.3,nao,291000.0
I03293,apartamento,Centro,82.0,3.0,2.0,-0.0,8,2.6,nao,396000.0
I03294,apartamento,Jardins,115.0,3.0,3.0,2.0,23,1.7,nao,1066000.0
I03295,apartamento,Centro,77.0,2.0,1.0,2.0,4,0.9,nao,527000.0
I03296,apartamento,Centro,85.0,1.0,1.0,1.0,34,1.5,nao,472000.0
I03297,apartamento,Centro,43.0,2.0,1.0,1.0,21,6.6,nao,218000.0
I03298,casa,Centro,158.0,4.0,3.0,2.0,8,0.1,nao,1316000.0
I03299,apartamento,Centro,91.0,2.0,2.0,2.0,24,4.5,nao,568000.0
I03300,casa,Centro,146.0,4.0,3.0,2.0,24,2.2,nao,677000.0
I03301,apartamento,Jardins,69.0,1.0,1.0,1.0,48,6.0,nao,407000.0
I03302,casa,Centro,132.0,3.0,2.0,1.0,41,0.2,nao,621000.0
I03303,casa,Vila Nova,249.0,6.0,5.0,4.0,34,5.6,nao,827000.0
I03304,apartamento,Jardins,40.0,1.0,1.0,0.0,49,2.1,nao,257000.0
I03305,apartamento,Industrial,109.0,2.0,1.0,2.0,20,2.7,nao,396000.0
I03306,casa,Centro,161.0,4.0,3.0,2.0,1,2.6,nao,1120000.0
I03307,apartamento,Beira-Mar,59.0,1.0,1.0,1.0,13,1.0,nao,713000.0
I03308,apartamento,Centro,85.0,2.0,2.0,0.0,17,4.5,nao,426000.0
I03309,apartamento,Industrial,81.0,3.0,2.0,1.0,16,0.2,nao,230000.0
I03310,apartamento,Beira-Mar,50.0,1.0,1.0,1.0,15,1.9,nao,611000.0
I03311,apartamento,Industrial,101.0,3.0,3.0,1.0,30,0.8,nao,278000.0
I03312,apartamento,Centro,75.0,1.0,1.0,2.0,21,0.2,nao,459000.0
I03313,casa,Vila Nova,107.0,2.0,2.0,2.0,39,4.8,sim,307000.0
I03314,apartamento,Centro,120.0,3.0,2.0,,38,,nao,773000.0
I03315,apartamento,Jardins,87.0,2.0,2.0,1.0,30,3.7,nao,634000.0
I03316,apartamento,Industrial,80.0,2.0,2.0,2.0,2,1.5,nao,324000.0
I03317,apartamento,Jardins,101.0,3.0,2.0,0.0,42,5.6,nao,616000.0
I03318,apartamento,Vila Nova,71.0,1.0,1.0,1.0,47,1.1,nao,280000.0
I03319,casa,Vila Nova,190.0,3.0,1.0,3.0,20,1.3,sim,786000.0
I03320,casa,Jardins,186.0,4.0,3.0,2.0,43,7.6,sim,1344000.0
I03321,apartamento,Centro,58.0,2.0,1.0,,19,0.6,nao,438000.0
I03322,apartamento,Industrial,66.0,2.0,1.0,2.0,3,1.8,nao,210000.0
I03323,apartamento,Vila Nova,60.0,2.0,1.0,1.0,20,2.4,nao,269000.0
I03324,apartamento,Industrial,114.0,3.0,3.0,1.0,17,0.3,nao,330000.0
I03325,casa,Vila Nova,84.0,2.0,1.0,2.0,20,0.5,sim,397000.0
I03326,casa,Centro,159.0,4.0,3.0,2.0,25,1.7,nao,783000.0
I03327,apartamento,Vila Nova,113.0,3.0,2.0,2.0,9,,nao,522000.0
I03328,casa,Jardins,92.0,2.0,2.0,2.0,29,5.6,nao,615000.0
I03329,apartamento,Industrial,72.0,2.0,1.0,1.0,2,2.6,nao,233000.0
I03330,apartamento,Centro,107.0,1.0,1.0,3.0,32,7.0,nao,438000.0
I03331,apartamento,Vila Nova,62.0,2.0,2.0,2.0,23,9.3,nao,207000.0
I03332,apartamento,Industrial,74.0,2.0,1.0,1.0,25,6.2,nao,163000.0
I03333,casa,Centro,130.0,3.0,2.0,2.0,16,1.0,sim,914000.0
I03334,apartamento,Beira-Mar,50.0,1.0,1.0,1.0,40,6.0,sim,388000.0
I03335,casa,Vila Nova,123.0,4.0,3.0,3.0,24,2.3,sim,462000.0
I03336,apartamento,Vila Nova,56.0,1.0,1.0,1.0,48,0.1,nao,177000.0
I03337,casa,Centro,82.0,2.0,1.0,1.0,4,1.6,nao,492000.0
I03338,apartamento,Industrial,116.0,3.0,3.0,2.0,20,0.4,nao,382000.0
I03339,apartamento,Centro,82.0,1.0,2.0,2.0,29,0.4,nao,612000.0
I03340,casa,Beira-Mar,122.0,3.0,2.0,2.0,29,0.6,nao,1547000.0
I03341,casa,Vila Nova,119.0,4.0,3.0,1.0,44,1.4,nao,410000.0
I03342,casa,Centro,121.0,3.0,2.0,2.0,44,1.7,sim,801000.0
I03343,casa,Vila Nova,108.0,2.0,1.0,1.0,11,,sim,390000.0
I03344,apartamento,Vila Nova,61.0,3.0,2.0,-0.0,40,6.7,nao,170000.0
I03345,apartamento,Jardins,51.0,1.0,1.0,,26,0.2,sim,530000.0
I03346,apartamento,Beira-Mar,89.0,2.0,3.0,2.0,13,2.0,nao,1141000.0
I03347,casa,Industrial,73.0,1.0,1.0,0.0,45,1.8,nao,132000.0
I03348,apartamento,Beira-Mar,75.0,3.0,3.0,1.0,1,2.0,nao,946000.0
I03349,apartamento,Centro,51.0,1.0,1.0,1.0,11,3.7,nao,279000.0
I03350,apartamento,Jardins,96.0,2.0,2.0,1.0,31,1.9,sim,790000.0
I03351,apartamento,Industrial,66.0,2.0,1.0,2.0,26,3.5,nao,192000.0
I03352,apartamento,Jardins,79.0,1.0,1.0,1.0,21,7.1,nao,452000.0
I03353,apartamento,Centro,56.0,2.0,1.0,0.0,6,0.3,nao,429000.0
I03354,apartamento,Centro,110.0,2.0,1.0,1.0,1,4.3,nao,665000.0
I03355,apartamento,Beira-Mar,45.0,2.0,1.0,-0.0,49,,nao,284000.0
I03356,apartamento,Centro,55.0,2.0,1.0,2.0,0,0.5,nao,412000.0
I03357,apartamento,Vila Nova,50.0,2.0,1.0,0.0,26,3.6,nao,170000.0
I03358,apartamento,Vila Nova,68.0,2.0,2.0,0.0,46,6.2,nao,192000.0
I03359,apartamento,Industrial,72.0,3.0,2.0,1.0,48,2.4,nao,187000.0
I03360,apartamento,Vila Nova,45.0,1.0,1.0,0.0,4,0.7,nao,207000.0
I03361,casa,Industrial,97.0,2.0,1.0,1.0,1,2.3,nao,293000.0
I03362,apartamento,Centro,47.0,1.0,1.0,1.0,41,2.5,nao,278000.0
I03363,apartamento,Industrial,42.0,1.0,1.0,1.0,12,4.4,nao,95000.0
I03364,apartamento,Centro,55.0,1.0,1.0,1.0,37,1.4,nao,239000.0
I03365,apartamento,Jardins,129.0,4.0,3.0,3.0,0,0.2,nao,2021000.0
I03366,apartamento,Industrial,74.0,1.0,1.0,1.0,28,0.2,nao,215000.0
I03367,apartamento,Vila Nova,55.0,1.0,1.0,1.0,23,,nao,255000.0
I03368,casa,Jardins,127.0,2.0,1.0,1.0,40,7.7,nao,799000.0
I03369,apartamento,Vila Nova,41.0,1.0,1.0,2.0,13,0.9,nao,161000.0
I03370,apartamento,Beira-Mar,41.0,1.0,1.0,0.0,31,1.5,nao,452000.0
I03371,casa,Vila Nova,104.0,3.0,3.0,-0.0,6,0.5,sim,548000.0
I03372,apartamento,Industrial,45.0,1.0,1.0,-0.0,26,0.2,nao,107000.0
I03373,apartamento,Vila Nova,94.0,1.0,1.0,2.0,24,3.7,sim,390000.0
I03374,apartamento,Industrial,136.0,3.0,2.0,1.0,2,3.2,nao,430000.0
I03375,apartamento,Industrial,95.0,2.0,1.0,1.0,32,2.8,nao,260000.0
I03376,apartamento,Vila Nova,53.0,1.0,2.0,1.0,7,0.6,nao,231000.0
I03377,apartamento,Beira-Mar,70.0,1.0,1.0,1.0,3,2.3,sim,1045000.0
I03378,casa,Centro,168.0,5.0,3.0,4.0,35,0.1,nao,1052000.0
I03379,apartamento,Beira-Mar,80.0,2.0,1.0,1.0,3,0.1,sim,1097000.0
I03380,apartamento,Industrial,118.0,3.0,1.0,1.0,35,0.5,nao,305000.0
I03381,apartamento,Vila Nova,46.0,1.0,1.0,0.0,28,2.1,nao,177000.0
I03382,casa,Jardins,148.0,2.0,2.0,3.0,34,0.2,sim,1422000.0
I03383,casa,Vila Nova,137.0,5.0,2.0,0.0,18,0.6,nao,513000.0
I03384,casa,Centro,124.0,4.0,3.0,2.0,35,0.9,nao,629000.0
I03385,apartamento,Centro,41.0,2.0,1.0,2.0,42,3.8,sim,176000.0
I03386,apartamento,Industrial,42.0,1.0,1.0,1.0,28,8.0,nao,80000.0
I03387,apartamento,Centro,110.0,2.0,1.0,2.0,43,1.8,nao,545000.0
I03388,apartamento,Vila Nova,94.0,2.0,1.0,0.0,35,7.5,nao,244000.0
I03389,casa,Jardins,94.0,2.0,2.0,2.0,0,10.5,nao,698000.0
I03390,casa,Centro,74.0,3.0,1.0,1.0,23,0.5,nao,374000.0
I03391,apartamento,Centro,71.0,1.0,1.0,1.0,9,0.1,nao,554000.0
I03392,casa,Industrial,136.0,4.0,2.0,2.0,20,1.2,nao,386000.0
I03393,apartamento,Centro,40.0,1.0,1.0,2.0,29,0.8,nao,242000.0
I03394,casa,Centro,288.0,7.0,4.0,4.0,1,0.5,sim,2121000.0
I03395,casa,Beira-Mar,216.0,6.0,5.0,3.0,28,1.5,sim,2300000.0
I03396,apartamento,Industrial,48.0,2.0,1.0,,38,6.4,nao,114000.0
I03397,apartamento,Vila Nova,111.0,3.0,3.0,2.0,50,0.8,nao,352000.0
I03398,casa,Vila Nova,152.0,4.0,4.0,,18,1.6,nao,568000.0
I03399,apartamento,Jardins,90.0,2.0,1.0,1.0,16,1.6,nao,874000.0
I03400,apartamento,Beira-Mar,52.0,1.0,1.0,0.0,45,0.2,nao,497000.0
I03401,apartamento,Centro,87.0,3.0,2.0,2.0,38,1.0,nao,476000.0
I03402,apartamento,Centro,152.0,5.0,4.0,2.0,17,2.2,nao,757000.0
I03403,apartamento,Beira-Mar,106.0,2.0,1.0,1.0,30,2.0,nao,892000.0
I03404,apartamento,Industrial,91.0,3.0,2.0,1.0,25,0.3,nao,325000.0
I03405,apartamento,Industrial,37.0,2.0,2.0,0.0,42,2.4,nao,87000.0
I03406,apartamento,Jardins,94.0,1.0,1.0,1.0,41,,sim,550000.0
I03407,casa,Industrial,164.0,5.0,3.0,3.0,17,0.3,nao,536000.0
I03408,casa,Centro,105.0,2.0,1.0,1.0,47,2.1,sim,607000.0
I03409,casa,Centro,125.0,4.0,3.0,2.0,48,1.0,nao,579000.0
I03410,casa,Vila Nova,136.0,4.0,3.0,2.0,42,7.6,nao,316000.0
I03411,apartamento,Vila Nova,84.0,4.0,3.0,2.0,48,0.9,nao,256000.0
I03412,casa,Jardins,84.0,2.0,1.0,2.0,40,1.7,nao,608000.0
I03413,casa,Vila Nova,143.0,3.0,2.0,2.0,40,0.6,nao,576000.0
I03414,apartamento,Centro,120.0,3.0,2.0,2.0,12,2.0,sim,1140000.0
I03415,casa,Industrial,169.0,5.0,3.0,1.0,36,,nao,472000.0
I03416,apartamento,Vila Nova,48.0,2.0,2.0,1.0,3,,nao,255000.0
I03417,casa,Industrial,154.0,4.0,2.0,3.0,43,2.0,nao,375000.0
I03418,apartamento,Vila Nova,83.0,3.0,3.0,1.0,16,3.4,nao,291000.0
I03419,casa,Industrial,68.0,1.0,1.0,2.0,8,1.1,nao,216000.0
I03420,casa,Industrial,156.0,2.0,2.0,2.0,10,5.8,sim,361000.0
I03421,casa,Vila Nova,141.0,4.0,3.0,2.0,6,1.3,sim,824000.0
I03422,apartamento,Jardins,40.0,3.0,3.0,-0.0,42,0.2,nao,314000.0
I03423,apartamento,Jardins,137.0,4.0,1.0,2.0,48,2.5,nao,993000.0
I03424,apartamento,Jardins,78.0,1.0,1.0,1.0,49,0.1,nao,506000.0
I03425,casa,Jardins,130.0,3.0,2.0,2.0,6,0.8,sim,1607000.0
I03426,apartamento,Industrial,52.0,1.0,1.0,0.0,3,5.2,nao,133000.0
I03427,apartamento,Vila Nova,73.0,1.0,1.0,2.0,19,1.9,nao,346000.0
I03428,apartamento,Vila Nova,81.0,1.0,1.0,0.0,36,1.3,nao,283000.0
I03429,casa,Centro,223.0,6.0,5.0,4.0,33,3.4,nao,1347000.0
I03430,casa,Industrial,134.0,4.0,3.0,0.0,36,0.3,sim,271000.0
I03431,casa,Centro,87.0,2.0,1.0,1.0,15,16.5,sim,271000.0
I03432,apartamento,Vila Nova,68.0,1.0,2.0,2.0,3,2.9,nao,364000.0
I03433,casa,Industrial,136.0,3.0,1.0,2.0,23,0.2,sim,476000.0
I03434,casa,Centro,249.0,6.0,5.0,4.0,37,1.8,sim,1552000.0
I03435,casa,Industrial,155.0,4.0,3.0,2.0,10,3.4,sim,589000.0
I03436,apartamento,Beira-Mar,80.0,2.0,1.0,1.0,50,0.1,nao,624000.0
I03437,apartamento,Vila Nova,58.0,2.0,1.0,0.0,38,3.8,nao,152000.0
I03438,casa,Jardins,158.0,4.0,3.0,3.0,12,9.6,nao,1096000.0
I03439,apartamento,Beira-Mar,52.0,2.0,1.0,0.0,49,0.2,nao,483000.0
I03440,apartamento,Industrial,74.0,2.0,2.0,0.0,22,,nao,182000.0
I03441,apartamento,Centro,92.0,2.0,1.0,2.0,39,1.3,nao,581000.0
I03442,casa,Centro,139.0,3.0,2.0,1.0,15,0.6,sim,1137000.0
I03443,apartamento,Centro,103.0,3.0,1.0,1.0,13,2.5,nao,586000.0
I03444,apartamento,Industrial,114.0,4.0,3.0,2.0,37,0.1,nao,362000.0
I03445,apartamento,Vila Nova,104.0,2.0,1.0,2.0,30,2.1,nao,458000.0
I03446,apartamento,Vila Nova,72.0,3.0,2.0,1.0,35,1.0,nao,298000.0
I03447,apartamento,Centro,51.0,1.0,1.0,1.0,44,0.5,nao,243000.0
I03448,apartamento,Jardins,49.0,1.0,1.0,2.0,24,0.9,nao,462000.0
I03449,apartamento,Vila Nova,85.0,2.0,1.0,1.0,6,3.0,nao,370000.0
I03450,apartamento,Centro,77.0,1.0,1.0,1.0,19,0.1,nao,562000.0
I03451,apartamento,Vila Nova,69.0,2.0,1.0,1.0,4,1.7,nao,272000.0
I03452,casa,Centro,116.0,3.0,2.0,2.0,41,5.1,sim,563000.0
I03453,apartamento,Beira-Mar,70.0,2.0,1.0,0.0,42,2.4,nao,510000.0
I03454,apartamento,Centro,43.0,3.0,2.0,0.0,5,0.8,nao,300000.0
I03455,apartamento,Industrial,56.0,2.0,1.0,1.0,35,1.5,nao,140000.0
I03456,apartamento,Industrial,65.0,2.0,2.0,0.0,46,0.6,sim,182000.0
I03457,apartamento,Centro,89.0,2.0,1.0,2.0,35,1.8,nao,559000.0
I03458,apartamento,Vila Nova,98.0,2.0,1.0,2.0,21,0.4,nao,338000.0
I03459,apartamento,Jardins,35.0,1.0,1.0,1.0,33,4.3,sim,260000.0
I03460,apartamento,Vila Nova,40.0,2.0,1.0,0.0,29,0.1,nao,159000.0
I03461,apartamento,Vila Nova,90.0,3.0,3.0,1.0,47,5.5,nao,231000.0
I03462,casa,Beira-Mar,145.0,3.0,2.0,2.0,30,0.3,sim,1408000.0
I03463,apartamento,Vila Nova,87.0,1.0,1.0,1.0,37,0.9,nao,334000.0
I03464,apartamento,Centro,56.0,1.0,1.0,0.0,41,3.0,nao,204000.0
I03465,apartamento,Vila Nova,57.0,2.0,2.0,2.0,2,0.7,nao,360000.0
I03466,casa,Industrial,108.0,3.0,2.0,2.0,6,1.0,nao,340000.0
I03467,casa,Centro,55.0,2.0,2.0,0.0,23,0.4,nao,275000.0
I03468,apartamento,Centro,47.0,1.0,1.0,1.0,9,1.5,nao,350000.0
I03469,casa,Centro,96.0,3.0,2.0,2.0,5,0.6,nao,567000.0
I03470,apartamento,Beira-Mar,51.0,1.0,1.0,0.0,26,0.9,nao,447000.0
I03471,apartamento,Industrial,50.0,1.0,1.0,,19,2.9,sim,156000.0
I03472,casa,Centro,101.0,2.0,2.0,1.0,33,1.1,nao,533000.0
I03473,apartamento,Jardins,64.0,2.0,1.0,-0.0,39,3.1,sim,448000.0
I03474,apartamento,Industrial,85.0,2.0,2.0,1.0,8,1.6,nao,222000.0
I03475,casa,Vila Nova,51.0,1.0,1.0,0.0,9,1.6,nao,200000.0
I03476,apartamento,Jardins,50.0,1.0,1.0,0.0,13,4.1,nao,400000.0
I03477,apartamento,Vila Nova,51.0,2.0,1.0,1.0,9,0.9,nao,232000.0
I03478,casa,Centro,82.0,3.0,3.0,1.0,17,0.1,sim,555000.0
I03479,casa,Beira-Mar,206.0,5.0,2.0,3.0,10,4.4,nao,2482000.0
I03480,apartamento,Centro,47.0,1.0,1.0,1.0,40,0.5,nao,246000.0
I03481,apartamento,Vila Nova,81.0,2.0,2.0,1.0,15,2.6,nao,354000.0
I03482,casa,Vila Nova,106.0,2.0,1.0,1.0,19,3.7,nao,391000.0
I03483,apartamento,Vila Nova,109.0,3.0,2.0,2.0,1,0.7,nao,611000.0
I03484,apartamento,Vila Nova,52.0,2.0,2.0,2.0,47,3.1,nao,162000.0
I03485,casa,Industrial,101.0,2.0,2.0,,44,2.1,nao,222000.0
I03486,apartamento,Vila Nova,66.0,2.0,1.0,1.0,16,0.8,nao,342000.0
I03487,apartamento,Centro,118.0,3.0,2.0,3.0,31,0.4,nao,704000.0
I03488,apartamento,Centro,83.0,2.0,2.0,1.0,7,7.2,nao,347000.0
I03489,casa,Centro,111.0,3.0,1.0,2.0,20,1.4,nao,705000.0
I03490,casa,Beira-Mar,149.0,4.0,2.0,2.0,5,,nao,1213000.0
I03491,apartamento,Centro,57.0,1.0,1.0,-0.0,21,0.2,nao,359000.0
I03492,casa,Centro,235.0,6.0,4.0,3.0,35,1.9,nao,1045000.0
I03493,casa,Industrial,184.0,3.0,2.0,3.0,4,6.2,nao,470000.0
I03494,casa,Beira-Mar,138.0,3.0,3.0,1.0,35,0.8,sim,1480000.0
I03495,casa,Jardins,149.0,4.0,4.0,2.0,22,0.9,nao,1327000.0
I03496,casa,Vila Nova,112.0,4.0,3.0,1.0,36,2.5,nao,382000.0
I03497,apartamento,Vila Nova,70.0,1.0,1.0,1.0,49,1.5,nao,250000.0
I03498,casa,Vila Nova,171.0,4.0,4.0,2.0,19,2.3,sim,756000.0
I03499,casa,Industrial,191.0,5.0,3.0,2.0,18,3.6,sim,558000.0
I03500,casa,Beira-Mar,120.0,4.0,3.0,2.0,18,3.1,sim,1316000.0
I03501,apartamento,Vila Nova,33.0,1.0,1.0,0.0,38,1.1,nao,110000.0
I03502,apartamento,Centro,89.0,1.0,1.0,1.0,0,1.1,nao,697000.0
I03503,apartamento,Centro,56.0,2.0,1.0,2.0,34,3.5,nao,300000.0
I03504,apartamento,Vila Nova,94.0,2.0,2.0,1.0,18,1.6,nao,380000.0
I03505,apartamento,Centro,41.0,2.0,1.0,1.0,14,1.4,nao,305000.0
I03506,casa,Industrial,157.0,4.0,3.0,2.0,3,1.8,sim,696000.0
I03507,apartamento,Vila Nova,65.0,1.0,1.0,1.0,10,0.7,nao,311000.0
I03508,apartamento,Centro,60.0,1.0,1.0,1.0,30,1.2,nao,292000.0
I03509,apartamento,Centro,116.0,3.0,3.0,2.0,40,2.7,nao,545000.0
I03510,apartamento,Centro,54.0,1.0,1.0,0.0,3,,nao,342000.0
I03511,apartamento,Vila Nova,113.0,3.0,2.0,2.0,6,0.8,nao,611000.0
I03512,casa,Vila Nova,299.0,7.0,6.0,4.0,45,2.5,nao,1283000.0
I03513,casa,Vila Nova,90.0,2.0,1.0,1.0,45,4.9,sim,318000.0
I03514,casa,Jardins,102.0,3.0,2.0,2.0,26,1.5,sim,1034000.0
I03515,apartamento,Vila Nova,66.0,3.0,3.0,1.0,28,0.5,nao,198000.0
I03516,apartamento,Jardins,65.0,2.0,2.0,0.0,42,3.8,nao,359000.0
I03517,apartamento,Jardins,103.0,2.0,1.0,1.0,29,11.2,nao,469000.0
I03518,apartamento,Centro,103.0,3.0,2.0,2.0,29,0.1,nao,756000.0
I03519,apartamento,Beira-Mar,59.0,1.0,1.0,0.0,0,1.6,nao,619000.0
I03520,apartamento,Vila Nova,53.0,2.0,2.0,3.0,31,1.4,nao,188000.0
I03521,apartamento,Centro,62.0,1.0,1.0,0.0,33,0.9,nao,395000.0
I03522,casa,Vila Nova,151.0,4.0,3.0,3.0,38,3.0,nao,501000.0
I03523,casa,Jardins,94.0,3.0,2.0,0.0,46,2.0,nao,593000.0
I03524,apartamento,Centro,45.0,1.0,1.0,1.0,5,6.4,nao,245000.0
I03525,apartamento,Vila Nova,54.0,1.0,1.0,-0.0,15,2.6,nao,230000.0
I03526,casa,Vila Nova,119.0,3.0,2.0,2.0,7,0.4,sim,535000.0
I03527,casa,Vila Nova,123.0,4.0,2.0,2.0,6,0.3,nao,518000.0
I03528,apartamento,Vila Nova,35.0,1.0,1.0,1.0,46,6.9,nao,107000.0
I03529,apartamento,Vila Nova,60.0,2.0,2.0,0.0,44,0.8,nao,175000.0
I03530,casa,Beira-Mar,89.0,3.0,2.0,,7,2.7,sim,1038000.0
I03531,apartamento,Vila Nova,72.0,2.0,1.0,1.0,35,2.9,nao,310000.0
I03532,apartamento,Vila Nova,45.0,1.0,1.0,1.0,47,3.4,nao,166000.0
I03533,apartamento,Vila Nova,78.0,1.0,1.0,1.0,3,1.6,nao,401000.0
I03534,casa,Centro,132.0,3.0,2.0,2.0,5,1.1,nao,824000.0
I03535,apartamento,Beira-Mar,115.0,2.0,2.0,1.0,34,3.0,nao,1092000.0
I03536,casa,Centro,155.0,4.0,3.0,2.0,32,0.9,nao,743000.0
I03537,apartamento,Centro,65.0,2.0,2.0,-0.0,49,0.8,nao,312000.0
I03538,apartamento,Industrial,69.0,2.0,2.0,2.0,41,2.5,nao,188000.0
I03539,apartamento,Vila Nova,71.0,1.0,1.0,1.0,31,1.1,nao,242000.0
I03540,apartamento,Jardins,57.0,3.0,2.0,1.0,37,4.1,nao,577000.0
I03541,apartamento,Beira-Mar,64.0,1.0,1.0,0.0,47,0.7,nao,584000.0
I03542,casa,Jardins,117.0,3.0,3.0,1.0,39,0.1,sim,947000.0
I03543,casa,Jardins,123.0,4.0,3.0,2.0,6,1.1,sim,1731000.0
I03544,apartamento,Beira-Mar,60.0,2.0,1.0,1.0,18,1.3,sim,770000.0
I03545,apartamento,Vila Nova,61.0,2.0,1.0,1.0,24,0.7,nao,259000.0
I03546,casa,Vila Nova,138.0,4.0,3.0,2.0,47,11.7,sim,281000.0
I03547,casa,Centro,170.0,6.0,4.0,3.0,5,6.4,nao,1036000.0
I03548,apartamento,Industrial,96.0,2.0,1.0,2.0,27,5.4,nao,284000.0
I03549,apartamento,Jardins,56.0,1.0,1.0,0.0,35,0.1,nao,454000.0
I03550,casa,Vila Nova,85.0,2.0,2.0,3.0,10,0.7,nao,433000.0
I03551,apartamento,Jardins,92.0,2.0,2.0,1.0,22,5.4,sim,715000.0
I03552,casa,Vila Nova,298.0,7.0,5.0,5.0,46,7.5,sim,931000.0
I03553,apartamento,Vila Nova,84.0,3.0,2.0,1.0,23,1.4,nao,381000.0
I03554,casa,Industrial,124.0,3.0,2.0,2.0,42,5.3,nao,278000.0
I03555,apartamento,Industrial,76.0,3.0,3.0,1.0,0,5.6,nao,211000.0
I03556,casa,Centro,147.0,4.0,2.0,2.0,31,0.6,nao,801000.0
I03557,apartamento,Industrial,69.0,3.0,2.0,1.0,38,0.2,nao,187000.0
I03558,casa,Vila Nova,102.0,3.0,2.0,2.0,21,2.4,nao,377000.0
I03559,apartamento,Vila Nova,99.0,2.0,1.0,1.0,38,8.6,nao,279000.0
I03560,apartamento,Beira-Mar,53.0,1.0,1.0,2.0,42,1.1,nao,544000.0
I03561,apartamento,Vila Nova,98.0,2.0,1.0,3.0,47,1.4,sim,441000.0
I03562,apartamento,Beira-Mar,84.0,3.0,2.0,2.0,39,6.0,nao,592000.0
I03563,apartamento,Jardins,115.0,3.0,1.0,0.0,5,2.7,nao,1201000.0
I03564,casa,Beira-Mar,180.0,5.0,3.0,2.0,26,8.5,nao,1209000.0
I03565,casa,Vila Nova,62.0,2.0,1.0,1.0,15,,nao,238000.0
I03566,apartamento,Centro,43.0,2.0,2.0,-0.0,12,4.7,sim,220000.0
I03567,casa,Vila Nova,143.0,3.0,2.0,1.0,19,0.5,nao,554000.0
I03568,casa,Vila Nova,251.0,7.0,5.0,4.0,36,4.1,sim,991000.0
I03569,apartamento,Centro,61.0,3.0,2.0,1.0,6,4.9,nao,332000.0
I03570,casa,Vila Nova,86.0,3.0,2.0,1.0,42,0.1,sim,311000.0
I03571,apartamento,Industrial,92.0,2.0,1.0,0.0,14,0.9,nao,329000.0
I03572,apartamento,Vila Nova,124.0,3.0,2.0,3.0,9,2.1,nao,699000.0
I03573,apartamento,Jardins,53.0,1.0,1.0,0.0,4,4.4,nao,489000.0
I03574,casa,Centro,116.0,3.0,1.0,1.0,7,0.1,nao,871000.0
I03575,apartamento,Centro,124.0,3.0,2.0,2.0,2,2.0,nao,842000.0
I03576,apartamento,Centro,45.0,1.0,1.0,1.0,38,2.2,nao,228000.0
I03577,apartamento,Jardins,48.0,2.0,1.0,0.0,44,0.7,nao,353000.0
I03578,casa,Centro,96.0,2.0,2.0,2.0,43,0.4,nao,384000.0
I03579,apartamento,Vila Nova,74.0,3.0,3.0,1.0,3,1.1,nao,401000.0
I03580,apartamento,Industrial,63.0,2.0,1.0,1.0,15,2.8,nao,176000.0
I03581,apartamento,Vila Nova,57.0,1.0,1.0,1.0,23,0.6,nao,252000.0
I03582,apartamento,Vila Nova,95.0,2.0,1.0,1.0,30,1.1,nao,351000.0
I03583,apartamento,Vila Nova,93.0,2.0,1.0,2.0,18,2.8,nao,400000.0
I03584,apartamento,Industrial,116.0,4.0,3.0,1.0,5,0.7,nao,547000.0
I03585,apartamento,Jardins,71.0,2.0,2.0,0.0,28,,sim,452000.0
I03586,apartamento,Industrial,92.0,3.0,2.0,1.0,39,3.6,nao,234000.0
I03587,apartamento,Beira-Mar,47.0,1.0,1.0,1.0,47,,nao,544000.0
I03588,apartamento,Vila Nova,90.0,3.0,2.0,0.0,41,0.3,nao,252000.0
I03589,apartamento,Industrial,91.0,3.0,2.0,1.0,21,0.2,sim,298000.0
I03590,casa,Industrial,106.0,3.0,1.0,2.0,8,0.9,nao,376000.0
I03591,apartamento,Industrial,86.0,2.0,1.0,0.0,48,3.5,nao,160000.0
I03592,apartamento,Vila Nova,76.0,2.0,2.0,2.0,38,1.8,nao,270000.0
I03593,apartamento,Industrial,82.0,3.0,2.0,0.0,39,,nao,211000.0
I03594,apartamento,Beira-Mar,97.0,2.0,2.0,2.0,19,0.1,sim,1037000.0
I03595,apartamento,Centro,74.0,1.0,1.0,1.0,10,1.4,nao,526000.0
I03596,apartamento,Centro,105.0,2.0,1.0,3.0,26,1.1,nao,758000.0
I03597,apartamento,Jardins,47.0,1.0,1.0,1.0,49,1.3,nao,389000.0
I03598,casa,Vila Nova,103.0,3.0,2.0,1.0,46,3.9,nao,301000.0
I03599,apartamento,Industrial,66.0,3.0,1.0,0.0,23,0.7,nao,208000.0
I03600,apartamento,Centro,53.0,1.0,1.0,1.0,43,2.3,nao,248000.0
I03601,apartamento,Jardins,77.0,3.0,3.0,-0.0,36,3.0,sim,494000.0
I03602,casa,Beira-Mar,124.0,4.0,2.0,1.0,21,4.6,sim,1138000.0
I03603,casa,Jardins,126.0,4.0,3.0,2.0,1,0.1,sim,1567000.0
I03604,apartamento,Vila Nova,62.0,2.0,2.0,2.0,42,3.0,nao,208000.0
I03605,apartamento,Jardins,76.0,2.0,2.0,1.0,8,0.6,nao,751000.0
I03606,casa,Centro,140.0,5.0,3.0,1.0,13,1.3,nao,774000.0
I03607,apartamento,Centro,80.0,3.0,2.0,2.0,43,2.9,nao,418000.0
I03608,casa,Vila Nova,122.0,3.0,2.0,3.0,7,3.5,sim,626000.0
I03609,apartamento,Centro,37.0,2.0,2.0,0.0,0,0.3,nao,230000.0
I03610,casa,Centro,181.0,7.0,5.0,3.0,19,1.9,nao,1200000.0
I03611,casa,Jardins,106.0,3.0,2.0,2.0,36,7.2,sim,730000.0
I03612,casa,Industrial,154.0,3.0,3.0,2.0,25,0.6,sim,423000.0
I03613,apartamento,Vila Nova,70.0,1.0,1.0,1.0,17,0.1,nao,333000.0
I03614,apartamento,Centro,152.0,4.0,3.0,2.0,28,0.7,nao,1006000.0
I03615,apartamento,Vila Nova,27.0,1.0,1.0,,24,0.9,nao,97000.0
I03616,apartamento,Beira-Mar,56.0,1.0,1.0,0.0,9,5.3,nao,532000.0
I03617,apartamento,Industrial,80.0,2.0,2.0,2.0,8,0.4,sim,293000.0
I03618,casa,Industrial,80.0,2.0,1.0,1.0,24,0.1,sim,235000.0
I03619,apartamento,Vila Nova,69.0,2.0,1.0,0.0,31,2.1,nao,253000.0
I03620,apartamento,Vila Nova,39.0,2.0,1.0,1.0,9,0.7,nao,224000.0
I03621,apartamento,Vila Nova,70.0,1.0,1.0,2.0,10,0.8,nao,378000.0
I03622,casa,Centro,142.0,4.0,3.0,2.0,18,0.3,nao,815000.0
I03623,apartamento,Beira-Mar,90.0,2.0,1.0,1.0,3,2.5,nao,1156000.0
I03624,casa,Jardins,154.0,5.0,3.0,3.0,30,5.7,sim,1233000.0
I03625,casa,Vila Nova,100.0,2.0,2.0,2.0,12,6.8,nao,387000.0
I03626,apartamento,Vila Nova,71.0,3.0,2.0,1.0,18,0.4,nao,335000.0
I03627,apartamento,Jardins,78.0,2.0,1.0,2.0,23,0.3,nao,705000.0
I03628,apartamento,Beira-Mar,51.0,2.0,2.0,1.0,0,3.5,nao,596000.0
I03629,casa,Industrial,196.0,5.0,4.0,3.0,32,3.5,nao,495000.0
I03630,casa,Vila Nova,170.0,3.0,3.0,3.0,34,2.4,sim,571000.0
I03631,casa,Industrial,79.0,2.0,1.0,1.0,24,2.1,sim,237000.0
I03632,apartamento,Industrial,70.0,2.0,1.0,2.0,25,0.2,nao,303000.0
I03633,casa,Centro,97.0,1.0,1.0,2.0,26,0.1,nao,543000.0
I03634,apartamento,Vila Nova,35.0,1.0,1.0,1.0,6,1.3,nao,119000.0
I03635,apartamento,Industrial,57.0,2.0,2.0,2.0,3,2.4,nao,187000.0
I03636,apartamento,Centro,61.0,2.0,1.0,1.0,4,5.2,nao,454000.0
I03637,apartamento,Vila Nova,147.0,4.0,2.0,2.0,26,3.2,nao,514000.0
I03638,apartamento,Jardins,58.0,2.0,2.0,-0.0,19,7.0,sim,505000.0
I03639,apartamento,Jardins,71.0,2.0,1.0,1.0,14,8.7,sim,500000.0
I03640,apartamento,Centro,78.0,1.0,1.0,1.0,47,0.1,nao,405000.0
I03641,casa,Jardins,123.0,4.0,2.0,2.0,22,1.1,nao,1127000.0
I03642,apartamento,Industrial,77.0,3.0,2.0,1.0,18,0.3,nao,222000.0
I03643,casa,Centro,108.0,2.0,2.0,1.0,11,0.1,sim,682000.0
I03644,casa,Jardins,95.0,4.0,3.0,2.0,49,1.4,nao,768000.0
I03645,apartamento,Industrial,57.0,2.0,1.0,-0.0,40,0.6,nao,163000.0
I03646,apartamento,Centro,44.0,2.0,2.0,1.0,36,0.1,nao,255000.0
I03647,apartamento,Beira-Mar,86.0,2.0,1.0,2.0,0,7.9,nao,772000.0
I03648,apartamento,Industrial,68.0,3.0,2.0,-0.0,49,1.7,nao,142000.0
I03649,apartamento,Industrial,58.0,1.0,1.0,0.0,22,0.4,nao,164000.0
I03650,apartamento,Industrial,85.0,1.0,1.0,1.0,43,0.6,nao,228000.0
I03651,casa,Industrial,112.0,4.0,3.0,3.0,19,2.2,nao,335000.0
I03652,casa,Jardins,49.0,2.0,2.0,1.0,41,0.5,sim,388000.0
I03653,casa,Industrial,115.0,4.0,4.0,2.0,16,1.5,sim,366000.0
I03654,apartamento,Vila Nova,90.0,3.0,2.0,1.0,8,0.1,nao,444000.0
I03655,casa,Centro,196.0,6.0,5.0,2.0,34,0.9,sim,1401000.0
I03656,casa,Industrial,90.0,3.0,1.0,1.0,15,0.9,nao,329000.0
I03657,casa,Centro,112.0,3.0,2.0,1.0,12,3.6,sim,701000.0
I03658,casa,Centro,178.0,5.0,4.0,3.0,34,2.4,nao,966000.0
I03659,apartamento,Centro,41.0,1.0,1.0,0.0,27,13.4,nao,108000.0
I03660,apartamento,Jardins,62.0,2.0,1.0,1.0,16,0.3,nao,617000.0
I03661,apartamento,Jardins,77.0,2.0,1.0,1.0,41,1.7,nao,596000.0
I03662,apartamento,Jardins,113.0,3.0,2.0,2.0,29,4.5,nao,1013000.0
I03663,apartamento,Industrial,59.0,1.0,1.0,1.0,41,0.1,nao,153000.0
I03664,casa,Industrial,84.0,3.0,2.0,1.0,4,1.1,nao,245000.0
I03665,apartamento,Jardins,52.0,3.0,1.0,1.0,23,1.5,nao,470000.0
I03666,apartamento,Vila Nova,159.0,4.0,2.0,3.0,25,0.9,nao,855000.0
I03667,apartamento,Industrial,77.0,1.0,1.0,1.0,8,3.0,nao,254000.0
I03668,apartamento,Centro,106.0,3.0,2.0,1.0,37,4.7,nao,484000.0
I03669,apartamento,Centro,69.0,2.0,2.0,2.0,49,0.4,nao,356000.0
I03670,apartamento,Jardins,52.0,1.0,1.0,0.0,39,3.2,nao,329000.0
I03671,apartamento,Centro,47.0,1.0,1.0,0.0,12,1.4,nao,274000.0
I03672,apartamento,Centro,59.0,2.0,1.0,,19,1.9,nao,350000.0
I03673,apartamento,Industrial,89.0,3.0,2.0,2.0,4,2.9,nao,272000.0
I03674,apartamento,Centro,44.0,2.0,1.0,1.0,37,0.8,nao,217000.0
I03675,apartamento,Jardins,89.0,3.0,2.0,2.0,47,9.2,nao,463000.0
I03676,casa,Centro,92.0,2.0,1.0,1.0,28,1.7,nao,495000.0
I03677,casa,Jardins,124.0,4.0,2.0,2.0,43,0.2,sim,1118000.0
I03678,apartamento,Centro,67.0,2.0,2.0,1.0,17,3.3,nao,370000.0
I03679,casa,Centro,170.0,6.0,4.0,2.0,21,4.2,sim,1010000.0
I03680,apartamento,Vila Nova,62.0,1.0,1.0,1.0,3,1.2,nao,267000.0
I03681,casa,Vila Nova,166.0,3.0,1.0,2.0,45,0.8,nao,450000.0
I03682,apartamento,Jardins,62.0,2.0,2.0,1.0,2,0.1,nao,605000.0
I03683,casa,Industrial,158.0,4.0,3.0,1.0,27,0.8,sim,507000.0
I03684,apartamento,Industrial,68.0,2.0,2.0,1.0,7,0.4,nao,292000.0
I03685,apartamento,Vila Nova,74.0,2.0,1.0,,37,0.3,nao,278000.0
I03686,apartamento,Centro,73.0,1.0,1.0,,40,2.6,nao,345000.0
I03687,casa,Industrial,133.0,3.0,3.0,2.0,3,0.9,nao,382000.0
I03688,casa,Jardins,207.0,6.0,3.0,2.0,5,0.2,nao,1921000.0
I03689,apartamento,Vila Nova,85.0,2.0,2.0,1.0,48,1.5,nao,280000.0
I03690,apartamento,Beira-Mar,73.0,3.0,1.0,1.0,23,2.5,nao,899000.0
I03691,apartamento,Beira-Mar,57.0,2.0,2.0,1.0,33,0.9,sim,657000.0
I03692,casa,Vila Nova,321.0,7.0,5.0,5.0,4,7.0,sim,1270000.0
I03693,apartamento,Vila Nova,118.0,3.0,2.0,1.0,48,0.2,nao,392000.0
I03694,casa,Industrial,97.0,3.0,2.0,1.0,35,,sim,231000.0
I03695,apartamento,Vila Nova,85.0,2.0,1.0,2.0,47,0.1,sim,377000.0
I03696,apartamento,Beira-Mar,107.0,1.0,1.0,1.0,3,6.1,nao,959000.0
I03697,casa,Centro,164.0,5.0,3.0,2.0,47,0.4,sim,1008000.0
I03698,apartamento,Vila Nova,69.0,3.0,2.0,0.0,31,6.5,nao,174000.0
I03699,casa,Centro,111.0,3.0,2.0,2.0,17,0.2,nao,636000.0
I03700,casa,Jardins,163.0,4.0,3.0,2.0,34,2.2,sim,1752000.0
I03701,apartamento,Vila Nova,50.0,2.0,2.0,1.0,38,0.3,nao,163000.0
I03702,apartamento,Vila Nova,60.0,1.0,1.0,2.0,9,0.7,nao,357000.0
I03703,apartamento,Centro,58.0,2.0,1.0,1.0,34,3.5,nao,249000.0
I03704,casa,Centro,165.0,4.0,3.0,2.0,11,0.9,nao,945000.0
I03705,apartamento,Centro,111.0,4.0,3.0,1.0,31,0.2,nao,717000.0
I03706,apartamento,Jardins,58.0,1.0,1.0,1.0,49,5.7,nao,339000.0
I03707,apartamento,Centro,60.0,2.0,1.0,0.0,16,0.1,nao,327000.0
I03708,apartamento,Beira-Mar,109.0,4.0,3.0,0.0,6,5.8,nao,948000.0
I03709,apartamento,Industrial,57.0,2.0,2.0,1.0,25,0.7,nao,140000.0
I03710,apartamento,Centro,26.0,1.0,1.0,0.0,41,3.4,nao,91000.0
I03711,casa,Vila Nova,264.0,7.0,4.0,4.0,12,6.7,nao,1054000.0
I03712,casa,Vila Nova,196.0,6.0,4.0,3.0,35,1.8,nao,683000.0
I03713,apartamento,Centro,92.0,3.0,2.0,1.0,23,0.1,nao,680000.0
I03714,apartamento,Vila Nova,79.0,2.0,1.0,1.0,10,1.5,nao,331000.0
I03715,casa,Beira-Mar,134.0,4.0,2.0,2.0,25,0.2,nao,1298000.0
I03716,casa,Industrial,72.0,2.0,2.0,1.0,44,0.2,nao,165000.0
I03717,casa,Jardins,128.0,2.0,2.0,2.0,47,7.2,nao,645000.0
I03718,apartamento,Centro,64.0,1.0,1.0,0.0,3,1.3,nao,388000.0
I03719,casa,Industrial,132.0,5.0,4.0,2.0,48,0.6,sim,311000.0
I03720,casa,Industrial,169.0,4.0,3.0,2.0,28,0.6,nao,492000.0
I03721,casa,Jardins,234.0,6.0,4.0,3.0,17,3.5,sim,2296000.0
I03722,casa,Centro,134.0,2.0,2.0,2.0,8,10.2,sim,713000.0
I03723,casa,Beira-Mar,128.0,4.0,3.0,3.0,36,0.4,sim,1949000.0
I03724,apartamento,Jardins,117.0,4.0,2.0,1.0,28,0.2,nao,1011000.0
I03725,apartamento,Beira-Mar,52.0,3.0,2.0,,46,7.8,nao,325000.0
I03726,casa,Centro,136.0,4.0,3.0,2.0,29,5.6,nao,803000.0
I03727,apartamento,Vila Nova,70.0,3.0,2.0,1.0,20,2.6,nao,230000.0
I03728,apartamento,Jardins,52.0,1.0,2.0,-0.0,0,3.5,sim,645000.0
I03729,apartamento,Vila Nova,61.0,1.0,1.0,2.0,9,0.2,nao,350000.0
I03730,casa,Beira-Mar,123.0,5.0,4.0,2.0,40,2.4,nao,867000.0
I03731,apartamento,Industrial,91.0,3.0,2.0,1.0,0,1.4,nao,297000.0
I03732,apartamento,Jardins,62.0,2.0,2.0,1.0,9,1.0,sim,914000.0
I03733,casa,Centro,126.0,5.0,4.0,1.0,39,0.8,nao,638000.0
I03734,apartamento,Industrial,81.0,2.0,1.0,1.0,5,5.9,sim,226000.0
I03735,casa,Vila Nova,116.0,3.0,2.0,2.0,40,3.4,nao,326000.0
I03736,casa,Industrial,100.0,3.0,2.0,1.0,39,0.3,nao,200000.0
I03737,apartamento,Industrial,175.0,5.0,3.0,3.0,43,0.1,nao,532000.0
I03738,casa,Vila Nova,135.0,3.0,2.0,3.0,8,0.9,nao,777000.0
I03739,apartamento,Centro,75.0,3.0,2.0,1.0,4,0.5,nao,570000.0
I03740,apartamento,Jardins,63.0,2.0,1.0,-0.0,49,0.2,nao,446000.0
I03741,casa,Vila Nova,82.0,2.0,1.0,1.0,16,2.5,nao,329000.0
I03742,apartamento,Beira-Mar,58.0,1.0,1.0,1.0,46,2.1,sim,533000.0
I03743,casa,Jardins,93.0,2.0,1.0,2.0,4,1.5,sim,1158000.0
I03744,casa,Vila Nova,167.0,4.0,3.0,2.0,4,3.3,nao,595000.0
I03745,apartamento,Centro,80.0,2.0,1.0,1.0,27,0.7,nao,401000.0
I03746,apartamento,Centro,85.0,3.0,3.0,1.0,28,0.8,nao,451000.0
I03747,apartamento,Centro,49.0,2.0,1.0,-0.0,26,1.1,nao,222000.0
I03748,casa,Centro,69.0,1.0,1.0,-0.0,30,0.8,nao,407000.0
I03749,apartamento,Centro,31.0,1.0,1.0,0.0,4,4.1,nao,163000.0
I03750,apartamento,Beira-Mar,79.0,3.0,2.0,0.0,4,2.4,nao,876000.0
I03751,apartamento,Industrial,60.0,2.0,2.0,1.0,28,2.1,nao,181000.0
I03752,apartamento,Industrial,44.0,1.0,1.0,1.0,47,0.1,nao,101000.0
I03753,casa,Jardins,167.0,4.0,3.0,2.0,47,2.8,sim,1044000.0
I03754,apartamento,Industrial,94.0,3.0,3.0,2.0,15,2.0,nao,274000.0
I03755,apartamento,Centro,68.0,2.0,1.0,1.0,14,2.6,nao,377000.0
I03756,casa,Vila Nova,113.0,3.0,3.0,1.0,3,1.5,nao,519000.0
I03757,apartamento,Vila Nova,64.0,2.0,1.0,1.0,39,2.6,nao,194000.0
I03758,apartamento,Jardins,104.0,3.0,2.0,2.0,48,3.6,nao,709000.0
I03759,apartamento,Centro,100.0,3.0,2.0,2.0,9,0.1,nao,748000.0
I03760,casa,Jardins,127.0,3.0,2.0,2.0,10,1.4,sim,1377000.0
I03761,casa,Centro,145.0,4.0,3.0,3.0,3,5.0,nao,1041000.0
I03762,apartamento,Beira-Mar,339.0,7.0,5.0,5.0,18,2.2,sim,5443000.0
I03763,casa,Industrial,289.0,7.0,5.0,4.0,35,2.3,sim,914000.0
I03764,apartamento,Centro,70.0,2.0,1.0,1.0,25,1.4,nao,462000.0
I03765,casa,Beira-Mar,228.0,6.0,4.0,2.0,38,4.1,sim,2198000.0
I03766,apartamento,Industrial,79.0,1.0,1.0,2.0,13,0.8,nao,206000.0
I03767,apartamento,Jardins,116.0,3.0,2.0,1.0,39,1.8,sim,1186000.0
I03768,casa,Vila Nova,108.0,3.0,1.0,1.0,43,0.1,nao,325000.0
I03769,apartamento,Centro,90.0,2.0,1.0,1.0,2,0.1,nao,665000.0
I03770,apartamento,Centro,99.0,3.0,2.0,1.0,26,2.5,nao,474000.0
I03771,apartamento,Vila Nova,69.0,2.0,1.0,1.0,42,6.3,nao,197000.0
I03772,apartamento,Jardins,60.0,1.0,2.0,1.0,29,1.1,sim,531000.0
I03773,apartamento,Industrial,75.0,1.0,1.0,2.0,17,1.3,nao,247000.0
I03774,casa,Industrial,86.0,3.0,2.0,2.0,35,8.9,nao,169000.0
I03775,apartamento,Centro,60.0,2.0,1.0,1.0,37,1.6,sim,297000.0
I03776,apartamento,Centro,57.0,1.0,1.0,1.0,48,5.4,nao,193000.0
I03777,apartamento,Centro,93.0,3.0,2.0,2.0,43,1.8,nao,397000.0
I03778,apartamento,Vila Nova,83.0,2.0,2.0,1.0,38,0.7,nao,378000.0
I03779,apartamento,Jardins,87.0,2.0,2.0,2.0,13,0.5,sim,1052000.0
I03780,apartamento,Vila Nova,105.0,2.0,1.0,2.0,9,0.5,nao,529000.0
I03781,apartamento,Vila Nova,47.0,2.0,1.0,1.0,3,0.1,nao,218000.0
I03782,casa,Centro,244.0,7.0,5.0,4.0,38,1.1,nao,1287000.0
I03783,apartamento,Beira-Mar,95.0,2.0,2.0,2.0,18,0.1,sim,1075000.0
I03784,apartamento,Jardins,43.0,1.0,1.0,2.0,28,7.3,nao,321000.0
I03785,apartamento,Vila Nova,91.0,2.0,1.0,,9,0.8,nao,415000.0
I03786,casa,Industrial,169.0,4.0,2.0,2.0,45,3.9,sim,390000.0
I03787,apartamento,Centro,80.0,2.0,2.0,1.0,41,0.5,nao,433000.0
I03788,apartamento,Vila Nova,50.0,1.0,1.0,0.0,48,0.4,nao,213000.0
I03789,apartamento,Industrial,69.0,2.0,1.0,2.0,29,1.8,nao,170000.0
I03790,apartamento,Centro,87.0,3.0,1.0,3.0,48,0.5,nao,481000.0
I03791,apartamento,Vila Nova,70.0,2.0,2.0,1.0,22,3.3,nao,255000.0
I03792,apartamento,Centro,44.0,1.0,1.0,1.0,32,7.5,nao,137000.0
I03793,apartamento,Jardins,61.0,1.0,1.0,1.0,38,1.3,nao,667000.0
I03794,apartamento,Beira-Mar,79.0,2.0,1.0,1.0,37,0.4,nao,703000.0
I03795,apartamento,Industrial,65.0,3.0,2.0,2.0,37,0.9,nao,185000.0
I03796,casa,Industrial,268.0,7.0,5.0,3.0,20,,nao,887000.0
I03797,casa,Beira-Mar,181.0,6.0,4.0,3.0,38,1.0,nao,1891000.0
I03798,casa,Industrial,178.0,4.0,2.0,3.0,42,0.1,sim,861000.0
I03799,casa,Centro,148.0,4.0,2.0,2.0,14,0.5,nao,984000.0
I03800,apartamento,Beira-Mar,60.0,1.0,1.0,-0.0,1,4.8,nao,591000.0
I03801,casa,Vila Nova,252.0,7.0,5.0,2.0,46,1.3,sim,981000.0
I03802,apartamento,Centro,61.0,2.0,1.0,0.0,24,0.1,nao,355000.0
I03803,apartamento,Jardins,71.0,1.0,1.0,2.0,2,1.0,nao,941000.0
I03804,apartamento,Jardins,68.0,1.0,1.0,2.0,44,0.5,nao,652000.0
I03805,apartamento,Vila Nova,43.0,1.0,1.0,-0.0,3,0.2,nao,209000.0
I03806,apartamento,Vila Nova,81.0,2.0,2.0,2.0,48,2.5,sim,325000.0
I03807,casa,Industrial,196.0,4.0,3.0,2.0,33,5.2,nao,505000.0
I03808,apartamento,Centro,57.0,2.0,1.0,0.0,43,2.7,nao,243000.0
I03809,apartamento,Vila Nova,63.0,2.0,1.0,1.0,10,0.8,nao,338000.0
I03810,apartamento,Centro,52.0,2.0,3.0,1.0,0,0.2,nao,371000.0
I03811,apartamento,Industrial,131.0,2.0,2.0,1.0,14,2.7,nao,406000.0
I03812,apartamento,Jardins,81.0,2.0,1.0,1.0,34,1.5,nao,583000.0
I03813,apartamento,Jardins,111.0,3.0,2.0,2.0,33,4.7,sim,842000.0
I03814,apartamento,Jardins,60.0,2.0,3.0,0.0,30,3.9,nao,515000.0
I03815,apartamento,Centro,85.0,2.0,1.0,2.0,30,2.1,nao,492000.0
I03816,apartamento,Centro,40.0,1.0,1.0,1.0,0,0.2,nao,293000.0
I03817,apartamento,Jardins,57.0,2.0,1.0,0.0,23,0.5,nao,599000.0
I03818,casa,Centro,285.0,7.0,5.0,4.0,14,0.4,nao,2245000.0
I03819,apartamento,Vila Nova,81.0,3.0,2.0,2.0,45,0.5,nao,304000.0
I03820,casa,Centro,125.0,2.0,1.0,1.0,3,8.6,sim,583000.0
I03821,casa,Vila Nova,73.0,3.0,1.0,0.0,13,0.1,nao,327000.0
I03822,casa,Centro,149.0,5.0,4.0,1.0,27,1.2,nao,843000.0
I03823,apartamento,Jardins,60.0,2.0,2.0,2.0,43,0.2,nao,540000.0
I03824,casa,Beira-Mar,188.0,6.0,4.0,3.0,33,2.7,nao,2362000.0
I03825,apartamento,Industrial,42.0,3.0,2.0,0.0,10,4.3,nao,100000.0
I03826,apartamento,Jardins,96.0,3.0,3.0,1.0,36,0.2,nao,877000.0
I03827,apartamento,Vila Nova,60.0,2.0,2.0,1.0,41,,nao,202000.0
I03828,apartamento,Vila Nova,49.0,2.0,2.0,1.0,5,3.9,nao,195000.0
I03829,casa,Jardins,149.0,3.0,3.0,2.0,35,0.2,sim,1374000.0
I03830,apartamento,Jardins,132.0,5.0,4.0,1.0,25,3.0,nao,1145000.0
I03831,apartamento,Vila Nova,90.0,3.0,2.0,1.0,37,0.5,nao,318000.0
I03832,casa,Centro,156.0,5.0,3.0,2.0,20,0.2,nao,889000.0
I03833,apartamento,Vila Nova,58.0,2.0,2.0,1.0,17,1.8,nao,193000.0
I03834,apartamento,Jardins,115.0,3.0,3.0,2.0,26,0.8,sim,1441000.0
I03835,apartamento,Beira-Mar,79.0,3.0,3.0,1.0,48,0.3,nao,747000.0
I03836,casa,Beira-Mar,70.0,2.0,1.0,0.0,42,0.2,sim,722000.0
I03837,apartamento,Centro,91.0,3.0,2.0,1.0,27,0.1,nao,486000.0
I03838,apartamento,Vila Nova,76.0,3.0,2.0,2.0,48,4.9,nao,233000.0
I03839,apartamento,Centro,67.0,2.0,1.0,0.0,26,0.2,nao,391000.0
I03840,apartamento,Centro,108.0,2.0,1.0,3.0,2,0.1,nao,919000.0
I03841,casa,Jardins,108.0,2.0,1.0,2.0,41,5.8,nao,630000.0
I03842,apartamento,Centro,58.0,1.0,1.0,1.0,13,0.8,nao,341000.0
I03843,apartamento,Industrial,66.0,2.0,1.0,-0.0,26,2.0,nao,179000.0
I03844,casa,Vila Nova,161.0,5.0,4.0,3.0,47,0.8,sim,630000.0
I03845,apartamento,Vila Nova,56.0,1.0,1.0,0.0,35,4.8,nao,162000.0
I03846,apartamento,Centro,49.0,1.0,1.0,1.0,32,6.0,sim,211000.0
I03847,casa,Industrial,130.0,3.0,2.0,1.0,42,0.1,nao,305000.0
I03848,apartamento,Jardins,59.0,1.0,1.0,1.0,36,2.5,sim,596000.0
I03849,apartamento,Jardins,124.0,4.0,3.0,1.0,21,2.1,nao,1236000.0
I03850,apartamento,Industrial,34.0,1.0,1.0,1.0,21,4.0,sim,101000.0
I03851,apartamento,Vila Nova,95.0,3.0,3.0,2.0,26,0.6,sim,506000.0
I03852,apartamento,Vila Nova,34.0,2.0,2.0,1.0,6,3.2,nao,124000.0
I03853,casa,Industrial,135.0,4.0,3.0,2.0,36,5.4,nao,356000.0
I03854,casa,Jardins,95.0,4.0,3.0,2.0,19,0.6,sim,1335000.0
I03855,apartamento,Jardins,40.0,1.0,1.0,1.0,18,3.1,nao,310000.0
I03856,casa,Jardins,221.0,5.0,3.0,3.0,2,1.6,nao,2375000.0
I03857,apartamento,Centro,90.0,1.0,1.0,2.0,9,0.3,nao,691000.0
I03858,apartamento,Industrial,71.0,2.0,1.0,2.0,6,10.8,nao,167000.0
I03859,casa,Jardins,145.0,2.0,2.0,2.0,44,0.3,sim,1191000.0
I03860,apartamento,Centro,53.0,3.0,2.0,-0.0,28,0.1,sim,339000.0
I03861,casa,Beira-Mar,118.0,4.0,3.0,2.0,13,1.1,nao,1468000.0
I03862,apartamento,Industrial,55.0,2.0,1.0,1.0,24,6.7,nao,108000.0
I03863,casa,Beira-Mar,116.0,2.0,1.0,1.0,43,3.1,sim,958000.0
I03864,apartamento,Jardins,64.0,1.0,1.0,0.0,18,1.9,sim,699000.0
I03865,apartamento,Centro,111.0,3.0,3.0,2.0,37,1.6,nao,698000.0
I03866,apartamento,Beira-Mar,85.0,2.0,1.0,1.0,31,0.2,nao,993000.0
I03867,apartamento,Vila Nova,77.0,2.0,2.0,1.0,38,0.9,nao,314000.0
I03868,apartamento,Centro,49.0,2.0,1.0,1.0,31,,nao,273000.0
I03869,apartamento,Industrial,81.0,1.0,1.0,2.0,50,2.1,nao,184000.0
I03870,apartamento,Vila Nova,29.0,1.0,1.0,0.0,35,0.6,nao,108000.0
I03871,apartamento,Vila Nova,55.0,2.0,1.0,1.0,16,0.1,nao,236000.0
I03872,casa,Jardins,90.0,4.0,3.0,1.0,19,1.2,sim,868000.0
I03873,apartamento,Centro,61.0,2.0,1.0,0.0,40,1.0,nao,295000.0
I03874,apartamento,Vila Nova,63.0,2.0,1.0,-0.0,35,2.9,nao,246000.0
I03875,apartamento,Jardins,60.0,1.0,1.0,1.0,11,2.5,sim,817000.0
I03876,casa,Centro,138.0,5.0,4.0,2.0,41,0.1,sim,1015000.0
I03877,apartamento,Centro,73.0,3.0,2.0,1.0,25,5.7,nao,296000.0
I03878,apartamento,Industrial,111.0,2.0,2.0,1.0,48,6.2,nao,240000.0
I03879,apartamento,Industrial,52.0,1.0,1.0,0.0,37,1.8,nao,127000.0
I03880,apartamento,Centro,52.0,1.0,1.0,1.0,5,1.1,nao,332000.0
I03881,apartamento,Jardins,67.0,2.0,2.0,0.0,4,1.1,nao,656000.0
I03882,apartamento,Beira-Mar,77.0,3.0,3.0,1.0,37,1.2,nao,636000.0
I03883,casa,Vila Nova,141.0,3.0,2.0,2.0,28,,sim,578000.0
I03884,apartamento,Jardins,132.0,3.0,3.0,1.0,6,4.1,nao,1336000.0
I03885,apartamento,Jardins,93.0,1.0,1.0,2.0,10,4.3,nao,762000.0
I03886,apartamento,Industrial,112.0,2.0,2.0,1.0,20,0.9,sim,350000.0
I03887,casa,Centro,163.0,4.0,2.0,4.0,50,1.9,nao,770000.0
I03888,casa,Industrial,143.0,3.0,2.0,2.0,23,1.5,sim,553000.0
I03889,apartamento,Jardins,29.0,3.0,2.0,1.0,43,2.2,sim,183000.0
I03890,apartamento,Centro,71.0,1.0,1.0,1.0,3,2.0,nao,504000.0
I03891,apartamento,Beira-Mar,62.0,1.0,1.0,1.0,33,0.1,nao,686000.0
I03892,casa,Industrial,125.0,3.0,3.0,1.0,22,1.8,nao,355000.0
I03893,apartamento,Industrial,98.0,3.0,2.0,1.0,18,5.1,nao,192000.0
I03894,casa,Vila Nova,87.0,2.0,1.0,1.0,13,2.6,sim,348000.0
I03895,casa,Beira-Mar,202.0,4.0,3.0,2.0,44,4.0,nao,1463000.0
I03896,apartamento,Jardins,86.0,2.0,3.0,1.0,16,1.9,nao,678000.0
I03897,apartamento,Jardins,75.0,3.0,2.0,1.0,50,0.9,nao,688000.0
I03898,casa,Industrial,183.0,3.0,2.0,3.0,28,,sim,685000.0
I03899,apartamento,Vila Nova,37.0,2.0,2.0,-0.0,37,2.5,sim,152000.0
I03900,apartamento,Vila Nova,79.0,2.0,2.0,1.0,34,2.0,nao,319000.0
I03901,apartamento,Vila Nova,41.0,1.0,1.0,0.0,7,1.2,nao,151000.0
I03902,casa,Jardins,156.0,5.0,4.0,2.0,44,1.0,sim,1093000.0
I03903,casa,Industrial,90.0,2.0,2.0,2.0,32,0.2,nao,290000.0
I03904,apartamento,Jardins,52.0,2.0,2.0,0.0,37,0.1,nao,367000.0
I03905,apartamento,Centro,59.0,2.0,1.0,1.0,29,2.8,nao,320000.0
I03906,casa,Centro,124.0,2.0,1.0,2.0,39,0.1,sim,649000.0
I03907,casa,Industrial,146.0,4.0,2.0,2.0,22,5.5,nao,310000.0
I03908,apartamento,Jardins,88.0,2.0,1.0,3.0,38,2.4,nao,752000.0
I03909,casa,Industrial,317.0,7.0,6.0,5.0,48,1.2,nao,746000.0
I03910,apartamento,Centro,54.0,1.0,1.0,1.0,4,6.5,nao,214000.0
I03911,casa,Centro,143.0,4.0,3.0,2.0,1,8.0,nao,704000.0
I03912,casa,Industrial,132.0,4.0,3.0,3.0,18,3.4,sim,571000.0
I03913,casa,Jardins,94.0,3.0,3.0,1.0,1,0.7,sim,1187000.0
I03914,apartamento,Beira-Mar,34.0,2.0,1.0,0.0,28,0.5,nao,300000.0
I03915,casa,Vila Nova,98.0,2.0,1.0,1.0,48,,sim,306000.0
I03916,apartamento,Vila Nova,56.0,1.0,1.0,1.0,20,1.5,nao,233000.0
I03917,casa,Vila Nova,119.0,2.0,1.0,2.0,32,,sim,539000.0
I03918,apartamento,Beira-Mar,41.0,1.0,1.0,1.0,42,1.9,nao,328000.0
I03919,apartamento,Vila Nova,61.0,1.0,1.0,-0.0,3,0.3,nao,340000.0
I03920,apartamento,Jardins,64.0,3.0,1.0,1.0,26,1.8,nao,521000.0
I03921,apartamento,Vila Nova,50.0,2.0,1.0,1.0,29,1.1,nao,204000.0
I03922,apartamento,Centro,89.0,3.0,2.0,2.0,3,1.2,nao,802000.0
I03923,casa,Jardins,75.0,2.0,1.0,1.0,39,5.8,nao,431000.0
I03924,casa,Centro,150.0,5.0,4.0,1.0,8,1.4,nao,1175000.0
I03925,apartamento,Industrial,63.0,2.0,2.0,2.0,19,0.4,nao,224000.0
I03926,apartamento,Vila Nova,70.0,2.0,2.0,1.0,40,2.3,nao,225000.0
I03927,casa,Centro,158.0,3.0,2.0,2.0,36,0.4,sim,920000.0
I03928,apartamento,Industrial,76.0,2.0,2.0,1.0,44,2.3,nao,163000.0
I03929,apartamento,Jardins,34.0,1.0,1.0,1.0,36,14.0,nao,123000.0
I03930,casa,Centro,125.0,3.0,2.0,2.0,50,8.2,nao,254000.0
I03931,apartamento,Centro,80.0,2.0,2.0,1.0,18,1.0,nao,446000.0
I03932,apartamento,Vila Nova,81.0,1.0,1.0,1.0,39,0.3,sim,268000.0
I03933,casa,Centro,103.0,3.0,1.0,1.0,16,0.2,nao,551000.0
I03934,apartamento,Vila Nova,47.0,1.0,1.0,0.0,39,1.6,nao,181000.0
I03935,apartamento,Industrial,83.0,2.0,2.0,1.0,48,1.4,sim,204000.0
I03936,casa,Jardins,162.0,4.0,2.0,3.0,17,0.1,nao,2113000.0
I03937,apartamento,Industrial,47.0,2.0,1.0,0.0,20,1.0,nao,126000.0
I03938,casa,Centro,87.0,4.0,3.0,2.0,35,0.2,sim,594000.0
I03939,casa,Vila Nova,118.0,2.0,1.0,2.0,35,0.1,sim,511000.0
I03940,apartamento,Industrial,52.0,2.0,2.0,1.0,23,2.3,nao,138000.0
I03941,apartamento,Vila Nova,71.0,1.0,1.0,1.0,4,0.6,nao,426000.0
I03942,casa,Beira-Mar,217.0,5.0,3.0,3.0,39,0.1,nao,2957000.0
I03943,apartamento,Vila Nova,44.0,1.0,1.0,1.0,38,1.7,sim,169000.0
I03944,casa,Centro,128.0,4.0,3.0,2.0,1,0.7,nao,788000.0
I03945,casa,Industrial,103.0,3.0,2.0,1.0,3,3.2,sim,330000.0
I03946,apartamento,Centro,88.0,3.0,2.0,1.0,31,0.3,nao,529000.0
I03947,apartamento,Beira-Mar,90.0,1.0,1.0,2.0,1,1.9,nao,1293000.0
I03948,casa,Centro,98.0,2.0,2.0,1.0,15,1.1,sim,650000.0
I03949,apartamento,Vila Nova,98.0,2.0,1.0,2.0,48,0.2,nao,330000.0
I03950,apartamento,Vila Nova,90.0,2.0,1.0,2.0,31,4.8,nao,403000.0
I03951,apartamento,Vila Nova,63.0,2.0,2.0,1.0,46,,nao,172000.0
I03952,casa,Beira-Mar,174.0,4.0,3.0,3.0,45,2.3,nao,1504000.0
I03953,casa,Centro,83.0,3.0,2.0,1.0,14,1.2,nao,558000.0
I03954,apartamento,Jardins,130.0,3.0,2.0,2.0,32,1.0,sim,1189000.0
I03955,apartamento,Vila Nova,68.0,1.0,1.0,1.0,16,3.5,nao,271000.0
I03956,apartamento,Jardins,104.0,3.0,2.0,2.0,26,1.5,sim,1190000.0
I03957,casa,Vila Nova,108.0,3.0,2.0,1.0,17,0.7,nao,463000.0
I03958,apartamento,Centro,38.0,1.0,1.0,-0.0,16,5.2,nao,193000.0
I03959,apartamento,Vila Nova,79.0,3.0,2.0,1.0,33,0.4,nao,309000.0
I03960,apartamento,Jardins,52.0,1.0,1.0,1.0,47,1.6,nao,392000.0
I03961,casa,Centro,107.0,3.0,3.0,1.0,39,1.5,nao,455000.0
I03962,apartamento,Vila Nova,73.0,1.0,1.0,1.0,5,0.4,nao,301000.0
I03963,casa,Jardins,179.0,4.0,2.0,2.0,14,0.3,nao,1689000.0
I03964,apartamento,Vila Nova,76.0,1.0,1.0,1.0,9,0.8,nao,367000.0
I03965,apartamento,Centro,97.0,3.0,2.0,1.0,25,3.0,nao,552000.0
I03966,apartamento,Centro,62.0,1.0,1.0,1.0,46,1.9,nao,332000.0
I03967,casa,Jardins,215.0,5.0,3.0,2.0,11,5.0,nao,2153000.0
I03968,apartamento,Industrial,89.0,3.0,2.0,,38,1.2,nao,205000.0
I03969,apartamento,Centro,46.0,2.0,1.0,0.0,0,2.4,nao,252000.0
I03970,casa,Jardins,167.0,4.0,3.0,2.0,0,0.1,nao,1812000.0
I03971,apartamento,Beira-Mar,67.0,3.0,1.0,1.0,43,0.4,nao,663000.0
I03972,apartamento,Beira-Mar,50.0,1.0,2.0,1.0,21,1.4,nao,547000.0
I03973,casa,Jardins,163.0,4.0,3.0,3.0,33,1.7,sim,1718000.0
I03974,apartamento,Beira-Mar,77.0,3.0,2.0,1.0,39,1.4,nao,757000.0
I03975,apartamento,Beira-Mar,84.0,3.0,2.0,2.0,1,5.8,nao,1006000.0
I03976,casa,Jardins,91.0,1.0,1.0,2.0,49,0.1,nao,576000.0
I03977,casa,Vila Nova,62.0,1.0,1.0,1.0,46,2.9,nao,181000.0
I03978,apartamento,Jardins,59.0,2.0,2.0,1.0,40,0.8,nao,491000.0
I03979,casa,Vila Nova,121.0,3.0,2.0,3.0,46,1.9,nao,426000.0
I03980,apartamento,Vila Nova,79.0,2.0,1.0,2.0,19,1.8,nao,355000.0
I03981,casa,Vila Nova,52.0,1.0,1.0,-0.0,16,1.0,sim,275000.0
I03982,casa,Industrial,166.0,4.0,2.0,2.0,42,8.7,nao,279000.0
I03983,casa,Beira-Mar,177.0,2.0,2.0,2.0,45,1.9,nao,1310000.0
I03984,casa,Vila Nova,181.0,4.0,4.0,1.0,43,2.4,nao,481000.0
I03985,apartamento,Centro,89.0,2.0,1.0,1.0,17,1.9,nao,500000.0
I03986,casa,Centro,91.0,2.0,1.0,0.0,11,0.1,sim,525000.0
I03987,apartamento,Vila Nova,49.0,1.0,1.0,1.0,13,2.9,nao,254000.0
I03988,casa,Industrial,124.0,2.0,1.0,2.0,47,0.7,nao,352000.0
I03989,casa,Centro,126.0,4.0,3.0,2.0,19,1.3,nao,703000.0
I03990,casa,Industrial,96.0,4.0,3.0,1.0,18,1.4,nao,284000.0
I03991,casa,Vila Nova,142.0,5.0,4.0,2.0,19,4.0,nao,508000.0
I03992,casa,Jardins,157.0,5.0,3.0,2.0,12,0.4,sim,1771000.0
I03993,casa,Vila Nova,151.0,4.0,2.0,1.0,20,0.1,nao,587000.0
I03994,casa,Industrial,141.0,3.0,3.0,1.0,47,2.0,nao,316000.0
I03995,apartamento,Centro,77.0,2.0,1.0,1.0,17,0.2,nao,492000.0
I03996,casa,Industrial,123.0,4.0,2.0,2.0,35,0.4,nao,319000.0
I03997,apartamento,Centro,81.0,2.0,1.0,1.0,11,0.1,nao,530000.0
I03998,apartamento,Beira-Mar,78.0,4.0,3.0,2.0,43,0.4,sim,1008000.0
I03999,casa,Beira-Mar,103.0,1.0,1.0,1.0,26,2.4,sim,965000.0
I04000,apartamento,Vila Nova,129.0,3.0,2.0,2.0,22,3.4,nao,488000.0
